person_uri,labelPer,birthYear,gender,labelPlace,geometry,REGION,NAME_ENGL,coded_country,periodsActivity,pk_person_features,occupation_sec1,coded_employer
http://www.wikidata.org/entity/Q2993155,Konstantin Kavelin,1818,male,Saint Petersburg,POINT (30.316667 59.95),European Russia,Russian Federation,Russian Federation,1846-1870,11704,historian,publisher
http://www.wikidata.org/entity/Q555693,Timofey Granovsky,1813,male,Oryol,POINT (36.069444 52.968611),European Russia,Russian Federation,Russian Federation,1846-1870,14217,university-teacher,university
http://www.wikidata.org/entity/Q144535,Herbert Spencer,1820,male,Derby,POINT (-1.476667 52.921667),Northern Europe,United Kingdom,United Kingdom,1846-1870,8360,writer,other
http://www.wikidata.org/entity/Q61956,Lorenz von Stein,1815,male,Borby,POINT (9.83528 54.48),Western Europe,Germany,Germany,1846-1870,15540,university-teacher,agency
http://www.wikidata.org/entity/Q9061,Karl Marx,1818,male,Trier,POINT (6.63935 49.75565),Western Europe,Germany,Germany,1846-1870,17392,writer,newspaper
http://www.wikidata.org/entity/Q179126,John Ruskin,1819,male,London,POINT (-0.1275 51.507222),Northern Europe,United Kingdom,United Kingdom,1846-1870,9514,university-teacher,education
http://www.wikidata.org/entity/Q1195523,Henry James Sumner Maine,1822,male,Kelso,POINT (-2.4336 55.5985),Northern Europe,United Kingdom,United Kingdom,1846-1870,6135,writer,education
http://www.wikidata.org/entity/Q1803058,Roberto Ardigò,1828,male,Casteldidone,POINT (10.4 45.066667),Southern Europe,Italy,Italy,1871-1895,9538,politician,university
http://www.wikidata.org/entity/Q369022,Walter Bagehot,1826,male,Langport,POINT (-2.827453 51.037625),Northern Europe,United Kingdom,United Kingdom,1871-1895,12628,writer,other
http://www.wikidata.org/entity/Q5819554,Eduardo Pérez Pujol,1830,male,Salamanca,POINT (-5.664167 40.965),Southern Europe,Spain,Spain Port.,1871-1895,14791,university-teacher,publisher
http://www.wikidata.org/entity/Q6220990,John Bascom,1827,male,Genoa,POINT (-76.533333 42.666667),Northern America,United States,United States Can.,1871-1895,15586,writer,education
http://www.wikidata.org/entity/Q61674,Friedrich Albert Lange,1828,male,Wald,POINT (7.04222 51.1817),Western Europe,Germany,Germany,1871-1895,15477,university-teacher,publisher
http://www.wikidata.org/entity/Q286125,Émile Louis Victor de Laveleye,1822,male,Bruges,POINT (3.224167 51.208889),Western Europe,Belgium,Belgium Netherl.,1846-1870,11481,university-teacher,publisher
http://www.wikidata.org/entity/Q533746,Ludwig Gumplowicz,1838,male,Kraków,POINT (19.937222 50.061389),Eastern Europe,Poland,Poland,1871-1895,13968,politician,publisher
http://www.wikidata.org/entity/Q4292405,Léon Metchnikoff,1838,male,Saint Petersburg,POINT (30.316667 59.95),European Russia,Russian Federation,Russian Federation,1871-1895,13047,university-teacher,publisher
http://www.wikidata.org/entity/Q3903853,Pietro Ellero,1833,male,Pordenone,POINT (12.6563 45.9626),Southern Europe,Italy,Italy,1871-1895,12763,politician,publisher
http://www.wikidata.org/entity/Q76583,Eugen Dühring,1833,male,Berlin,POINT (13.383333 52.516667),Western Europe,Germany,Germany,1871-1895,16769,university-teacher,publisher
http://www.wikidata.org/entity/Q3938271,Robert Flint,1838,male,Dumfries,POINT (-3.616667 55.066667),Northern Europe,United Kingdom,United Kingdom,1871-1895,12778,writer,publisher
http://www.wikidata.org/entity/Q3131351,Henri Joly,1839,male,Auxerre,POINT (3.566945 47.7975),Western Europe,France,France,1871-1895,11999,university-teacher,education
http://www.wikidata.org/entity/Q141037,Edward Burnett Tylor,1832,male,Camberwell,POINT (-0.0912 51.4736),Northern Europe,United Kingdom,United Kingdom,1871-1895,8321,writer,education
http://www.wikidata.org/entity/Q18176269,Ignacio Ferrán y Rivas,1839,male,Barcelona,POINT (2.176944 41.3825),Southern Europe,Spain,Spain Port.,1871-1895,9559,philosopher,education
http://www.wikidata.org/entity/Q1356390,William Graham Sumner,1840,male,Paterson,POINT (-74.172222 40.916667),Northern America,United States,United States Can.,1871-1895,7978,university-teacher,education
http://www.wikidata.org/entity/Q2294066,Carlo Francesco Gabba,1835,male,Lodi,POINT (9.5 45.316667),Southern Europe,Italy,Italy,1871-1895,10650,university-teacher,publisher
http://www.wikidata.org/entity/Q274965,Émile Boutmy,1835,male,Paris,POINT (2.352222 48.856667),Western Europe,France,France,1871-1895,11257,writer,school
http://www.wikidata.org/entity/Q64383,Wilhelm Lexis,1837,male,Eschweiler,POINT (6.283333 50.816667),Western Europe,Germany,Germany,1871-1895,15832,university-teacher,publisher
http://www.wikidata.org/entity/Q13054877,Степан Паласанян,1837,male,Botoșani,POINT (26.669444 47.748611),Eastern Europe,Romania,Central Europe,1871-1895,7411,historian,school
http://www.wikidata.org/entity/Q60080,Wilhelm Dilthey,1833,male,Biebrich,POINT (8.240833 50.0475),Western Europe,Germany,Germany,1871-1895,15212,university-teacher,publisher
http://www.wikidata.org/entity/Q61482036,Raffaele Schiattarella,1839,male,Naples,POINT (14.248611 40.835833),Southern Europe,Italy,Italy,1871-1895,15449,philosopher,publisher
http://www.wikidata.org/entity/Q70650,Albert Schäffle,1831,male,Nürtingen,POINT (9.335278 48.626667),Western Europe,Germany,Germany,1871-1895,16355,university-teacher,publisher
http://www.wikidata.org/entity/Q9342825,Stanisław Piotrowski,1849,male,Warsaw,POINT (21.011111 52.23),Eastern Europe,Poland,Poland,1871-1895,17746,economist,GLAM
http://www.wikidata.org/entity/Q315372,Gabriel Tarde,1843,male,Sarlat-la-Canéda,POINT (1.216667 44.89),Western Europe,France,France,1871-1895,12020,philosopher,education
http://www.wikidata.org/entity/Q1528676,Giuseppe Toniolo,1845,male,Treviso,POINT (12.242219 45.672219),Southern Europe,Italy,Italy,1871-1895,8499,university-teacher,publisher
http://www.wikidata.org/entity/Q1047237,Fedir Szczerbyna,1849,male,Novoderevyankovskaya,POINT (38.75 46.316667),European Russia,Russian Federation,Russian Federation,1871-1895,341,writer,university
http://www.wikidata.org/entity/Q76762,Friedrich Ratzel,1844,male,Karlsruhe,POINT (8.4 49.016667),Western Europe,Germany,Germany,1871-1895,16781,university-teacher,publisher
http://www.wikidata.org/entity/Q77643,Karl Bücher,1847,male,Kirberg,POINT (8.16333 50.31),Western Europe,Germany,Germany,1871-1895,16813,university-teacher,publisher
http://www.wikidata.org/entity/Q727301,Sergey Muromtsev,1850,male,Saint Petersburg,POINT (30.316667 59.95),European Russia,Russian Federation,Russian Federation,1871-1895,16498,university-teacher,university
http://www.wikidata.org/entity/Q7258532,Nikolay Ivanovich Kareyev,1850,male,Moscow,POINT (37.6175 55.750556),European Russia,Russian Federation,Russian Federation,1871-1895,16495,historian,school
http://www.wikidata.org/entity/Q1316427,George Elliott Howard,1849,male,Saratoga,POINT (-73.65 43.05),Northern America,United States,United States Can.,1871-1895,7547,university-teacher,education
http://www.wikidata.org/entity/Q2835129,Alfred Espinas,1844,male,Saint-Florentin,POINT (3.725 48.001944),Western Europe,France,France,1871-1895,11420,philosopher,institution
http://www.wikidata.org/entity/Q135643876,Christophe Allard,1849,male,Rouen,POINT (1.1025 49.443056),Western Europe,France,France,1871-1895,7981,university-teacher,organization
http://www.wikidata.org/entity/Q679184,Lester Frank Ward,1841,male,Joliet,POINT (-88.0834 41.52519),Northern America,United States,United States Can.,1871-1895,16216,writer,education
http://www.wikidata.org/entity/Q1891695,Manuel Sales y Ferré,1843,male,Ulldecona,POINT (0.44816 40.59805),Southern Europe,Spain,Spain Port.,1871-1895,9762,university-teacher,education
http://www.wikidata.org/entity/Q11031,Vilfredo Pareto,1848,male,Paris,POINT (2.352222 48.856667),Western Europe,France,France,1871-1895,1184,university-teacher,publisher
http://www.wikidata.org/entity/Q78492,Tomáš Garrigue Masaryk,1850,male,Hodonín,POINT (17.132439 48.848951),Eastern Europe,Czechia,Czechia,1871-1895,16854,university-teacher,education
http://www.wikidata.org/entity/Q635387,Alexandru Dimitrie Xenopol,1847,male,Iași,POINT (27.588889 47.162222),Eastern Europe,Romania,Central Europe,1871-1895,15745,university-teacher,education
http://www.wikidata.org/entity/Q11430430,Toyama Masakazu,1848,male,Tokyo,POINT (139.691667 35.689444),Eastern Asia,Japan,Japan,1871-1895,5269,politician,university
http://www.wikidata.org/entity/Q3870254,Napoleone Colajanni,1847,male,Enna,POINT (14.266667 37.566667),Southern Europe,Italy,Italy,1871-1895,12748,writer,publisher
http://www.wikidata.org/entity/Q15982611,Frederic George Young,1858,male,Burnett,POINT (-88.706944 43.504722),Northern America,United States,United States Can.,1896-1920,8761,university-teacher,education
http://www.wikidata.org/entity/Q21163,Ferdinand Tönnies,1855,male,Oldenswort,POINT (8.94025 54.372419),Western Europe,Germany,Germany,1896-1920,10358,university-teacher,agency
http://www.wikidata.org/entity/Q131805,John Dewey,1859,male,Burlington,POINT (-73.231483 44.487625),Northern America,United States,United States Can.,1896-1920,7570,writer,education
http://www.wikidata.org/entity/Q15305011,Alfonso Asturaro,1854,male,Catanzaro,POINT (16.5875 38.91),Southern Europe,Italy,Italy,1896-1920,8510,university-teacher,publisher
http://www.wikidata.org/entity/Q42156,Henri Bergson,1859,male,Paris,POINT (2.352222 48.856667),Western Europe,France,France,1896-1920,12964,writer,education
http://www.wikidata.org/entity/Q4196624,Viktor Ivanovsky,1854,male,Mamadış,POINT (51.41 55.716),European Russia,Russian Federation,Russian Federation,1896-1920,12948,university-teacher,university
http://www.wikidata.org/entity/Q15948,Émile Durkheim,1858,male,Épinal,POINT (6.451667 48.173611),Western Europe,France,France,1896-1920,8747,philosopher,education
http://www.wikidata.org/entity/Q16022898,Léopold Lacour,1854,male,former 10th arrondissement of Paris,POINT (2.329374 48.852668),Western Europe,France,France,1896-1920,8809,historian,facility
http://www.wikidata.org/entity/Q940942,Enrico Ferri,1856,male,San Benedetto Po,POINT (10.916667 45.033333),Southern Europe,Italy,Italy,1896-1920,17842,politician,publisher
http://www.wikidata.org/entity/Q73646,Thorstein Veblen,1857,male,Cato,POINT (-87.861111 44.142778),Northern America,United States,United States Can.,1896-1920,16596,writer,education
http://www.wikidata.org/entity/Q747613,Frank W. Blackmar,1854,male,Erie County,POINT (-80.1 42.1),Northern America,United States,United States Can.,1896-1920,16663,university-teacher,education
http://www.wikidata.org/entity/Q86845,Ignaz Jastrow,1856,male,Nakło nad Notecią,POINT (17.599444 53.138889),Eastern Europe,Poland,Poland,1896-1920,17188,university-teacher,publisher
http://www.wikidata.org/entity/Q454782,Albion Woodbury Small,1854,male,Buckfield,POINT (-70.36534 44.28951),Northern America,United States,United States Can.,1896-1920,13275,university-teacher,education
http://www.wikidata.org/entity/Q1387543,Maurice Hauriou,1856,male,Ladiville,POINT (-0.066389 45.515),Western Europe,France,France,1896-1920,8286,university-teacher,university
http://www.wikidata.org/entity/Q471300,Amilcare Puviani,1854,male,San Felice sul Panaro,POINT (11.141312 44.839338),Southern Europe,Italy,Italy,1896-1920,13399,economist,university
http://www.wikidata.org/entity/Q8189593,Adolfo González Posada,1860,male,Oviedo,POINT (-5.850278 43.3625),Southern Europe,Spain,Spain Port.,1896-1920,16981,university-teacher,university
http://www.wikidata.org/entity/Q977118,Anna J. Cooper,1858,female,Raleigh,POINT (-78.64 35.78),Northern America,United States,United States Can.,1896-1920,18892,writer,education
http://www.wikidata.org/entity/Q15829957,Christian Cherfils,1858,male,Martigny,POINT (-1.105278 48.614444),Western Europe,France,France,1896-1920,8708,writer,other
http://www.wikidata.org/entity/Q1356786,Ernesto Quesada,1858,male,Buenos Aires,POINT (-58.381944 -34.599722),South America,Argentina,South America,1896-1920,7986,university-teacher,publisher
http://www.wikidata.org/entity/Q76849,Georg Simmel,1858,male,Berlin,POINT (13.383333 52.516667),Western Europe,Germany,Germany,1896-1920,16787,university-teacher,publisher
http://www.wikidata.org/entity/Q2551919,Graham Wallas,1858,male,Sunderland,POINT (-1.380278 54.9),Northern Europe,United Kingdom,United Kingdom,1896-1920,11042,psychologist,education
http://www.wikidata.org/entity/Q76180,Paul Barth,1858,male,Baruth/Mark,POINT (13.501398 52.04637),Western Europe,Germany,Germany,1896-1920,16747,university-teacher,publisher
http://www.wikidata.org/entity/Q2576756,Spiru Haret,1851,male,Iași,POINT (27.588889 47.162222),Eastern Europe,Romania,Central Europe,1896-1920,11074,writer,education
http://www.wikidata.org/entity/Q3579993,Édouard Petit,1858,male,Marseille,POINT (5.376389 43.296667),Western Europe,France,France,1896-1920,12572,historian,school
http://www.wikidata.org/entity/Q381848,Patrick Geddes,1854,male,Ballater,POINT (-3.04942 57.0448),Northern Europe,United Kingdom,United Kingdom,1896-1920,12700,philosopher,publisher
http://www.wikidata.org/entity/Q606450,Aruga Nagao,1860,male,Osaka Prefecture,POINT (135.519861 34.686333),Eastern Asia,Japan,Japan,1896-1920,15281,university-teacher,education
http://www.wikidata.org/entity/Q332442,Sidney Webb,1859,male,London,POINT (-0.1275 51.507222),Northern Europe,United Kingdom,United Kingdom,1896-1920,12303,writer,education
http://www.wikidata.org/entity/Q181870,Franklin Henry Giddings,1855,male,Sherman,POINT (-73.5 41.583333),Northern America,United States,United States Can.,1896-1920,9560,university-teacher,education
http://www.wikidata.org/entity/Q324932,Lucien Lévy-Bruhl,1857,male,Paris,POINT (2.352222 48.856667),Western Europe,France,France,1896-1920,12160,university-teacher,institution
http://www.wikidata.org/entity/Q351527,Gaetano Mosca,1858,male,Palermo,POINT (13.361262 38.115658),Southern Europe,Italy,Italy,1896-1920,12523,writer,publisher
http://www.wikidata.org/entity/Q61954,Georg Jellinek,1851,male,Leipzig,POINT (12.374733 51.340632),Western Europe,Germany,Germany,1896-1920,15539,university-teacher,publisher
http://www.wikidata.org/entity/Q6376171,Katharine Coman,1857,female,Newark,POINT (-82.416779 40.063014),Northern America,United States,United States Can.,1896-1920,15763,university-teacher,education
http://www.wikidata.org/entity/Q18911929,Mary Roberts Coolidge,1860,female,Kingsbury,POINT (-86.7006 41.5267),Northern America,United States,United States Can.,1896-1920,9758,university-teacher,education
http://www.wikidata.org/entity/Q363367,Adolf Menzel,1857,male,Liberec,POINT (15.05 50.766667),Eastern Europe,Czechia,Czechia,1896-1920,12609,university-teacher,university
http://www.wikidata.org/entity/Q3172758,Jean Izoulet,1854,male,Miramont-de-Quercy,POINT (1.065833 44.230278),Western Europe,France,France,1896-1920,12096,professor,education
http://www.wikidata.org/entity/Q6037233,Simon Patten,1852,male,Sandwich,POINT (-88.61753 41.64961),Northern America,United States,United States Can.,1896-1920,15244,university-teacher,school
http://www.wikidata.org/entity/Q104193124,João Batista de Castro Rebelo Jr.,1853,male,Salvador,POINT (-38.492778 -12.983056),South America,Brazil,South America,1896-1920,284,politician,school
http://www.wikidata.org/entity/Q468172,Charles Cooley,1864,male,Ann Arbor,POINT (-83.748333 42.281389),Northern America,United States,United States Can.,1896-1920,13328,economist,education
http://www.wikidata.org/entity/Q463896,Jovan Cvijić,1865,male,Loznica,POINT (19.225833 44.533333),Southern Europe,Serbia,Central Europe,1896-1920,13305,university-teacher,publisher
http://www.wikidata.org/entity/Q85078,Max Herrmann,1865,male,Berlin,POINT (13.383333 52.516667),Western Europe,Germany,Germany,1896-1920,17087,historian,publisher
http://www.wikidata.org/entity/Q550792,Constantin Rădulescu-Motru,1868,male,Mehedinți County,POINT (22.88 44.63),Eastern Europe,Romania,Central Europe,1896-1920,14110,university-teacher,publisher
http://www.wikidata.org/entity/Q360252,René Worms,1869,male,Rennes,POINT (-1.680833 48.114167),Western Europe,France,France,1896-1920,12589,economist,institution
http://www.wikidata.org/entity/Q87209,Heinrich Cunow,1862,male,Schwerin,POINT (11.415 53.628889),Western Europe,Germany,Germany,1896-1920,17199,politician,publisher
http://www.wikidata.org/entity/Q9387,Max Weber,1864,male,Erfurt,POINT (11.028889 50.978056),Western Europe,Germany,Germany,1896-1920,17827,university-teacher,publisher
http://www.wikidata.org/entity/Q60285,Ernst Troeltsch,1865,male,Augsburg-Haunstetten,POINT (10.9042 48.3083),Western Europe,Germany,Germany,1896-1920,15232,university-teacher,publisher
http://www.wikidata.org/entity/Q1507280,George Edgar Vincent,1864,male,Rockford,POINT (-89.094 42.27113),Northern America,United States,United States Can.,1896-1920,8445,university-teacher,education
http://www.wikidata.org/entity/Q215139,Emily Greene Balch,1867,female,Jamaica Plain,POINT (-71.113055 42.3075),Northern America,United States,United States Can.,1896-1920,10427,university-teacher,education
http://www.wikidata.org/entity/Q919081,Robert Ezra Park,1864,male,Harveyville,POINT (-95.9622 38.7906),Northern America,United States,United States Can.,1896-1920,17505,university-teacher,education
http://www.wikidata.org/entity/Q4721595,Aleš Ušeničnik,1868,male,Poljane nad Škofjo Loko,POINT (14.184444 46.120833),Southern Europe,Slovenia,Central Europe,1896-1920,13416,university-teacher,publisher
http://www.wikidata.org/entity/Q1442648,Sebald Rudolf Steinmetz,1862,male,Breda,POINT (4.775833 51.588889),Western Europe,Netherlands,Belgium Netherl.,1896-1920,8350,university-teacher,institute
http://www.wikidata.org/entity/Q1323100,William Isaac Thomas,1863,male,Russell County,POINT (-82.1 36.94),Northern America,United States,United States Can.,1896-1920,7605,writer,education
http://www.wikidata.org/entity/Q722835,Edvard Westermarck,1862,male,Helsinki,POINT (24.9375 60.170833),Northern Europe,Finland,Baltic States Fin. Belar.,1896-1920,16484,university-teacher,education
http://www.wikidata.org/entity/Q720618,Scipio Sighele,1868,male,Brescia,POINT (10.220281 45.538889),Southern Europe,Italy,Italy,1896-1920,16473,university-teacher,publisher
http://www.wikidata.org/entity/Q42204361,Paul Lapie,1869,male,Montmort-Lucy,POINT (3.808611 48.924722),Western Europe,France,France,1896-1920,12967,university-teacher,university
http://www.wikidata.org/entity/Q710052,Célestin Bouglé,1870,male,Saint-Brieuc,POINT (-2.760278 48.513611),Western Europe,France,France,1896-1920,16378,university-teacher,institution
http://www.wikidata.org/entity/Q70917,Carl Grünberg,1861,male,Focșani,POINT (27.179722 45.699722),Eastern Europe,Romania,Central Europe,1896-1920,16377,university-teacher,organization
http://www.wikidata.org/entity/Q2871586,Augustin Hamon,1862,male,Nantes,POINT (-1.553889 47.217222),Western Europe,France,France,1896-1920,11501,philosopher,education
http://www.wikidata.org/entity/Q58031,Werner Sombart,1863,male,Ermsleben,POINT (11.349219 51.733089),Western Europe,Germany,Germany,1896-1920,14760,university-teacher,publisher
http://www.wikidata.org/entity/Q1291869,Edward C. Hayes,1868,male,Lewiston,POINT (-70.215278 44.100556),Northern America,United States,United States Can.,1896-1920,7321,university-teacher,education
http://www.wikidata.org/entity/Q57940,Franz Oppenheimer,1864,male,Berlin,POINT (13.383333 52.516667),Western Europe,Germany,Germany,1896-1920,14743,university-teacher,agency
http://www.wikidata.org/entity/Q295978,George Herbert Mead,1863,male,South Hadley,POINT (-72.575 42.258333),Northern America,United States,United States Can.,1896-1920,11667,university-teacher,education
http://www.wikidata.org/entity/Q39275121,Carl Kelsey,1870,male,Grinnell,POINT (-92.724722 41.743611),Northern America,United States,United States Can.,1896-1920,12770,other,education
http://www.wikidata.org/entity/Q263531,Leonard Trelawny Hobhouse,1864,male,St Ive,POINT (-4.382 50.48),Northern Europe,United Kingdom,United Kingdom,1896-1920,11136,university-teacher,education
http://www.wikidata.org/entity/Q6421184,Fernand Deschamps,1868,male,Châtelet,POINT (4.525278 50.403889),Western Europe,Belgium,Belgium Netherl.,1896-1920,15819,philosopher,education
http://www.wikidata.org/entity/Q553132,James Mark Baldwin,1861,male,Columbia,POINT (-81.044167 34.000555),Northern America,United States,United States Can.,1896-1920,14162,university-teacher,education
http://www.wikidata.org/entity/Q318151,Abe Isoo,1865,male,Fukuoka,POINT (130.401667 33.59),Eastern Asia,Japan,Japan,1896-1920,12116,university-teacher,education
http://www.wikidata.org/entity/Q5947009,Juan Agustín García,1862,male,Buenos Aires,POINT (-58.381944 -34.599722),South America,Argentina,South America,1896-1920,14997,university-teacher,school
http://www.wikidata.org/entity/Q444906,Edward Alsworth Ross,1866,male,Virden,POINT (-89.767778 39.500833),Northern America,United States,United States Can.,1896-1920,13170,university-teacher,education
http://www.wikidata.org/entity/Q5938854,José Cascales Muñoz,1865,male,Villafranca de los Barros,POINT (-6.339242 38.561336),Southern Europe,Spain,Spain Port.,1896-1920,14972,writer,education
http://www.wikidata.org/entity/Q11103183,Kelly Miller,1863,male,Winnsboro,POINT (-81.087959 34.377069),Northern America,United States,United States Can.,1896-1920,1317,writer,education
http://www.wikidata.org/entity/Q55743706,Romanzo Adams,1868,male,Clinton,POINT (-90.744444 43.666111),Northern America,United States,United States Can.,1896-1920,14356,university-teacher,education
http://www.wikidata.org/entity/Q2546101,Walter Schiff,1866,male,Vienna,POINT (16.3725 48.208333),Western Europe,Austria,Austria Hungary,1896-1920,11027,university-teacher,university
http://www.wikidata.org/entity/Q76514,Alfred Weber,1868,male,Erfurt,POINT (11.028889 50.978056),Western Europe,Germany,Germany,1896-1920,16763,university-teacher,publisher
http://www.wikidata.org/entity/Q76205,Friedrich von Gottl-Ottlilienfeld,1868,male,Vienna,POINT (16.3725 48.208333),Western Europe,Austria,Austria Hungary,1896-1920,16748,university-teacher,publisher
http://www.wikidata.org/entity/Q76143,Richard Thurnwald,1869,male,Vienna,POINT (16.3725 48.208333),Western Europe,Austria,Austria Hungary,1896-1920,16736,university-teacher,publisher
http://www.wikidata.org/entity/Q112502,Franz Eulenburg,1867,male,Berlin,POINT (13.383333 52.516667),Western Europe,Germany,Germany,1896-1920,3143,university-teacher,publisher
http://www.wikidata.org/entity/Q58878984,Susan Myra Kingsbury,1870,female,San Pablo,POINT (-122.345555 37.962222),Northern America,United States,United States Can.,1896-1920,14891,economist,education
http://www.wikidata.org/entity/Q2634091,Albert Jay Nock,1870,male,Scranton,POINT (-75.662412 41.408969),Northern America,United States,United States Can.,1896-1920,11134,journalist,education
http://www.wikidata.org/entity/Q1730777,Karl Dunkmann,1868,male,Aurich,POINT (7.483611 53.471389),Western Europe,Germany,Germany,1896-1920,9377,university-teacher,institute
http://www.wikidata.org/entity/Q1701606,John R. Commons,1862,male,Darke County,POINT (-84.62 40.13),Northern America,United States,United States Can.,1896-1920,9224,university-teacher,education
http://www.wikidata.org/entity/Q15987242,Břetislav Foustka,1862,male,Trpín,POINT (16.401652 49.595249),Eastern Europe,Czechia,Czechia,1896-1920,8763,university-teacher,publisher
http://www.wikidata.org/entity/Q1700913,John M. Gillette,1866,male,Maryville,POINT (-94.871111 40.345278),Northern America,United States,United States Can.,1896-1920,9221,university-teacher,education
http://www.wikidata.org/entity/Q1597181,Ulysses G. Weatherly,1865,male,West Newton,POINT (-86.2828 39.6531),Northern America,United States,United States Can.,1896-1920,8754,university-teacher,education
http://www.wikidata.org/entity/Q1818913,Leon Petrażycki,1867,male,Kalantajova,POINT (30.157778 54.762778),Eastern Europe,Belarus,Baltic States Fin. Belar.,1896-1920,9561,university-teacher,education
http://www.wikidata.org/entity/Q18910493,Jacob Dorsey Forrest,1866,male,Baltimore,POINT (-76.615 39.286389),Northern America,United States,United States Can.,1896-1920,9755,university-teacher,education
http://www.wikidata.org/entity/Q1681005,James Quayle Dealey,1861,male,Manchester,POINT (-2.233333 53.466667),Northern Europe,United Kingdom,United Kingdom,1896-1920,9141,university-teacher,education
http://www.wikidata.org/entity/Q158060,W. E. B. Du Bois,1868,male,Great Barrington,POINT (-73.3625 42.1958),Northern America,United States,United States Can.,1896-1920,8695,writer,education
http://www.wikidata.org/entity/Q101349,Kurt Breysig,1866,male,Poznań,POINT (16.933611 52.408333),Eastern Europe,Poland,Poland,1896-1920,87,university-teacher,publisher
http://www.wikidata.org/entity/Q16027076,Annie Marion MacLean,1869,female,Prince Edward Island,POINT (-63.2 46.4),Northern America,Canada,United States Can.,1896-1920,8812,university-teacher,education
http://www.wikidata.org/entity/Q8264138,Carlos Octavio Bunge,1875,male,Buenos Aires,POINT (-58.381944 -34.599722),South America,Argentina,South America,1896-1920,17007,university-teacher,university
http://www.wikidata.org/entity/Q113510182,Clayton C. Kohl,1875,male,Perrysburg,POINT (-83.63 41.550278),Northern America,United States,United States Can.,1896-1920,4377,professor,education
http://www.wikidata.org/entity/Q1581350,Heinz Marr,1876,male,Leipzig,POINT (12.374733 51.340632),Western Europe,Germany,Germany,1921-1945,8699,university-teacher,agency
http://www.wikidata.org/entity/Q1477449,John Lewis Gillin,1871,male,Linn County,POINT (-91.599722 42.078611),Northern America,United States,United States Can.,1896-1920,8398,university-teacher,education
http://www.wikidata.org/entity/Q89668,Johann Plenge,1874,male,Bremen,POINT (8.807222 53.075833),Western Europe,Germany,Germany,1896-1920,17335,university-teacher,publisher
http://www.wikidata.org/entity/Q89512,Frederick Hertz,1878,male,Vienna,POINT (16.3725 48.208333),Western Europe,Austria,Austria Hungary,1921-1945,17323,university-teacher,university
http://www.wikidata.org/entity/Q5669353,Harry H. Laughlin,1880,male,Oskaloosa,POINT (-92.644444 41.293889),Northern America,United States,United States Can.,1921-1945,14568,other,institute
http://www.wikidata.org/entity/Q220269,Dimitrie Gusti,1880,male,Iași,POINT (27.588889 47.162222),Eastern Europe,Romania,Central Europe,1921-1945,10551,university-teacher,publisher
http://www.wikidata.org/entity/Q87767,Inocenc Arnošt Bláha,1879,male,Krasoňov,POINT (15.3975 49.5019),Eastern Europe,Czechia,Czechia,1921-1945,17235,university-teacher,publisher
http://www.wikidata.org/entity/Q57314,Robert Michels,1876,male,Cologne,POINT (6.957778 50.942222),Western Europe,Germany,Germany,1921-1945,14658,university-teacher,publisher
http://www.wikidata.org/entity/Q2336155,Stefan Czarnowski,1879,male,Kroczewo,POINT (20.5597 52.47637),Eastern Europe,Poland,Poland,1921-1945,10708,university-teacher,university
http://www.wikidata.org/entity/Q139980,Oszkár Jászi,1875,male,Carei,POINT (22.47 47.69),Eastern Europe,Romania,Central Europe,1896-1920,8305,university-teacher,publisher
http://www.wikidata.org/entity/Q1374701,Ezra Dwight Sanderson,1878,male,Clio,POINT (-83.734167 43.1775),Northern America,United States,United States Can.,1921-1945,8195,university-teacher,education
http://www.wikidata.org/entity/Q33760,Bertrand Russell,1872,male,Trellech,POINT (-2.7256 51.745061),Northern Europe,United Kingdom,United Kingdom,1896-1920,12375,university-teacher,education
http://www.wikidata.org/entity/Q733019,José Ingenieros,1877,male,Palermo,POINT (13.361262 38.115658),Southern Europe,Italy,Italy,1921-1945,16562,university-teacher,university
http://www.wikidata.org/entity/Q2621509,Alfredo Niceforo,1876,male,Castiglione di Sicilia,POINT (15.1225 37.882778),Southern Europe,Italy,Italy,1921-1945,11118,university-teacher,organization
http://www.wikidata.org/entity/Q185777,Alexis Carrel,1873,male,Sainte-Foy-lès-Lyon,POINT (4.8025 45.733611),Western Europe,France,France,1896-1920,9649,other,education
http://www.wikidata.org/entity/Q3085838,François Simiand,1873,male,Gières,POINT (5.791945 45.181944),Western Europe,France,France,1896-1920,11888,economist,education
http://www.wikidata.org/entity/Q1332556,Ellsworth Faris,1874,male,Salem,POINT (-86.477214 35.809233),Northern America,United States,United States Can.,1896-1920,7676,university-teacher,education
http://www.wikidata.org/entity/Q12737676,Paul Zarifopol,1874,male,Iași,POINT (27.588889 47.162222),Eastern Europe,Romania,Central Europe,1896-1920,7183,philosopher,publisher
http://www.wikidata.org/entity/Q1607175,Henry Pratt Fairchild,1880,male,West Dundee,POINT (-88.2858 42.0953),Northern America,United States,United States Can.,1921-1945,8840,university-teacher,education
http://www.wikidata.org/entity/Q721570,Gunnar Landtman,1878,male,Helsinki,POINT (24.9375 60.170833),Northern Europe,Finland,Baltic States Fin. Belar.,1921-1945,16477,university-teacher,organization
http://www.wikidata.org/entity/Q295393,Marcel Mauss,1872,male,Épinal,POINT (6.451667 48.173611),Western Europe,France,France,1896-1920,11651,politician,education
http://www.wikidata.org/entity/Q675264,Garabet Ibrăileanu,1871,male,Târgu Frumos,POINT (27.013056 47.209722),Eastern Europe,Romania,Central Europe,1896-1920,16164,other,education
http://www.wikidata.org/entity/Q1913314,Max Rumpf,1878,male,Berne,POINT (8.483333 53.183333),Western Europe,Germany,Germany,1921-1945,9814,university-teacher,organization
http://www.wikidata.org/entity/Q2898000,Bernard Groethuysen,1880,male,Berlin,POINT (13.383333 52.516667),Western Europe,Germany,Germany,1921-1945,11575,university-teacher,publisher
http://www.wikidata.org/entity/Q79151,Othmar Spann,1878,male,Altmannsdorf,POINT (16.3256 48.1655),Western Europe,Austria,Austria Hungary,1921-1945,16877,university-teacher,university
http://www.wikidata.org/entity/Q2440796,Henri Hubert,1872,male,6th arrondissement of Paris,POINT (2.332233 48.850531),Western Europe,France,France,1896-1920,10902,anthropologist,education
http://www.wikidata.org/entity/Q6095256,Quintiliano Saldaña,1878,male,Saldaña,POINT (-4.737278 42.520167),Southern Europe,Spain,Spain Port.,1921-1945,15344,politician,education
http://www.wikidata.org/entity/Q335142,Alexander Bogdanov,1873,male,Sokółka,POINT (23.496733 53.405014),Eastern Europe,Poland,Poland,1896-1920,12342,writer,university
http://www.wikidata.org/entity/Q77320,Leopold von Wiese,1876,male,Kłodzko,POINT (16.655 50.438611),Eastern Europe,Poland,Poland,1921-1945,16811,university-teacher,publisher
http://www.wikidata.org/entity/Q3302630,Maxime Leroy,1873,male,Paris,POINT (2.352222 48.856667),Western Europe,France,France,1896-1920,12242,historian,publisher
http://www.wikidata.org/entity/Q254478,Frances Perkins,1880,female,Boston,POINT (-71.057778 42.360278),Northern America,United States,United States Can.,1921-1945,11021,writer,education
http://www.wikidata.org/entity/Q326584,André Siegfried,1875,male,Le Havre,POINT (0.108056 49.494167),Western Europe,France,France,1896-1920,12176,university-teacher,education
http://www.wikidata.org/entity/Q76521,Max Scheler,1874,male,Munich,POINT (11.575 48.1375),Western Europe,Germany,Germany,1896-1920,16765,university-teacher,publisher
http://www.wikidata.org/entity/Q326000,Maurice Halbwachs,1877,male,Reims,POINT (4.028611 49.265278),Western Europe,France,France,1921-1945,12166,philosopher,education
http://www.wikidata.org/entity/Q2576683,Willem Adriaan Bonger,1876,male,Amsterdam,POINT (4.883333 52.366667),Western Europe,Netherlands,Belgium Netherl.,1921-1945,11073,university-teacher,institute
http://www.wikidata.org/entity/Q75038736,C.W.A. Veditz,1872,male,Philadelphia,POINT (-75.163611 39.952778),Northern America,United States,United States Can.,1896-1920,16679,historian,education
http://www.wikidata.org/entity/Q311538,Alfred L. Kroeber,1876,male,Hoboken,POINT (-74.0325 40.745),Northern America,United States,United States Can.,1921-1945,11961,anthropologist,education
http://www.wikidata.org/entity/Q3371199,Paul Fauconnet,1874,male,Saint-Denis,POINT (2.353889 48.935556),Western Europe,France,France,1896-1920,12365,university-teacher,university
http://www.wikidata.org/entity/Q11486870,Tongo Takebe,1871,male,Yokogoshi,POINT (139.145694 37.856278),Eastern Asia,Japan,Japan,1896-1920,5356,politician,university
http://www.wikidata.org/entity/Q501148,Andreas Walther,1879,male,Cuxhaven,POINT (8.7 53.866667),Western Europe,Germany,Germany,1921-1945,13656,university-teacher,publisher
http://www.wikidata.org/entity/Q9377990,Wołodymyr Starosolski,1878,male,Jarosław,POINT (22.67776 50.01623),Eastern Europe,Poland,Poland,1921-1945,17814,university-teacher,university
http://www.wikidata.org/entity/Q20821261,Albert Benedict Wolfe,1876,male,Arlington,POINT (-89.24694 41.47222),Northern America,United States,United States Can.,1921-1945,10256,economist,education
http://www.wikidata.org/entity/Q93397,Max Adler,1873,male,Vienna,POINT (16.3725 48.208333),Western Europe,Austria,Austria Hungary,1896-1920,17730,university-teacher,university
http://www.wikidata.org/entity/Q9146168,Aleksander Wóycicki,1878,male,Mistów,POINT (21.6 52.21667),Eastern Europe,Poland,Poland,1921-1945,17447,university-teacher,publisher
http://www.wikidata.org/entity/Q9152997,Andrzej Mytkowicz,1873,male,Czeluśnica,POINT (21.55 49.733333),Eastern Europe,Poland,Poland,1896-1920,17459,university-teacher,university
http://www.wikidata.org/entity/Q215779,Arthur Ruppin,1876,male,Rawicz,POINT (16.8575 51.609167),Eastern Europe,Poland,Poland,1921-1945,10459,politician,university
http://www.wikidata.org/entity/Q14946693,Minnie Louise Haskins,1875,female,Oldland,POINT (-2.4833 51.4375),Northern Europe,United Kingdom,United Kingdom,1896-1920,8408,writer,education
http://www.wikidata.org/entity/Q15078902,Max Hermann Baege,1875,male,Jeßnitz,POINT (12.29992 51.68307),Western Europe,Germany,Germany,1896-1920,8450,psychologist,education
http://www.wikidata.org/entity/Q558729,Sextil Pușcariu,1877,male,Brașov,POINT (25.610556 45.652222),Eastern Europe,Romania,Central Europe,1921-1945,14387,university-teacher,publisher
http://www.wikidata.org/entity/Q4710283,Albert Galloway Keller,1874,male,Springfield,POINT (-83.804167 39.926944),Northern America,United States,United States Can.,1896-1920,13389,university-teacher,education
http://www.wikidata.org/entity/Q1002184,Félix Somló,1873,male,Bratislava,POINT (17.112778 48.144722),Eastern Europe,Slovakia,Central Europe,1896-1920,9,university-teacher,university
http://www.wikidata.org/entity/Q5126703,Clarence Perry,1872,male,Truxton,POINT (-76.028611 42.711944),Northern America,United States,United States Can.,1896-1920,13780,university-teacher,education
http://www.wikidata.org/entity/Q2546459,Walter Sulzbach,1889,male,Frankfurt,POINT (8.682222 50.110556),Western Europe,Germany,Germany,1921-1945,11034,university-teacher,agency
http://www.wikidata.org/entity/Q319816,Pitirim Sorokin,1889,male,Turya,POINT (50.645917 62.8245),European Russia,Russian Federation,Russian Federation,1921-1945,12142,university-teacher,education
http://www.wikidata.org/entity/Q61785774,Fritz Sander,1889,male,Vienna,POINT (16.3725 48.208333),Western Europe,Austria,Austria Hungary,1921-1945,15505,other,university
http://www.wikidata.org/entity/Q76515,Erich Rothacker,1888,male,Pforzheim,POINT (8.702953 48.890885),Western Europe,Germany,Germany,1921-1945,16764,university-teacher,publisher
http://www.wikidata.org/entity/Q1631941,Howard W. Odum,1884,male,Bethlehem,POINT (-83.71378 33.93206),Northern America,United States,United States Can.,1921-1945,8947,university-teacher,education
http://www.wikidata.org/entity/Q76702,Oswald von Nell-Breuning,1890,male,Trier,POINT (6.63935 49.75565),Western Europe,Germany,Germany,1921-1945,16777,university-teacher,agency
http://www.wikidata.org/entity/Q1349514,William Fielding Ogburn,1886,male,Butler,POINT (-84.2333 32.55),Northern America,United States,United States Can.,1921-1945,7905,university-teacher,education
http://www.wikidata.org/entity/Q76435,Siegfried Kracauer,1889,male,Frankfurt,POINT (8.682222 50.110556),Western Europe,Germany,Germany,1921-1945,16759,writer,education
http://www.wikidata.org/entity/Q60933144,Mary Mims,1882,female,Minden,POINT (-93.286833 32.615417),Northern America,United States,United States Can.,1921-1945,15341,other,education
http://www.wikidata.org/entity/Q11718708,Jan Piwowarczyk,1889,male,Brzeźnica,POINT (19.6333 49.9667),Eastern Europe,Poland,Poland,1921-1945,5839,other,education
http://www.wikidata.org/entity/Q7933788,Virgil Madgearu,1887,male,Galați,POINT (28.0425 45.423333),Eastern Europe,Romania,Central Europe,1921-1945,16889,politician,publisher
http://www.wikidata.org/entity/Q794543,Sreten V. Vukosavljević,1881,male,Prijepolje,POINT (19.651389 43.543889),Southern Europe,Serbia,Central Europe,1921-1945,16905,university-teacher,publisher
http://www.wikidata.org/entity/Q60208,Karl Korsch,1886,male,Tostedt,POINT (9.716667 53.283333),Western Europe,Germany,Germany,1921-1945,15227,university-teacher,education
http://www.wikidata.org/entity/Q11066247,Bedřich Vašek,1882,male,Rožnov pod Radhoštěm,POINT (18.143045 49.458517),Eastern Europe,Czechia,Czechia,1921-1945,1232,university-teacher,publisher
http://www.wikidata.org/entity/Q7960721,Wajiro Kon,1888,male,Aomori Prefecture,POINT (140.740556 40.824611),Eastern Asia,Japan,Japan,1921-1945,16908,other,education
http://www.wikidata.org/entity/Q60195435,Constantine Panunzio,1884,male,Molfetta,POINT (16.6 41.2),Southern Europe,Italy,Italy,1921-1945,15225,university-teacher,education
http://www.wikidata.org/entity/Q778897,Georges Davy,1883,male,Bernay,POINT (0.598333 49.088611),Western Europe,France,France,1921-1945,16821,other,institution
http://www.wikidata.org/entity/Q1036829,Carl August Emge,1886,male,Hanau,POINT (8.916944 50.132778),Western Europe,Germany,Germany,1921-1945,245,university-teacher,publisher
http://www.wikidata.org/entity/Q153020,José Ortega y Gasset,1883,male,Madrid,POINT (-3.703333 40.416944),Southern Europe,Spain,Spain Port.,1921-1945,8507,university-teacher,university
http://www.wikidata.org/entity/Q1358306,Horace Kallen,1882,male,Bierutów,POINT (17.54607 51.12443),Eastern Europe,Poland,Poland,1921-1945,8000,university-teacher,education
http://www.wikidata.org/entity/Q135576,Alfred Radcliffe-Brown,1881,male,Birmingham,POINT (-1.9025 52.48),Northern Europe,United Kingdom,United Kingdom,1921-1945,7974,anthropologist,education
http://www.wikidata.org/entity/Q1583373,Hans Eckardt,1890,male,Riga,POINT (24.106944 56.9475),Eastern Europe,Latvia,Baltic States Fin. Belar.,1921-1945,8711,university-teacher,publisher
http://www.wikidata.org/entity/Q21192233,Hornell Hart,1888,male,Saint Paul,POINT (-93.093611 44.944167),Northern America,United States,United States Can.,1921-1945,10365,university-teacher,education
http://www.wikidata.org/entity/Q135477165,Yevgeny Engel,1887,male,Pyatigorsk,POINT (43.05 44.033333),European Russia,Russian Federation,Russian Federation,1921-1945,7963,university-teacher,education
http://www.wikidata.org/entity/Q1039736,Carl Mennicke,1887,male,Elberfeld,POINT (7.149167 51.257222),Western Europe,Germany,Germany,1921-1945,270,university-teacher,agency
http://www.wikidata.org/entity/Q2707044,Christopher Dawson,1889,male,Hay-on-Wye,POINT (-3.131389 52.075833),Northern Europe,United Kingdom,United Kingdom,1921-1945,11208,university-teacher,education
http://www.wikidata.org/entity/Q1277457,Earle Edward Eubank,1887,male,Columbia,POINT (-92.33407 38.95171),Northern America,United States,United States Can.,1921-1945,7207,university-teacher,education
http://www.wikidata.org/entity/Q20739093,Eugeniu Sperantia,1888,male,Bucharest,POINT (26.097778 44.413361),Eastern Europe,Romania,Central Europe,1921-1945,10224,philosopher,publisher
http://www.wikidata.org/entity/Q1605922,Henri Lévy-Bruhl,1884,male,Paris,POINT (2.352222 48.856667),Western Europe,France,France,1921-1945,8829,university-teacher,education
http://www.wikidata.org/entity/Q94096883,Georges Smets,1881,male,Molenbeek-Saint-Jean,POINT (4.338611 50.854722),Western Europe,Belgium,Belgium Netherl.,1921-1945,17843,historian,university
http://www.wikidata.org/entity/Q7029304,Nicolae Petrescu-Comnen,1881,male,Bucharest,POINT (26.097778 44.413361),Eastern Europe,Romania,Central Europe,1921-1945,16328,university-teacher,publisher
http://www.wikidata.org/entity/Q70867,Kurt Riezler,1882,male,Munich,POINT (11.575 48.1375),Western Europe,Germany,Germany,1921-1945,16370,university-teacher,agency
http://www.wikidata.org/entity/Q19287602,Karl Demeter,1889,male,Marktoberdorf,POINT (10.616667 47.766667),Western Europe,Germany,Germany,1921-1945,9839,university-teacher,agency
http://www.wikidata.org/entity/Q711321,Arthur Salz,1881,male,Stod,POINT (13.164784 49.639196),Eastern Europe,Czechia,Czechia,1921-1945,16389,university-teacher,publisher
http://www.wikidata.org/entity/Q5202134,Czesław Znamierowski,1888,male,Warsaw,POINT (21.011111 52.23),Eastern Europe,Poland,Poland,1921-1945,13841,philosopher,publisher
http://www.wikidata.org/entity/Q75952,Robert Redslob,1882,male,Strasbourg,POINT (7.752222 48.573333),Western Europe,France,France,1921-1945,16723,university-teacher,university
http://www.wikidata.org/entity/Q12744342,Ștefan Zeletin,1882,male,Burdusaci,POINT (27.403401 46.369134),Eastern Europe,Romania,Central Europe,1921-1945,7191,political-scientist,publisher
http://www.wikidata.org/entity/Q1609105,Herbert Schöffler,1888,male,Leipzig,POINT (12.374733 51.340632),Western Europe,Germany,Germany,1921-1945,8857,university-teacher,publisher
http://www.wikidata.org/entity/Q318029,Karl Polanyi,1886,male,Vienna,POINT (16.3725 48.208333),Western Europe,Austria,Austria Hungary,1921-1945,12114,university-teacher,education
http://www.wikidata.org/entity/Q990849,Ernest Burgess,1886,male,Tilbury,POINT (-82.4319 42.2583),Northern America,Canada,United States Can.,1921-1945,18984,teacher,education
http://www.wikidata.org/entity/Q6241437,Robert Wikman,1886,male,Vaasa,POINT (21.615278 63.095833),Northern Europe,Finland,Baltic States Fin. Belar.,1921-1945,15607,university-teacher,university
http://www.wikidata.org/entity/Q15429381,Manuel Conrad Elmer,1886,male,Monroe,POINT (-89.64083 42.59889),Northern America,United States,United States Can.,1921-1945,8532,university-teacher,education
http://www.wikidata.org/entity/Q184992,Bronisław Malinowski,1884,male,Kraków,POINT (19.937222 50.061389),Eastern Europe,Poland,Poland,1921-1945,9622,university-teacher,education
http://www.wikidata.org/entity/Q1364566,Johann Wilhelm Mannhardt,1883,male,Hamburg,POINT (10 53.55),Western Europe,Germany,Germany,1921-1945,8068,university-teacher,university
http://www.wikidata.org/entity/Q1339072,Emory S. Bogardus,1882,male,Belvidere,POINT (-88.840555 42.256667),Northern America,United States,United States Can.,1921-1945,7809,university-teacher,education
http://www.wikidata.org/entity/Q65589,Alexander Rüstow,1885,male,Wiesbaden,POINT (8.24 50.0825),Western Europe,Germany,Germany,1921-1945,15986,university-teacher,publisher
http://www.wikidata.org/entity/Q1871426,Louis Gernet,1882,male,Paris,POINT (2.352222 48.856667),Western Europe,France,France,1921-1945,9715,university-teacher,education
http://www.wikidata.org/entity/Q104599,Götz Briefs,1889,male,Eschweiler,POINT (6.283333 50.816667),Western Europe,Germany,Germany,1921-1945,326,university-teacher,education
http://www.wikidata.org/entity/Q12742452,Traian Brăileanu,1882,male,Bilca,POINT (25.76353 47.92994),Eastern Europe,Romania,Central Europe,1921-1945,7188,politician,publisher
http://www.wikidata.org/entity/Q73172,Hans Freyer,1887,male,Leipzig,POINT (12.374733 51.340632),Western Europe,Germany,Germany,1921-1945,16533,university-teacher,education
http://www.wikidata.org/entity/Q195085,Nels Anderson,1889,male,Chicago,POINT (-87.627778 41.881944),Northern America,United States,United States Can.,1921-1945,9893,university-teacher,education
http://www.wikidata.org/entity/Q66732,Eugen Rosenstock-Huessy,1888,male,Berlin,POINT (13.383333 52.516667),Western Europe,Germany,Germany,1921-1945,16101,university-teacher,education
http://www.wikidata.org/entity/Q89404,Jacob L. Moreno,1889,male,Bucharest,POINT (26.097778 44.413361),Eastern Europe,Romania,Central Europe,1921-1945,17315,writer,other
http://www.wikidata.org/entity/Q55629231,Daniel Essertier,1888,male,Lille,POINT (3.0575 50.631944),Western Europe,France,France,1921-1945,14292,psychologist,publisher
http://www.wikidata.org/entity/Q122517,Ludwig Heyde,1888,male,Dresden,POINT (13.738144 51.049329),Western Europe,Germany,Germany,1921-1945,6421,university-teacher,publisher
http://www.wikidata.org/entity/Q920421,Marcel Granet,1884,male,Luc-en-Diois,POINT (5.452778 44.615),Western Europe,France,France,1921-1945,17514,university-teacher,education
http://www.wikidata.org/entity/Q968167,Alexander Chayanov,1888,male,Moscow,POINT (37.6175 55.750556),European Russia,Russian Federation,Russian Federation,1921-1945,18812,writer,academy
http://www.wikidata.org/entity/Q23071873,Walther Malmsten Schering,1883,male,Göttingen,POINT (9.935555 51.533889),Western Europe,Germany,Germany,1921-1945,10686,university-teacher,publisher
http://www.wikidata.org/entity/Q12280968,Ivan Kinkel,1883,male,Bryansk,POINT (34.366667 53.2425),European Russia,Russian Federation,Russian Federation,1921-1945,6456,university-teacher,publisher
http://www.wikidata.org/entity/Q1509152,Luther Lee Bernard,1881,male,Russell County,POINT (-85.06 36.99),Northern America,United States,United States Can.,1921-1945,8453,university-teacher,education
http://www.wikidata.org/entity/Q1733413,Karl Wilhelm Haas,1883,male,Nuremberg,POINT (11.0775 49.453889),Western Europe,Germany,Germany,1921-1945,9393,university-teacher,education
http://www.wikidata.org/entity/Q417984,Takashi Akiba,1888,male,Chiba Prefecture,POINT (140.123195 35.604583),Eastern Asia,Japan,Japan,1921-1945,12936,university-teacher,education
http://www.wikidata.org/entity/Q2150248,Richard Müller-Freienfels,1882,male,Bad Ems,POINT (7.710555 50.338056),Western Europe,Germany,Germany,1921-1945,10420,university-teacher,publisher
http://www.wikidata.org/entity/Q109394,Mathilde Vaerting,1884,female,Messingen,POINT (7.466667 52.466667),Western Europe,Germany,Germany,1921-1945,984,university-teacher,university
http://www.wikidata.org/entity/Q97977,Kurt Baschwitz,1886,male,Offenburg,POINT (7.940833 48.470833),Western Europe,Germany,Germany,1921-1945,18907,university-teacher,institute
http://www.wikidata.org/entity/Q89493,Marianne Beth,1890,female,Vienna,POINT (16.3725 48.208333),Western Europe,Austria,Austria Hungary,1921-1945,17321,university-teacher,education
http://www.wikidata.org/entity/Q119139,Franz Wilhelm Jerusalem,1883,male,Uerdingen,POINT (6.65 51.35),Western Europe,Germany,Germany,1921-1945,6114,university-teacher,agency
http://www.wikidata.org/entity/Q91952,Carl Brinkmann,1885,male,Sovetsk,POINT (21.886389 55.080833),European Russia,Russian Federation,Russian Federation,1921-1945,17506,university-teacher,publisher
http://www.wikidata.org/entity/Q4349539,Quincy Wright,1890,male,Medford,POINT (-71.106667 42.418333),Northern America,United States,United States Can.,1921-1945,13098,university-teacher,education
http://www.wikidata.org/entity/Q121239,Kurt Albert Gerlach,1886,male,Hanover,POINT (9.738611 52.374444),Western Europe,Germany,Germany,1921-1945,6338,university-teacher,agency
http://www.wikidata.org/entity/Q437139,Uno Harva,1882,male,Ypäjä,POINT (23.283333 60.808333),Northern Europe,Finland,Baltic States Fin. Belar.,1921-1945,13113,university-teacher,university
http://www.wikidata.org/entity/Q1441738,Francis Stuart Chapin,1888,male,Brooklyn,POINT (-73.949722 40.650833),Northern America,United States,United States Can.,1921-1945,8348,university-teacher,education
http://www.wikidata.org/entity/Q106641226,Hristo Todorov,1881,male,Elena,POINT (25.878691 42.929815),Eastern Europe,Bulgaria,Central Europe,1921-1945,615,university-teacher,publisher
http://www.wikidata.org/entity/Q102495,Erich Kahler,1885,male,Prague,POINT (14.421389 50.0875),Eastern Europe,Czechia,Czechia,1921-1945,148,university-teacher,education
http://www.wikidata.org/entity/Q2261953,S. Colum Gilfillan,1889,male,Saint Paul,POINT (-93.093611 44.944167),Northern America,United States,United States Can.,1921-1945,10615,university-teacher,education
http://www.wikidata.org/entity/Q120805180,Lyford Edwards,1882,male,London,POINT (-81.2497 42.9837),Northern America,Canada,United States Can.,1921-1945,6303,university-teacher,education
http://www.wikidata.org/entity/Q16739506,Roderick Duncan McKenzie,1885,male,Carman,POINT (-98.0008 49.4992),Northern America,Canada,United States Can.,1921-1945,9125,university-teacher,education
http://www.wikidata.org/entity/Q85738,Emil Lederer,1882,male,Plzeň,POINT (13.3825 49.741389),Eastern Europe,Czechia,Czechia,1921-1945,17139,university-teacher,publisher
http://www.wikidata.org/entity/Q102434,Herman Schmalenbach,1885,male,Breckerfeld,POINT (7.466667 51.261111),Western Europe,Germany,Germany,1921-1945,145,university-teacher,publisher
http://www.wikidata.org/entity/Q379771,Corrado Gini,1884,male,Motta di Livenza,POINT (12.608611 45.779722),Southern Europe,Italy,Italy,1921-1945,12691,university-teacher,publisher
http://www.wikidata.org/entity/Q1445318,Alfred von Martin,1882,male,Berlin,POINT (13.383333 52.516667),Western Europe,Germany,Germany,1921-1945,8359,university-teacher,organization
http://www.wikidata.org/entity/Q1377294,Paul Hermberg,1888,male,Münsterdorf,POINT (9.540833 53.903333),Western Europe,Germany,Germany,1921-1945,8204,university-teacher,publisher
http://www.wikidata.org/entity/Q571932,Harry Elmer Barnes,1889,male,Auburn,POINT (-76.564769 42.931661),Northern America,United States,United States Can.,1921-1945,14645,university-teacher,education
http://www.wikidata.org/entity/Q1581107,Hans Lorenz Stoltenberg,1888,male,Hamburg,POINT (10 53.55),Western Europe,Germany,Germany,1921-1945,8697,university-teacher,university
http://www.wikidata.org/entity/Q2144773,René Maunier,1887,male,Niort,POINT (-0.462222 46.325),Western Europe,France,France,1921-1945,10411,university-teacher,university
http://www.wikidata.org/entity/Q152274,Edvard Beneš,1884,male,Kožlany,POINT (13.541133 49.993988),Eastern Europe,Czechia,Czechia,1921-1945,8490,politician,publisher
http://www.wikidata.org/entity/Q44968,Robert Lowie,1883,male,Vienna,POINT (16.3725 48.208333),Western Europe,Austria,Austria Hungary,1921-1945,13216,anthropologist,education
http://www.wikidata.org/entity/Q599329,Edwin Sutherland,1883,male,Nebraska,POINT (-100 41.5),Northern America,United States,United States Can.,1921-1945,15182,other,education
http://www.wikidata.org/entity/Q5983811,Luis López-Doriga,1885,male,Oviedo,POINT (-5.850278 43.3625),Southern Europe,Spain,Spain Port.,1921-1945,15166,politician,publisher
http://www.wikidata.org/entity/Q599197,Florian Znaniecki,1882,male,Świątniki,POINT (18.95 52.5167),Eastern Europe,Poland,Poland,1921-1945,15178,university-teacher,education
http://www.wikidata.org/entity/Q151523,Georg Lukács,1885,male,Budapest,POINT (19.040833 47.498333),Eastern Europe,Hungary,Austria Hungary,1921-1945,8480,university-teacher,other
http://www.wikidata.org/entity/Q4250258,Pavel Kushner,1889,male,Hrodna,POINT (23.816667 53.666667),Eastern Europe,Belarus,Baltic States Fin. Belar.,1921-1945,13016,historian,education
http://www.wikidata.org/entity/Q1136106,Robert Morrison MacIver,1882,male,Stornoway,POINT (-6.387 58.209),Northern Europe,United Kingdom,United Kingdom,1921-1945,4390,university-teacher,education
http://www.wikidata.org/entity/Q4457340,Nicholas Timasheff,1886,male,Saint Petersburg,POINT (30.316667 59.95),European Russia,Russian Federation,Russian Federation,1921-1945,13177,university-teacher,education
http://www.wikidata.org/entity/Q12348470,Gyula Moór,1888,male,Brașov,POINT (25.610556 45.652222),Eastern Europe,Romania,Central Europe,1921-1945,6599,politician,publisher
http://www.wikidata.org/entity/Q355223,Frank Knight,1885,male,McLean County,POINT (-88.85 40.49),Northern America,United States,United States Can.,1921-1945,12537,university-teacher,education
http://www.wikidata.org/entity/Q14678,Dietrich von Hildebrand,1889,male,Florence,POINT (11.254167 43.771389),Southern Europe,Italy,Italy,1921-1945,8391,university-teacher,education
http://www.wikidata.org/entity/Q905212,László Dienes,1889,male,Tokaj,POINT (21.41 48.12),Eastern Europe,Hungary,Austria Hungary,1921-1945,17387,university-teacher,other
http://www.wikidata.org/entity/Q2403577,Hilma Granqvist,1890,female,Sipoo,POINT (25.261945 60.376944),Northern Europe,Finland,Baltic States Fin. Belar.,1921-1945,10835,anthropologist,university
http://www.wikidata.org/entity/Q3439311,Roger Nash Baldwin,1884,male,Wellesley,POINT (-71.293056 42.296389),Northern America,United States,United States Can.,1921-1945,12445,other,education
http://www.wikidata.org/entity/Q3093824,Gabriel Le Bras,1891,male,Paimpol,POINT (-3.046389 48.777778),Western Europe,France,France,1921-1945,11920,other,education
http://www.wikidata.org/entity/Q96410,Theodor Geiger,1891,male,Munich,POINT (11.575 48.1375),Western Europe,Germany,Germany,1921-1945,18784,university-teacher,publisher
http://www.wikidata.org/entity/Q57085,Erich Fromm,1900,male,Frankfurt,POINT (8.682222 50.110556),Western Europe,Germany,Germany,1921-1945,14633,university-teacher,education
http://www.wikidata.org/entity/Q5677656,Harvey Warren Zorbaugh,1896,male,East Cleveland,POINT (-81.5819 41.5317),Northern America,United States,United States Can.,1921-1945,14587,university-teacher,education
http://www.wikidata.org/entity/Q186561,Alfred Kinsey,1894,male,Hoboken,POINT (-74.0325 40.745),Northern America,United States,United States Can.,1921-1945,9707,university-teacher,education
http://www.wikidata.org/entity/Q1273492,E. Franklin Frazier,1894,male,Baltimore,POINT (-76.615 39.286389),Northern America,United States,United States Can.,1921-1945,7178,university-teacher,education
http://www.wikidata.org/entity/Q973306,Roger Bastide,1898,male,Nîmes,POINT (4.359722 43.838333),Western Europe,France,France,1921-1945,18863,university-teacher,publisher
http://www.wikidata.org/entity/Q12740294,Sabin Manuilă,1894,male,Păuliș,POINT (21.662745 46.13764),Eastern Europe,Romania,Central Europe,1921-1945,7187,anthropologist,publisher
http://www.wikidata.org/entity/Q1609179,Herbert Sultan,1894,male,Toruń,POINT (18.6014 53.0144),Eastern Europe,Poland,Poland,1921-1945,8858,university-teacher,publisher
http://www.wikidata.org/entity/Q1287980,Eduard Baumgarten,1898,male,Freiburg im Breisgau,POINT (7.85 47.995),Western Europe,Germany,Germany,1921-1945,7301,university-teacher,publisher
http://www.wikidata.org/entity/Q28971952,William W. Biddle,1900,male,United States,POINT (-98.5795 39.828175),Northern America,United States,United States Can.,1921-1945,11569,psychologist,education
http://www.wikidata.org/entity/Q505528,Harold Innis,1894,male,Otterville,POINT (-80.6033 42.9268),Northern America,Canada,United States Can.,1921-1945,13710,university-teacher,university
http://www.wikidata.org/entity/Q113810339,William Hermanns,1895,male,Koblenz,POINT (7.597778 50.359722),Western Europe,Germany,Germany,1921-1945,5041,other,education
http://www.wikidata.org/entity/Q17317979,Mihai Ralea,1896,male,Huși,POINT (28.064722 46.673055),Eastern Europe,Romania,Central Europe,1921-1945,9382,politician,publisher
http://www.wikidata.org/entity/Q18922793,Norman Edwin Himes,1899,male,Jersey City,POINT (-74.06 40.71),Northern America,United States,United States Can.,1921-1945,9769,economist,education
http://www.wikidata.org/entity/Q17351348,Sjoerd Hofstra,1898,male,Idsegahuizum,POINT (5.4186 53.0425),Western Europe,Netherlands,Belgium Netherl.,1921-1945,9400,university-teacher,education
http://www.wikidata.org/entity/Q52156800,Bernhard Joseph Stern,1894,male,Chicago,POINT (-87.627778 41.881944),Northern America,United States,United States Can.,1921-1945,13857,university-teacher,education
http://www.wikidata.org/entity/Q1601853,Helen Lynd,1896,female,La Grange,POINT (-87.8733 41.8081),Northern America,United States,United States Can.,1921-1945,8807,university-teacher,education
http://www.wikidata.org/entity/Q503054,Andrej Sirácky,1900,male,Bački Petrovac,POINT (19.588333 45.356389),Southern Europe,Serbia,Central Europe,1921-1945,13668,university-teacher,publisher
http://www.wikidata.org/entity/Q12025994,Josef Fischer,1891,male,Kolín,POINT (15.200634 50.028194),Eastern Europe,Czechia,Czechia,1921-1945,6227,writer,publisher
http://www.wikidata.org/entity/Q29650333,Konstantine Megrelidze,1900,male,Khrialeti,POINT (41.830278 42.006111),Western Asia,Georgia,Russian Federation,1921-1945,11677,philosopher,GLAM
http://www.wikidata.org/entity/Q52156838,John Henry Mueller,1895,male,St. Charles,POINT (-90.511667 38.788611),Northern America,United States,United States Can.,1921-1945,13858,university-teacher,education
http://www.wikidata.org/entity/Q3920284,Siamion Vaĺfson,1894,male,Babruysk,POINT (29.233333 53.15),Eastern Europe,Belarus,Baltic States Fin. Belar.,1921-1945,12768,philosopher,institute
http://www.wikidata.org/entity/Q115069,Johannes Messner,1891,male,Schwaz,POINT (11.7 47.35),Western Europe,Austria,Austria Hungary,1921-1945,5380,university-teacher,university
http://www.wikidata.org/entity/Q61082,Karl August Wittfogel,1896,male,Woltersdorf,POINT (11.216667 52.95),Western Europe,Germany,Germany,1921-1945,15375,university-teacher,organization
http://www.wikidata.org/entity/Q114587,Gunther Ipsen,1899,male,Innsbruck,POINT (11.393333 47.268333),Western Europe,Austria,Austria Hungary,1921-1945,5295,university-teacher,publisher
http://www.wikidata.org/entity/Q59524497,Frank Lorimer,1894,male,Bradley,POINT (-68.597778 44.884722),Northern America,United States,United States Can.,1921-1945,15007,university-teacher,education
http://www.wikidata.org/entity/Q36562946,Clifford Kirkpatrick,1898,male,Fitchburg,POINT (-71.802778 42.583333),Northern America,United States,United States Can.,1921-1945,12617,university-teacher,education
http://www.wikidata.org/entity/Q3302024,Max Bonnafous,1900,male,Bordeaux,POINT (-0.579444 44.837778),Western Europe,France,France,1921-1945,12239,university-teacher,university
http://www.wikidata.org/entity/Q6149969,Jan Stanisław Bystroń,1892,male,Kraków,POINT (19.937222 50.061389),Eastern Europe,Poland,Poland,1921-1945,15458,historian,publisher
http://www.wikidata.org/entity/Q365852,Arnold Hauser,1892,male,Timișoara,POINT (21.23 45.759722),Eastern Europe,Romania,Central Europe,1921-1945,12619,university-teacher,education
http://www.wikidata.org/entity/Q1752339,Rudolf Heberle,1896,male,Lübeck,POINT (10.686389 53.869722),Western Europe,Germany,Germany,1921-1945,9461,university-teacher,agency
http://www.wikidata.org/entity/Q45829671,Kentarō Komatsu,1894,male,Yamagata Prefecture,POINT (140.363556 38.240444),Eastern Asia,Japan,Japan,1921-1945,13290,political-scientist,university
http://www.wikidata.org/entity/Q60030,Herbert Marcuse,1898,male,Berlin,POINT (13.383333 52.516667),Western Europe,Germany,Germany,1921-1945,15197,university-teacher,education
http://www.wikidata.org/entity/Q18019921,Elias Diaconide,1891,male,Huși,POINT (28.064722 46.673055),Eastern Europe,Romania,Central Europe,1921-1945,9534,university-teacher,institute
http://www.wikidata.org/entity/Q1683377,Otto Stammer,1900,male,Leipzig,POINT (12.374733 51.340632),Western Europe,Germany,Germany,1921-1945,9146,university-teacher,publisher
http://www.wikidata.org/entity/Q17107318,Arnold Bergstraesser,1896,male,Darmstadt,POINT (8.65 49.866667),Western Europe,Germany,Germany,1921-1945,9254,university-teacher,education
http://www.wikidata.org/entity/Q60635232,Hilda Weiss,1900,female,Berlin,POINT (13.383333 52.516667),Western Europe,Germany,Germany,1921-1945,15280,other,education
http://www.wikidata.org/entity/Q113496385,Lowry Nelson,1893,male,Ferron,POINT (-111.133056 39.090833),Northern America,United States,United States Can.,1921-1945,4376,university-teacher,education
http://www.wikidata.org/entity/Q453489,Maria Ossowska,1896,female,Warsaw,POINT (21.011111 52.23),Eastern Europe,Poland,Poland,1921-1945,13262,philosopher,university
http://www.wikidata.org/entity/Q6095778,Ivan Ahčin,1897,male,Domžale,POINT (14.6 46.133333),Southern Europe,Slovenia,Central Europe,1921-1945,15346,politician,publisher
http://www.wikidata.org/entity/Q55419714,Carle C. Zimmerman,1897,male,Cass County,POINT (-94.35 38.65),Northern America,United States,United States Can.,1921-1945,14195,university-teacher,education
http://www.wikidata.org/entity/Q16318769,Clifford Robe Shaw,1895,male,Indiana,POINT (-86.216667 39.933333),Northern America,United States,United States Can.,1921-1945,8946,other,education
http://www.wikidata.org/entity/Q1712800,Julius Lips,1895,male,Saarbrücken,POINT (7 49.233333),Western Europe,Germany,Germany,1921-1945,9264,university-teacher,publisher
http://www.wikidata.org/entity/Q960081,Kenneth Burke,1897,male,Pittsburgh,POINT (-80 40.441667),Northern America,United States,United States Can.,1921-1945,18749,university-teacher,education
http://www.wikidata.org/entity/Q48689378,Karl Julius Hartmann,1893,male,Homberg (Efze),POINT (9.405556 51.033889),Western Europe,Germany,Germany,1921-1945,13561,other,publisher
http://www.wikidata.org/entity/Q5752402,Carmelo Viñas y Mey,1898,male,Ciudad Real,POINT (-3.916667 38.983333),Southern Europe,Spain,Spain Port.,1921-1945,14696,historian,publisher
http://www.wikidata.org/entity/Q63195,Franz Leopold Neumann,1900,male,Katowice,POINT (19 50.25),Eastern Europe,Poland,Poland,1921-1945,15709,university-teacher,education
http://www.wikidata.org/entity/Q630134,Bernard de Vaulx,1892,male,Bourbon-Lancy,POINT (3.773333 46.619445),Western Europe,France,France,1921-1945,15667,writer,other
http://www.wikidata.org/entity/Q37439090,Lluís Solà i Escofet,1900,male,Badalona,POINT (2.233333 41.433333),Southern Europe,Spain,Spain Port.,1921-1945,12654,economist,organization
http://www.wikidata.org/entity/Q1674317,Max Solms,1893,male,Wetterau,POINT (8.95 50.283333),Western Europe,Germany,Germany,1921-1945,9126,university-teacher,university
http://www.wikidata.org/entity/Q469888,Lewis Mumford,1895,male,Flushing,POINT (-73.833084 40.76583),Northern America,United States,United States Can.,1921-1945,13346,writer,publisher
http://www.wikidata.org/entity/Q49229069,Georg Weippert,1899,male,Munich,POINT (11.575 48.1375),Western Europe,Germany,Germany,1921-1945,13614,economist,organization
http://www.wikidata.org/entity/Q125360766,Enjirō Awaji,1895,male,Kobe,POINT (135.195444 34.690167),Eastern Asia,Japan,Japan,1921-1945,6957,psychologist,publisher
http://www.wikidata.org/entity/Q17421343,Grace Coyle,1892,female,North Adams,POINT (-73.109167 42.700833),Northern America,United States,United States Can.,1921-1945,9428,other,education
http://www.wikidata.org/entity/Q315094,Carlos Keller,1898,male,Concepción,POINT (-73.050278 -36.826944),South America,Chile,South America,1921-1945,12019,writer,publisher
http://www.wikidata.org/entity/Q1250349,Dorothy Swaine Thomas,1899,female,Baltimore,POINT (-76.615 39.286389),Northern America,United States,United States Can.,1921-1945,6931,university-teacher,education
http://www.wikidata.org/entity/Q2283543,Siegfried Landshut,1897,male,Strasbourg,POINT (7.752222 48.573333),Western Europe,France,France,1921-1945,10636,university-teacher,university
http://www.wikidata.org/entity/Q2277864,Sheldon Glueck,1896,male,Warsaw,POINT (21.011111 52.23),Eastern Europe,Poland,Poland,1921-1945,10631,university-teacher,education
http://www.wikidata.org/entity/Q15447027,Alfredo Ellis Junior,1896,male,São Carlos,POINT (-47.890833 -22.017778),South America,Brazil,South America,1921-1945,8572,university-teacher,publisher
http://www.wikidata.org/entity/Q26838379,Fernand Boulard,1898,male,6th arrondissement of Paris,POINT (2.332233 48.850531),Western Europe,France,France,1921-1945,11177,other,university
http://www.wikidata.org/entity/Q110306,Käthe Bauer-Mengelberg,1894,female,Krefeld,POINT (6.566667 51.333333),Western Europe,Germany,Germany,1921-1945,1183,university-teacher,university
http://www.wikidata.org/entity/Q1406132,Ferdynand Zweig,1896,male,Kraków,POINT (19.937222 50.061389),Eastern Europe,Poland,Poland,1921-1945,8316,university-teacher,university
http://www.wikidata.org/entity/Q86635,Franz Borkenau,1900,male,Vienna,POINT (16.3725 48.208333),Western Europe,Austria,Austria Hungary,1921-1945,17182,university-teacher,education
http://www.wikidata.org/entity/Q920633,Thomas Humphrey Marshall,1893,male,London,POINT (-0.1275 51.507222),Northern Europe,United Kingdom,United Kingdom,1921-1945,17516,university-teacher,education
http://www.wikidata.org/entity/Q1065979,Charles Spurgeon Johnson,1893,male,Bristol,POINT (-82.1762 36.6111),Northern America,United States,United States Can.,1921-1945,594,university-teacher,education
http://www.wikidata.org/entity/Q729554,Herbert Blumer,1900,male,St. Louis,POINT (-90.199444 38.626389),Northern America,United States,United States Can.,1921-1945,16515,university-teacher,education
http://www.wikidata.org/entity/Q721643,W. Lloyd Warner,1898,male,Redlands,POINT (-117.1825 34.054722),Northern America,United States,United States Can.,1921-1945,16478,university-teacher,education
http://www.wikidata.org/entity/Q1414553,Walter C. Reckless,1898,male,Philadelphia,POINT (-75.163611 39.952778),Northern America,United States,United States Can.,1921-1945,8323,university-teacher,education
http://www.wikidata.org/entity/Q94018,Alfred Schütz,1899,male,Vienna,POINT (16.3725 48.208333),Western Europe,Austria,Austria Hungary,1921-1945,17838,university-teacher,education
http://www.wikidata.org/entity/Q2217894,Samuel A. Stouffer,1900,male,Sac City,POINT (-94.995 42.421111),Northern America,United States,United States Can.,1921-1945,10574,university-teacher,education
http://www.wikidata.org/entity/Q1435961,Rupert Bayless Vance,1899,male,Plumerville,POINT (-92.642778 35.160833),Northern America,United States,United States Can.,1921-1945,8345,university-teacher,education
http://www.wikidata.org/entity/Q87820,Adolph Lowe,1893,male,Stuttgart,POINT (9.18 48.7775),Western Europe,Germany,Germany,1921-1945,17237,university-teacher,agency
http://www.wikidata.org/entity/Q720118,Ralph Linton,1893,male,Philadelphia,POINT (-75.163611 39.952778),Northern America,United States,United States Can.,1921-1945,16468,anthropologist,education
http://www.wikidata.org/entity/Q76522,Helmuth Plessner,1892,male,Wiesbaden,POINT (8.24 50.0825),Western Europe,Germany,Germany,1921-1945,16766,university-teacher,education
http://www.wikidata.org/entity/Q27178316,Charlotte Towle,1896,female,Butte,POINT (-112.529722 46.006389),Northern America,United States,United States Can.,1921-1945,11225,university-teacher,education
http://www.wikidata.org/entity/Q7383213,Ruth Shonle Cavan,1896,female,Tuscola,POINT (-88.281667 39.797778),Northern America,United States,United States Can.,1921-1945,16620,university-teacher,education
http://www.wikidata.org/entity/Q109971,Gottfried Salomon,1892,male,Frankfurt,POINT (8.682222 50.110556),Western Europe,Germany,Germany,1921-1945,1124,university-teacher,agency
http://www.wikidata.org/entity/Q1578411,Hans Achinger,1899,male,Elberfeld,POINT (7.149167 51.257222),Western Europe,Germany,Germany,1921-1945,8686,university-teacher,agency
http://www.wikidata.org/entity/Q213909,Alfred Sohn-Rethel,1899,male,Neuilly-sur-Seine,POINT (2.2675 48.887222),Western Europe,France,France,1921-1945,10396,university-teacher,university
http://www.wikidata.org/entity/Q2575507,Wilhelm Vleugels,1893,male,Saarburg,POINT (6.550278 49.609167),Western Europe,Germany,Germany,1921-1945,11071,university-teacher,publisher
http://www.wikidata.org/entity/Q838996,Lucrețiu Pătrășcanu,1900,male,Bacău,POINT (26.916667 46.583333),Eastern Europe,Romania,Central Europe,1921-1945,17035,politician,publisher
http://www.wikidata.org/entity/Q2080483,Petre Andrei,1891,male,Brăila,POINT (27.9575 45.269167),Eastern Europe,Romania,Central Europe,1921-1945,10252,university-teacher,publisher
http://www.wikidata.org/entity/Q2039101,Otto Heinrich Gablentz,1898,male,Berlin,POINT (13.383333 52.516667),Western Europe,Germany,Germany,1921-1945,10126,university-teacher,publisher
http://www.wikidata.org/entity/Q1381992,Everett Hughes,1897,male,Ohio,POINT (-82.5 40.5),Northern America,United States,United States Can.,1921-1945,8250,university-teacher,education
http://www.wikidata.org/entity/Q19964103,Hans Ritschl,1897,male,Bonn,POINT (7.102222 50.735278),Western Europe,Germany,Germany,1921-1945,10014,university-teacher,publisher
http://www.wikidata.org/entity/Q1996730,Georges Gurvitch,1894,male,Novorossiysk,POINT (37.766667 44.716667),European Russia,Russian Federation,Russian Federation,1921-1945,10016,university-teacher,education
http://www.wikidata.org/entity/Q75812,Norbert Elias,1897,male,Wrocław,POINT (17.0325 51.11),Eastern Europe,Poland,Poland,1921-1945,16718,university-teacher,education
http://www.wikidata.org/entity/Q84590062,J. Eugene Gallery,1898,male,Baltimore,POINT (-76.615 39.286389),Northern America,United States,United States Can.,1921-1945,17065,other,education
http://www.wikidata.org/entity/Q2150038,Richard LaPiere,1899,male,Beloit,POINT (-89.031667 42.508333),Northern America,United States,United States Can.,1921-1945,10419,university-teacher,education
http://www.wikidata.org/entity/Q85394,René Fülöp-Miller,1891,male,Caransebeș,POINT (22.221944 45.421389),Eastern Europe,Romania,Central Europe,1921-1945,17115,university-teacher,education
http://www.wikidata.org/entity/Q1336059,Esko Aaltonen,1893,male,Forssa,POINT (23.622222 60.813889),Northern Europe,Finland,Baltic States Fin. Belar.,1921-1945,7736,university-teacher,university
http://www.wikidata.org/entity/Q106369203,Oscar Alvarez Andrews,1897,male,Santiago,POINT (-70.65 -33.4375),South America,Chile,South America,1921-1945,553,other,publisher
http://www.wikidata.org/entity/Q200913,"Barbara Wootton, Baroness Wootton of Abinger",1897,female,Cambridge,POINT (0.1225 52.208055),Northern Europe,United Kingdom,United Kingdom,1921-1945,10091,university-teacher,education
http://www.wikidata.org/entity/Q20715606,Alexandru Claudian,1898,male,Cernavodă,POINT (28.033611 44.338056),Eastern Europe,Romania,Central Europe,1921-1945,10212,historian,publisher
http://www.wikidata.org/entity/Q77146,Leo Löwenthal,1900,male,Frankfurt,POINT (8.682222 50.110556),Western Europe,Germany,Germany,1921-1945,16808,philosopher,education
http://www.wikidata.org/entity/Q1361073,George Murdock,1897,male,Meriden,POINT (-72.794722 41.536667),Northern America,United States,United States Can.,1921-1945,8024,anthropologist,education
http://www.wikidata.org/entity/Q77175,Friedrich Pollock,1894,male,Freiburg im Breisgau,POINT (7.85 47.995),Western Europe,Germany,Germany,1921-1945,16810,philosopher,agency
http://www.wikidata.org/entity/Q89618,Eva Gabriele Reichmann,1897,female,Lubliniec,POINT (18.6844 50.66897),Eastern Europe,Poland,Poland,1921-1945,17329,other,organization
http://www.wikidata.org/entity/Q1444299,Frank Tannenbaum,1893,male,Austria,POINT (14 48),Western Europe,Austria,Austria Hungary,1921-1945,8358,university-teacher,education
http://www.wikidata.org/entity/Q2156770,Robert Cooley Angell,1899,male,Detroit,POINT (-83.0475 42.331667),Northern America,United States,United States Can.,1921-1945,10450,university-teacher,education
http://www.wikidata.org/entity/Q1465955,Fritz Croner,1896,male,Berlin,POINT (13.383333 52.516667),Western Europe,Germany,Germany,1921-1945,8388,university-teacher,publisher
http://www.wikidata.org/entity/Q1358769,Hugo Fischer,1897,male,Munich,POINT (11.575 48.1375),Western Europe,Germany,Germany,1921-1945,8003,university-teacher,publisher
http://www.wikidata.org/entity/Q2446531,Pierre Francastel,1900,male,7th arrondissement of Paris,POINT (2.312778 48.859167),Western Europe,France,France,1921-1945,10913,writer,education
http://www.wikidata.org/entity/Q13524,Alfred Sauvy,1898,male,Villeneuve-de-la-Raho,POINT (2.917222 42.636667),Western Europe,France,France,1921-1945,7936,historian,education
http://www.wikidata.org/entity/Q90861,Joachim Wach,1898,male,Chemnitz,POINT (12.916667 50.833333),Western Europe,Germany,Germany,1921-1945,17407,university-teacher,education
http://www.wikidata.org/entity/Q20437697,Vid Mihelics,1899,male,Csátalja,POINT (18.943 46.036),Eastern Europe,Hungary,Austria Hungary,1921-1945,10135,politician,other
http://www.wikidata.org/entity/Q2512361,Veli Verkko,1893,male,Helsinki,POINT (24.9375 60.170833),Northern Europe,Finland,Baltic States Fin. Belar.,1921-1945,10984,university-teacher,organization
http://www.wikidata.org/entity/Q1452740,Frederic Thrasher,1892,male,Shelbyville,POINT (-85.7764 39.5219),Northern America,United States,United States Can.,1921-1945,8370,university-teacher,education
http://www.wikidata.org/entity/Q76823,Karl Mannheim,1893,male,Budapest,POINT (19.040833 47.498333),Eastern Europe,Hungary,Austria Hungary,1921-1945,16783,university-teacher,education
http://www.wikidata.org/entity/Q21953084,Nikolay Iyezuitov,1899,male,Alexandrov,POINT (38.736961 56.398054),European Russia,Russian Federation,Russian Federation,1921-1945,10538,university-teacher,school
http://www.wikidata.org/entity/Q76826,Max Horkheimer,1895,male,Zuffenhausen,POINT (9.1685 48.8323),Western Europe,Germany,Germany,1921-1945,16784,university-teacher,education
http://www.wikidata.org/entity/Q2418606,Theodore Fred Abel,1896,male,Łódź,POINT (19.466667 51.75),Eastern Europe,Poland,Poland,1921-1945,10860,university-teacher,education
http://www.wikidata.org/entity/Q5993570,Manuel López del Rey,1902,male,Madrid,POINT (-3.703333 40.416944),Southern Europe,Spain,Spain Port.,1946-1970,15183,university-teacher,university
http://www.wikidata.org/entity/Q1777102,Philip Hauser,1909,male,Chicago,POINT (-87.627778 41.881944),Northern America,United States,United States Can.,1946-1970,9506,university-teacher,education
http://www.wikidata.org/entity/Q1240178,James Burnham,1905,male,Chicago,POINT (-87.627778 41.881944),Northern America,United States,United States Can.,1946-1970,6704,political-scientist,education
http://www.wikidata.org/entity/Q117415677,Yoshisaburō Yamasaki,1907,male,Kyoto,POINT (135.768111 35.011611),Eastern Asia,Japan,Japan,1946-1970,5905,university-teacher,publisher
http://www.wikidata.org/entity/Q1984383,Frederik van Heek,1907,male,Enschede,POINT (6.8925 52.2225),Western Europe,Netherlands,Belgium Netherl.,1946-1970,9978,university-teacher,organization
http://www.wikidata.org/entity/Q544383,Angus Campbell,1910,male,Indiana,POINT (-86.216667 39.933333),Northern America,United States,United States Can.,1946-1970,14050,university-teacher,education
http://www.wikidata.org/entity/Q35814721,Didier Lazard,1910,male,Chantilly,POINT (2.460833 49.186944),Western Europe,France,France,1946-1970,12573,writer,publisher
http://www.wikidata.org/entity/Q1582575,Hans Speier,1905,male,Berlin,POINT (13.383333 52.516667),Western Europe,Germany,Germany,1946-1970,8707,university-teacher,education
http://www.wikidata.org/entity/Q1103678,Clyde Kluckhohn,1905,male,Le Mars,POINT (-96.165833 42.788889),Northern America,United States,United States Can.,1946-1970,1188,anthropologist,education
http://www.wikidata.org/entity/Q203913,Talcott Parsons,1902,male,Colorado Springs,POINT (-104.791944 38.863333),Northern America,United States,United States Can.,1946-1970,10127,university-teacher,education
http://www.wikidata.org/entity/Q2425836,Boris Porshnev,1905,male,Saint Petersburg,POINT (30.316667 59.95),European Russia,Russian Federation,Russian Federation,1946-1970,10879,university-teacher,institute
http://www.wikidata.org/entity/Q1580092,Hans Gerth,1908,male,Kassel,POINT (9.497917 51.315778),Western Europe,Germany,Germany,1946-1970,8691,university-teacher,agency
http://www.wikidata.org/entity/Q81244,Karl Popper,1902,male,Vienna,POINT (16.3725 48.208333),Western Europe,Austria,Austria Hungary,1946-1970,16972,university-teacher,education
http://www.wikidata.org/entity/Q152388,Theodor W. Adorno,1903,male,Frankfurt,POINT (8.682222 50.110556),Western Europe,Germany,Germany,1946-1970,8492,university-teacher,agency
http://www.wikidata.org/entity/Q604210,Paul Mus,1902,male,Bourges,POINT (2.395555 47.083611),Western Europe,France,France,1946-1970,15250,university-teacher,education
http://www.wikidata.org/entity/Q59571709,Alison Phipps,1901,female,Yorkshire,POINT (-1.083333 53.958333),Northern Europe,United Kingdom,United Kingdom,1946-1970,15093,university-teacher,education
http://www.wikidata.org/entity/Q2371473,Svend Riemer,1905,male,Berlin,POINT (13.383333 52.516667),Western Europe,Germany,Germany,1946-1970,10755,university-teacher,education
http://www.wikidata.org/entity/Q12392467,Luis Legaz Lacambra,1906,male,Zaragoza,POINT (-0.883333 41.65),Southern Europe,Spain,Spain Port.,1946-1970,6693,politician,publisher
http://www.wikidata.org/entity/Q3512648,Pyotr Fedoseyev,1908,male,Starinskoe,POINT (45.697918 55.605078),European Russia,Russian Federation,Russian Federation,1946-1970,12522,university-teacher,publisher
http://www.wikidata.org/entity/Q5622086,Guy Benton Johnson,1901,male,Caddo Mills,POINT (-96.22889 33.06472),Northern America,United States,United States Can.,1946-1970,14478,anthropologist,education
http://www.wikidata.org/entity/Q56255974,Czesław Martyniak,1906,male,Lublin,POINT (22.566667 51.25),Eastern Europe,Poland,Poland,1946-1970,14487,university-teacher,university
http://www.wikidata.org/entity/Q12034260,Ludvík Svoboda,1903,male,Čejč,POINT (16.965109 48.946552),Eastern Europe,Czechia,Czechia,1946-1970,6236,historian,publisher
http://www.wikidata.org/entity/Q120432018,Melville Dalton,1907,male,Elwood,POINT (-85.8381 40.2742),Northern America,United States,United States Can.,1946-1970,6242,writer,education
http://www.wikidata.org/entity/Q88878,Marie Jahoda,1907,female,Vienna,POINT (16.3725 48.208333),Western Europe,Austria,Austria Hungary,1946-1970,17283,university-teacher,education
http://www.wikidata.org/entity/Q22001820,Arie Nicolaas Jan den Hollander,1906,male,Rotterdam,POINT (4.48 51.92),Western Europe,Netherlands,Belgium Netherl.,1946-1970,10543,university-teacher,institute
http://www.wikidata.org/entity/Q109557890,J. Winfield Fretz,1910,male,Bedminster Township,POINT (-75.193725 40.422243),Northern America,United States,United States Can.,1946-1970,1008,university-teacher,education
http://www.wikidata.org/entity/Q1444071,Paul Harsin,1902,male,Liège,POINT (5.570556 50.639722),Western Europe,Belgium,Belgium Netherl.,1946-1970,8357,historian,publisher
http://www.wikidata.org/entity/Q88427,Jürgen Kuczynski,1904,male,Elberfeld,POINT (7.149167 51.257222),Western Europe,Germany,Germany,1946-1970,17262,politician,publisher
http://www.wikidata.org/entity/Q55682719,Manfred Betz,1904,male,Esslingen am Neckar,POINT (9.310833 48.740556),Western Europe,Germany,Germany,1946-1970,14314,other,other
http://www.wikidata.org/entity/Q56168280,Sidney Herbert Ditzion,1908,male,Philadelphia,POINT (-75.163611 39.952778),Northern America,United States,United States Can.,1946-1970,14468,historian,education
http://www.wikidata.org/entity/Q91059,Richard Plant,1910,male,Frankfurt,POINT (8.682222 50.110556),Western Europe,Germany,Germany,1946-1970,17413,university-teacher,education
http://www.wikidata.org/entity/Q2156939,Robert E. Lee Faris,1907,male,Waco,POINT (-97.147222 31.549167),Northern America,United States,United States Can.,1946-1970,10452,university-teacher,university
http://www.wikidata.org/entity/Q1722184,Werner Stark,1909,male,Mariánské Lázně,POINT (12.70125 49.964704),Eastern Europe,Czechia,Czechia,1946-1970,9333,university-teacher,education
http://www.wikidata.org/entity/Q1731560,Karl Heinz Pfeffer,1906,male,Frankfurt,POINT (8.682222 50.110556),Western Europe,Germany,Germany,1946-1970,9381,university-teacher,publisher
http://www.wikidata.org/entity/Q1472289,Hans Bayer,1903,male,Vienna,POINT (16.3725 48.208333),Western Europe,Austria,Austria Hungary,1946-1970,8395,university-teacher,institute
http://www.wikidata.org/entity/Q17326983,Wilhelm Bernsdorf,1904,male,Bielefeld,POINT (8.533333 52.016667),Western Europe,Germany,Germany,1946-1970,9389,university-teacher,publisher
http://www.wikidata.org/entity/Q17333880,Czesław Strzeszewski,1903,male,Warsaw,POINT (21.011111 52.23),Eastern Europe,Poland,Poland,1946-1970,9392,historian,university
http://www.wikidata.org/entity/Q21551990,Bartolomeus Landheer,1904,male,Rotterdam,POINT (4.48 51.92),Western Europe,Netherlands,Belgium Netherl.,1946-1970,10447,university-teacher,university
http://www.wikidata.org/entity/Q5715514,Henri H. Stahl,1901,male,Bucharest,POINT (26.097778 44.413361),Eastern Europe,Romania,Central Europe,1946-1970,14636,historian,publisher
http://www.wikidata.org/entity/Q927879,René Dumont,1904,male,Cambrai,POINT (3.234722 50.175833),Western Europe,France,France,1946-1970,17558,other,education
http://www.wikidata.org/entity/Q112626,Adolf Sturmthal,1903,male,Vienna,POINT (16.3725 48.208333),Western Europe,Austria,Austria Hungary,1946-1970,4225,university-teacher,education
http://www.wikidata.org/entity/Q929770,Brooks Otis,1908,male,Boston,POINT (-71.057778 42.360278),Northern America,United States,United States Can.,1946-1970,17570,university-teacher,education
http://www.wikidata.org/entity/Q1991603,Nikolaus Monzel,1906,male,Siegburg,POINT (7.204444 50.801389),Western Europe,Germany,Germany,1946-1970,10001,university-teacher,publisher
http://www.wikidata.org/entity/Q4492430,Yuri Frantsov,1903,male,Moscow,POINT (37.6175 55.750556),European Russia,Russian Federation,Russian Federation,1946-1970,13202,university-teacher,education
http://www.wikidata.org/entity/Q1512099,Gerhard Mackenroth,1903,male,Halle (Saale),POINT (11.969722 51.482778),Western Europe,Germany,Germany,1946-1970,8464,university-teacher,agency
http://www.wikidata.org/entity/Q10267663,Djacir Menezes,1907,male,Maranguape,POINT (-38.685833 -3.89),South America,Brazil,South America,1946-1970,152,writer,education
http://www.wikidata.org/entity/Q215178,Heinz Otto Ziegler,1903,male,Prague,POINT (14.421389 50.0875),Eastern Europe,Czechia,Czechia,1946-1970,10429,university-teacher,agency
http://www.wikidata.org/entity/Q16628061,Salvador Lissarrague Novoa,1910,male,Santiago de Compostela,POINT (-8.533333 42.883333),Southern Europe,Spain,Spain Port.,1946-1970,9061,writer,university
http://www.wikidata.org/entity/Q1065810,Charles Price Loomis,1905,male,Broomfield,POINT (-105.05 39.933333),Northern America,United States,United States Can.,1946-1970,589,university-teacher,education
http://www.wikidata.org/entity/Q1405888,Wilhelm Emil Mühlmann,1904,male,Düsseldorf,POINT (6.776667 51.225556),Western Europe,Germany,Germany,1946-1970,8314,university-teacher,publisher
http://www.wikidata.org/entity/Q1738478,Kingsley Davis,1908,male,Jones County,POINT (-99.88 32.74),Northern America,United States,United States Can.,1946-1970,9414,university-teacher,education
http://www.wikidata.org/entity/Q215031,Aron Gurwitsch,1901,male,Vilnius,POINT (25.28 54.687222),Eastern Europe,Lithuania,Baltic States Fin. Belar.,1946-1970,10421,university-teacher,education
http://www.wikidata.org/entity/Q20041688,Fujio Tomita,1909,male,Yokohama,POINT (139.634222 35.450333),Eastern Asia,Japan,Japan,1946-1970,10064,other,university
http://www.wikidata.org/entity/Q1145600,Renato Treves,1907,male,Turin,POINT (7.676111 45.079167),Southern Europe,Italy,Italy,1946-1970,5291,university-teacher,publisher
http://www.wikidata.org/entity/Q100699680,Miklós Buk,1907,male,Kunmadaras,POINT (20.8 47.433333),Eastern Europe,Hungary,Austria Hungary,1946-1970,54,other,other
http://www.wikidata.org/entity/Q2649845,Léo Moulin,1906,male,Brussels metropolitan area,POINT (4.3525 50.846667),Western Europe,Belgium,Belgium Netherl.,1946-1970,11158,university-teacher,college
http://www.wikidata.org/entity/Q1874828,Ludwig Neundörfer,1901,male,Mainz,POINT (8.273611 49.999444),Western Europe,Germany,Germany,1946-1970,9726,university-teacher,agency
http://www.wikidata.org/entity/Q65940459,Gottfried Wilhelm Locher,1908,male,Waspik,POINT (4.9444 51.6867),Western Europe,Netherlands,Belgium Netherl.,1946-1970,16022,university-teacher,organization
http://www.wikidata.org/entity/Q1608042,Herbert Bednorz,1908,male,Gliwice,POINT (18.665833 50.294167),Eastern Europe,Poland,Poland,1946-1970,8847,university-teacher,university
http://www.wikidata.org/entity/Q1600552,Heinz Langerhans,1904,male,Köpenick,POINT (13.577222 52.445833),Western Europe,Germany,Germany,1946-1970,8785,university-teacher,agency
http://www.wikidata.org/entity/Q94037,Paul Lazarsfeld,1901,male,Vienna,POINT (16.3725 48.208333),Western Europe,Austria,Austria Hungary,1946-1970,17839,psychologist,education
http://www.wikidata.org/entity/Q112469337,James Harwood Barnett,1906,male,Owensboro,POINT (-87.11839 37.757748),Northern America,United States,United States Can.,1946-1970,2658,university-teacher,education
http://www.wikidata.org/entity/Q160640,Raymond Aron,1905,male,6th arrondissement of Paris,POINT (2.332233 48.850531),Western Europe,France,France,1946-1970,8833,university-teacher,education
http://www.wikidata.org/entity/Q1938520,Mirra Komarovsky,1905,female,Russian Empire,POINT (70.1167 58.65),Asiatic Russia,Russian Federation,Russian Federation,1946-1970,9881,university-teacher,education
http://www.wikidata.org/entity/Q1271239,Ernest Kohn Bramsted,1901,male,Augsburg,POINT (10.897778 48.368889),Western Europe,Germany,Germany,1946-1970,7157,university-teacher,education
http://www.wikidata.org/entity/Q126374,Emilio Willems,1905,male,Cologne,POINT (6.957778 50.942222),Western Europe,Germany,Germany,1946-1970,7094,university-teacher,education
http://www.wikidata.org/entity/Q1956990,Fred Polak,1907,male,Amsterdam,POINT (4.883333 52.366667),Western Europe,Netherlands,Belgium Netherl.,1946-1970,9907,university-teacher,organization
http://www.wikidata.org/entity/Q133679242,William Earle Cole,1904,male,Shady Valley,POINT (-81.927778 36.519167),Northern America,United States,United States Can.,1946-1970,7753,university-teacher,education
http://www.wikidata.org/entity/Q7348123,Robert O. Trout,1904,male,Union Parish,POINT (-92.38 32.83),Northern America,United States,United States Can.,1946-1970,16582,teacher,education
http://www.wikidata.org/entity/Q1335486,Emerich K. Francis,1906,male,Jablonec nad Nisou,POINT (15.17 50.727778),Eastern Europe,Czechia,Czechia,1946-1970,7718,university-teacher,university
http://www.wikidata.org/entity/Q311167,Francisco Ayala,1906,male,Granada,POINT (-3.6 37.175),Southern Europe,Spain,Spain Port.,1946-1970,11958,university-teacher,education
http://www.wikidata.org/entity/Q3108017,Willem Frederik Wertheim,1907,male,Saint Petersburg,POINT (30.316667 59.95),European Russia,Russian Federation,Russian Federation,1946-1970,11950,university-teacher,institute
http://www.wikidata.org/entity/Q3102665,Georges Duveau,1903,male,Meyssac,POINT (1.674167 45.055556),Western Europe,France,France,1946-1970,11934,historian,university
http://www.wikidata.org/entity/Q3102100,Georges-Henri Lévesque,1903,male,Roberval,POINT (-72.221944 48.5175),Northern America,Canada,United States Can.,1946-1970,11932,university-teacher,publisher
http://www.wikidata.org/entity/Q9382154,Władysław Okiński,1906,male,Włocławek,POINT (19.05 52.65),Eastern Europe,Poland,Poland,1946-1970,17819,university-teacher,publisher
http://www.wikidata.org/entity/Q205162,Isaiah Berlin,1909,male,Riga,POINT (24.106944 56.9475),Eastern Europe,Latvia,Baltic States Fin. Belar.,1946-1970,10153,university-teacher,education
http://www.wikidata.org/entity/Q940513,Rensis Likert,1903,male,Cheyenne,POINT (-104.801944 41.145556),Northern America,United States,United States Can.,1946-1970,17840,psychologist,education
http://www.wikidata.org/entity/Q99332,Paul Massing,1902,male,Grumbach,POINT (7.556111 49.656944),Western Europe,Germany,Germany,1946-1970,18997,other,college
http://www.wikidata.org/entity/Q129273,Victor Leemans,1901,male,Stekene,POINT (4.04 51.2061),Western Europe,Belgium,Belgium Netherl.,1946-1970,7325,politician,education
http://www.wikidata.org/entity/Q1600876,Heinz Sauermann,1905,male,Bielefeld,POINT (8.533333 52.016667),Western Europe,Germany,Germany,1946-1970,8794,university-teacher,agency
http://www.wikidata.org/entity/Q1552882,Allan Flanders,1910,male,London,POINT (-0.1275 51.507222),Northern Europe,United Kingdom,United Kingdom,1946-1970,8611,university-teacher,education
http://www.wikidata.org/entity/Q28867515,Cora Vreede-de Stuers,1909,female,Bodegraven,POINT (4.7486 52.0808),Western Europe,Netherlands,Belgium Netherl.,1946-1970,11536,university-teacher,institute
http://www.wikidata.org/entity/Q19277124,Carl Jantke,1909,male,Elbląg,POINT (19.408889 54.152222),Eastern Europe,Poland,Poland,1946-1970,9835,university-teacher,university
http://www.wikidata.org/entity/Q1555398,Werner Jacob Cahnman,1902,male,Munich,POINT (11.575 48.1375),Western Europe,Germany,Germany,1946-1970,8617,university-teacher,college
http://www.wikidata.org/entity/Q706683,Edward Shils,1910,male,Chicago,POINT (-87.627778 41.881944),Northern America,United States,United States Can.,1946-1970,16359,university-teacher,education
http://www.wikidata.org/entity/Q706669,Jacob Katz,1904,male,Magyargencs,POINT (17.285411 47.3763),Eastern Europe,Hungary,Austria Hungary,1946-1970,16358,university-teacher,university
http://www.wikidata.org/entity/Q704039,Eric Voegelin,1901,male,Cologne,POINT (6.957778 50.942222),Western Europe,Germany,Germany,1946-1970,16332,university-teacher,university
http://www.wikidata.org/entity/Q13032999,Tamas Padziava,1906,male,Piarchulieva,POINT (27.426667 55.703611),Eastern Europe,Belarus,Baltic States Fin. Belar.,1946-1970,7377,other,other
http://www.wikidata.org/entity/Q711172,W. Ross Ashby,1903,male,London,POINT (-0.1275 51.507222),Northern Europe,United Kingdom,United Kingdom,1946-1970,16387,university-teacher,education
http://www.wikidata.org/entity/Q107506,Wolfram Eberhard,1909,male,Potsdam,POINT (13.066667 52.4),Western Europe,Germany,Germany,1946-1970,739,other,education
http://www.wikidata.org/entity/Q504319,David Riesman,1909,male,Philadelphia,POINT (-75.163611 39.952778),Northern America,United States,United States Can.,1946-1970,13697,university-teacher,education
http://www.wikidata.org/entity/Q128126,Claude Lévi-Strauss,1908,male,Brussels,POINT (4.351667 50.846667),Western Europe,Belgium,Belgium Netherl.,1946-1970,7264,writer,education
http://www.wikidata.org/entity/Q1604020,Helmut Wagner,1904,male,Dresden,POINT (13.738144 51.049329),Western Europe,Germany,Germany,1946-1970,8818,university-teacher,education
http://www.wikidata.org/entity/Q67645,Eugen Kogon,1903,male,Munich,POINT (11.575 48.1375),Western Europe,Germany,Germany,1946-1970,16181,university-teacher,university
http://www.wikidata.org/entity/Q67672,Alfred Müller-Armack,1901,male,Essen,POINT (7.013055 51.450833),Western Europe,Germany,Germany,1946-1970,16184,university-teacher,publisher
http://www.wikidata.org/entity/Q27859460,Ira De Augustine Reid,1901,male,Clifton Forge,POINT (-79.823584 37.819801),Northern America,United States,United States Can.,1946-1970,11289,university-teacher,education
http://www.wikidata.org/entity/Q130917,Franz Six,1909,male,Mannheim,POINT (8.466111 49.487778),Western Europe,Germany,Germany,1946-1970,7458,university-teacher,publisher
http://www.wikidata.org/entity/Q19296052,Max Ernst Graf zu Solms-Rödelheim,1910,male,Strasbourg,POINT (7.752222 48.573333),Western Europe,France,France,1946-1970,9845,university-teacher,organization
http://www.wikidata.org/entity/Q18540734,Traian Herseni,1907,male,Recea,POINT (24.944722 45.730833),Eastern Europe,Romania,Central Europe,1946-1970,9644,historian,publisher
http://www.wikidata.org/entity/Q55772573,Pierre Marthelot,1909,male,Joigny,POINT (3.397222 47.982222),Western Europe,France,France,1946-1970,14370,university-teacher,education
http://www.wikidata.org/entity/Q76112,René König,1906,male,Magdeburg,POINT (11.639961 52.131589),Western Europe,Germany,Germany,1946-1970,16734,university-teacher,publisher
http://www.wikidata.org/entity/Q98989,Richard Fritz Behrendt,1908,male,Gliwice,POINT (18.665833 50.294167),Eastern Europe,Poland,Poland,1946-1970,18980,university-teacher,publisher
http://www.wikidata.org/entity/Q1688305,Sérgio Buarque de Holanda,1902,male,São Paulo,POINT (-46.633947 -23.550394),South America,Brazil,South America,1946-1970,9165,writer,education
http://www.wikidata.org/entity/Q2562961,Werner Ziegenfuß,1904,male,Essen,POINT (7.013055 51.450833),Western Europe,Germany,Germany,1946-1970,11061,university-teacher,organization
http://www.wikidata.org/entity/Q6187630,Jessie Bernard,1903,female,Minneapolis,POINT (-93.269167 44.981945),Northern America,United States,United States Can.,1946-1970,15528,writer,education
http://www.wikidata.org/entity/Q3184951,Joseph Folliet,1903,male,1st arrondissement of Lyon,POINT (4.833628 45.768719),Western Europe,France,France,1946-1970,12124,writer,other
http://www.wikidata.org/entity/Q25649,Saul Alinsky,1909,male,Chicago,POINT (-87.627778 41.881944),Northern America,United States,United States Can.,1946-1970,11063,writer,organization
http://www.wikidata.org/entity/Q1111892,Leslie Kish,1910,male,Poprad,POINT (20.3 49.05),Eastern Europe,Slovakia,Central Europe,1946-1970,1342,other,education
http://www.wikidata.org/entity/Q211095,George S. Wise,1906,male,Pinsk,POINT (26.103055 52.115278),Eastern Europe,Belarus,Baltic States Fin. Belar.,1946-1970,10347,other,education
http://www.wikidata.org/entity/Q162597,Henri Lefebvre,1901,male,Hagetmau,POINT (-0.593611 43.655278),Western Europe,France,France,1946-1970,8920,university-teacher,university
http://www.wikidata.org/entity/Q5417064,Everett Stonequist,1901,male,Worcester,POINT (-71.798889 42.271389),Northern America,United States,United States Can.,1946-1970,14038,university-teacher,education
http://www.wikidata.org/entity/Q61616,Arnold Gehlen,1904,male,Leipzig,POINT (12.374733 51.340632),Western Europe,Germany,Germany,1946-1970,15464,philosopher,publisher
http://www.wikidata.org/entity/Q163171,George C. Homans,1910,male,Boston,POINT (-71.057778 42.360278),Northern America,United States,United States Can.,1946-1970,8945,economist,education
http://www.wikidata.org/entity/Q1536275,Hans Mokre,1901,male,Bruck an der Mur,POINT (15.268611 47.410556),Western Europe,Austria,Austria Hungary,1946-1970,8516,university-teacher,publisher
http://www.wikidata.org/entity/Q1039705,Carl Mayer,1902,male,Pforzheim,POINT (8.702953 48.890885),Western Europe,Germany,Germany,1946-1970,269,university-teacher,agency
http://www.wikidata.org/entity/Q47008688,Leo Srole,1908,male,Chicago,POINT (-87.627778 41.881944),Northern America,United States,United States Can.,1946-1970,13363,scientist,education
http://www.wikidata.org/entity/Q9342197,Stanisław Karol Rychliński,1903,male,Warsaw,POINT (21.011111 52.23),Eastern Europe,Poland,Poland,1946-1970,17736,university-teacher,school
http://www.wikidata.org/entity/Q1351843,Jean Fourastié,1907,male,Saint-Benin-d'Azy,POINT (3.392778 46.999444),Western Europe,France,France,1946-1970,7921,writer,education
http://www.wikidata.org/entity/Q25820510,Evert Willem Hofstee,1909,male,Westeremden,POINT (6.7106 53.3436),Western Europe,Netherlands,Belgium Netherl.,1946-1970,11076,university-teacher,university
http://www.wikidata.org/entity/Q125836,Eva Lips,1906,female,Leipzig,POINT (12.374733 51.340632),Western Europe,Germany,Germany,1946-1970,7016,university-teacher,publisher
http://www.wikidata.org/entity/Q315542,George Gallup,1901,male,Jefferson,POINT (-94.376667 42.016667),Northern America,United States,United States Can.,1946-1970,12025,journalist,education
http://www.wikidata.org/entity/Q4723323,Alfred R. Lindesmith,1905,male,Clinton Falls Township,POINT (-93.237222 44.1375),Northern America,United States,United States Can.,1946-1970,13421,university-teacher,education
http://www.wikidata.org/entity/Q7411252,Samuel Delbert Clark,1910,male,Lloydminster,POINT (-110.005 53.278333),Northern America,Canada,United States Can.,1946-1970,16636,university-teacher,publisher
http://www.wikidata.org/entity/Q314462,Harold Lasswell,1902,male,Donnellson,POINT (-89.4742 39.0311),Northern America,United States,United States Can.,1946-1970,12015,political-scientist,education
http://www.wikidata.org/entity/Q314252,Gregory Bateson,1904,male,Grantchester,POINT (0.095 52.179),Northern Europe,United Kingdom,United Kingdom,1946-1970,12011,university-teacher,facility
http://www.wikidata.org/entity/Q2582212,Willy Strzelewicz,1905,male,Berlin,POINT (13.383333 52.516667),Western Europe,Germany,Germany,1946-1970,11077,university-teacher,university
http://www.wikidata.org/entity/Q73680,Sigmund Neumann,1904,male,Leipzig,POINT (12.374733 51.340632),Western Europe,Germany,Germany,1946-1970,16608,university-teacher,education
http://www.wikidata.org/entity/Q5441828,Feliks Gross,1906,male,Kraków,POINT (19.937222 50.061389),Eastern Europe,Poland,Poland,1946-1970,14048,scientist,education
http://www.wikidata.org/entity/Q1583246,Hans Zeisel,1905,male,Kadaň,POINT (13.271397 50.376086),Eastern Europe,Czechia,Czechia,1946-1970,8710,university-teacher,education
http://www.wikidata.org/entity/Q312843,Robert K. Merton,1910,male,Philadelphia,POINT (-75.163611 39.952778),Northern America,United States,United States Can.,1946-1970,11997,university-teacher,education
http://www.wikidata.org/entity/Q2516728,Aleksey Rumyantsev,1905,male,Kostroma Governorate,POINT (40.933333 57.766667),European Russia,Russian Federation,Russian Federation,1946-1970,10989,politician,organization
http://www.wikidata.org/entity/Q4719034,Alexander H. Leighton,1908,male,Philadelphia,POINT (-75.163611 39.952778),Northern America,United States,United States Can.,1946-1970,13413,other,education
http://www.wikidata.org/entity/Q1111269,Otto Neuloh,1902,male,Eickel,POINT (7.177222 51.513611),Western Europe,Germany,Germany,1946-1970,1331,university-teacher,publisher
http://www.wikidata.org/entity/Q3174684,Jean Stoetzel,1910,male,Saint-Dié-des-Vosges,POINT (6.949167 48.284167),Western Europe,France,France,1946-1970,12103,psychologist,education
http://www.wikidata.org/entity/Q6263871,John W. M. Whiting,1908,male,Martha's Vineyard,POINT (-70.616667 41.4),Northern America,United States,United States Can.,1946-1970,15643,university-teacher,education
http://www.wikidata.org/entity/Q461121,Harold Garfinkel,1917,male,Newark,POINT (-74.172222 40.735556),Northern America,United States,United States Can.,1946-1970,13298,university-teacher,education
http://www.wikidata.org/entity/Q1701948,John Todd,1911,male,Carnacally,POINT (-6.29567 54.227521),Northern Europe,United Kingdom,United Kingdom,1946-1970,9227,university-teacher,education
http://www.wikidata.org/entity/Q1537994,Gordon Zahn,1918,male,Milwaukee,POINT (-87.95 43.05),Northern America,United States,United States Can.,1946-1970,8517,university-teacher,education
http://www.wikidata.org/entity/Q4598174,Bernard Berelson,1912,male,Spokane,POINT (-117.4235 47.657195),Northern America,United States,United States Can.,1946-1970,13296,university-teacher,education
http://www.wikidata.org/entity/Q508217,Robert Escarpit,1918,male,Saint-Macaire,POINT (-0.226317 44.565239),Western Europe,France,France,1946-1970,13742,politician,newspaper
http://www.wikidata.org/entity/Q215656,Joachim Israel,1920,male,Karlsruhe,POINT (8.4 49.016667),Western Europe,Germany,Germany,1946-1970,10449,university-teacher,organization
http://www.wikidata.org/entity/Q2159863,Robin Murphy Williams,1914,male,Hillsborough,POINT (-79.104167 36.070555),Northern America,United States,United States Can.,1946-1970,10464,university-teacher,education
http://www.wikidata.org/entity/Q513448,Lucien Goldmann,1913,male,Bucharest,POINT (26.097778 44.413361),Eastern Europe,Romania,Central Europe,1946-1970,13787,university-teacher,education
http://www.wikidata.org/entity/Q215834,Peter Blau,1918,male,Vienna,POINT (16.3725 48.208333),Western Europe,Austria,Austria Hungary,1946-1970,10461,university-teacher,education
http://www.wikidata.org/entity/Q15435910,Maria Dorothea Simon,1918,female,Vienna,POINT (16.3725 48.208333),Western Europe,Austria,Austria Hungary,1946-1970,8547,psychologist,education
http://www.wikidata.org/entity/Q11769203,Maria Turlejska,1918,female,Warsaw,POINT (21.011111 52.23),Eastern Europe,Poland,Poland,1946-1970,5962,historian,institution
http://www.wikidata.org/entity/Q4710887,Albert N. Whiting,1917,male,Navesink,POINT (-74.0405 40.4011),Northern America,United States,United States Can.,1946-1970,13390,other,education
http://www.wikidata.org/entity/Q11730872,Józef Majka,1918,male,Suchorzów,POINT (21.5833 50.5),Eastern Europe,Poland,Poland,1946-1970,5880,philosopher,university
http://www.wikidata.org/entity/Q2134762,Sjoerd Groenman,1913,male,Roosendaal,POINT (4.45 51.533333),Western Europe,Netherlands,Belgium Netherl.,1946-1970,10393,university-teacher,organization
http://www.wikidata.org/entity/Q20973595,Wanda Leopold,1920,female,Warsaw,POINT (21.011111 52.23),Eastern Europe,Poland,Poland,1946-1970,10294,other,publisher
http://www.wikidata.org/entity/Q1690107,Joachim Giers,1911,male,Berlin,POINT (13.383333 52.516667),Western Europe,Germany,Germany,1946-1970,9175,university-teacher,university
http://www.wikidata.org/entity/Q214256,Gabriele Wülker,1911,female,Frankfurt (Oder),POINT (14.551667 52.342083),Western Europe,Germany,Germany,1946-1970,10408,university-teacher,agency
http://www.wikidata.org/entity/Q1512794,Gerhard Wurzbacher,1912,male,Zwickau,POINT (12.496111 50.718889),Western Europe,Germany,Germany,1946-1970,8471,university-teacher,organization
http://www.wikidata.org/entity/Q20829491,Józef Kwiatek,1911,male,Psary Wielkie,POINT (17.5 52.35),Eastern Europe,Poland,Poland,1946-1970,10257,other,publisher
http://www.wikidata.org/entity/Q214958,Lewis A. Coser,1913,male,Berlin,POINT (13.383333 52.516667),Western Europe,Germany,Germany,1946-1970,10418,university-teacher,education
http://www.wikidata.org/entity/Q117624398,Karl F. Schuessler,1915,male,Quincy,POINT (-91.388611 39.932222),Northern America,United States,United States Can.,1946-1970,5946,university-teacher,education
http://www.wikidata.org/entity/Q4460326,James D. Thompson,1920,male,Indianapolis,POINT (-86.158056 39.768611),Northern America,United States,United States Can.,1946-1970,13180,university-teacher,education
http://www.wikidata.org/entity/Q444704,Jacques de Mahieu,1915,male,Marseille,POINT (5.376389 43.296667),Western Europe,France,France,1946-1970,13167,university-teacher,publisher
http://www.wikidata.org/entity/Q1538068,Gordon Rattray Taylor,1911,male,Eastbourne,POINT (0.286111 50.766389),Northern Europe,United Kingdom,United Kingdom,1946-1970,8518,journalist,other
http://www.wikidata.org/entity/Q1539153,Gottfried Eisermann,1918,male,Berlin,POINT (13.383333 52.516667),Western Europe,Germany,Germany,1946-1970,8519,university-teacher,publisher
http://www.wikidata.org/entity/Q504687,Louis Guttman,1916,male,Brooklyn,POINT (-73.949722 40.650833),Northern America,United States,United States Can.,1946-1970,13701,university-teacher,education
http://www.wikidata.org/entity/Q21517986,Marthe Versichelen,1917,female,Ghent,POINT (3.725278 51.053611),Western Europe,Belgium,Belgium Netherl.,1946-1970,10430,university-teacher,education
http://www.wikidata.org/entity/Q47009171,Jacques Vernant,1912,male,18th arrondissement of Paris,POINT (2.344447 48.89215),Western Europe,France,France,1946-1970,13364,university-teacher,institute
http://www.wikidata.org/entity/Q2129632,Ralph Herbert Turner,1919,male,Effingham,POINT (-88.5458 39.1208),Northern America,United States,United States Can.,1946-1970,10390,university-teacher,education
http://www.wikidata.org/entity/Q1518977,Harry Maòr,1914,male,Munich,POINT (11.575 48.1375),Western Europe,Germany,Germany,1946-1970,8484,other,university
http://www.wikidata.org/entity/Q11730001,Józef Burszta,1914,male,Grodzisko Dolne,POINT (22.45 50.15),Eastern Europe,Poland,Poland,1946-1970,5876,university-teacher,publisher
http://www.wikidata.org/entity/Q2848793,André Virel,1920,male,Douai,POINT (3.079167 50.370833),Western Europe,France,France,1946-1970,11453,university-teacher,institution
http://www.wikidata.org/entity/Q1254323,Edwin M. Lemert,1912,male,Cincinnati,POINT (-84.5125 39.1),Northern America,United States,United States Can.,1946-1970,6976,university-teacher,education
http://www.wikidata.org/entity/Q1338858,Henri Tajfel,1919,male,Włocławek,POINT (19.05 52.65),Eastern Europe,Poland,Poland,1946-1970,7808,university-teacher,education
http://www.wikidata.org/entity/Q312837,C. Wright Mills,1916,male,Waco,POINT (-97.147222 31.549167),Northern America,United States,United States Can.,1946-1970,11996,university-teacher,education
http://www.wikidata.org/entity/Q3123912,Gérard Dion,1912,male,Quebec,POINT (-72 52),Northern America,Canada,United States Can.,1946-1970,11981,university-teacher,publisher
http://www.wikidata.org/entity/Q2636685,Alan Fox,1920,male,London,POINT (-0.1275 51.507222),Northern Europe,United Kingdom,United Kingdom,1946-1970,11138,university-teacher,education
http://www.wikidata.org/entity/Q1333105,Robert Nisbet,1913,male,Los Angeles,POINT (-118.24368 34.05223),Northern America,United States,United States Can.,1946-1970,7693,university-teacher,education
http://www.wikidata.org/entity/Q2570134,Wilbert E. Moore,1914,male,Elma,POINT (-123.406389 47.005556),Northern America,United States,United States Can.,1946-1970,11066,university-teacher,education
http://www.wikidata.org/entity/Q19691364,Stefan Nowakowski,1912,male,Kobyłka,POINT (21.19589 52.33953),Eastern Europe,Poland,Poland,1946-1970,9950,university-teacher,institute
http://www.wikidata.org/entity/Q3289329,Marcel Rioux,1919,male,Amqui,POINT (-67.43323 48.46238),Northern America,Canada,United States Can.,1946-1970,12201,writer,publisher
http://www.wikidata.org/entity/Q328844,Ray Birdwhistell,1918,male,Cincinnati,POINT (-84.5125 39.1),Northern America,United States,United States Can.,1946-1970,12197,university-teacher,education
http://www.wikidata.org/entity/Q19665154,Robert Louis Kahn,1918,male,Detroit,POINT (-83.0475 42.331667),Northern America,United States,United States Can.,1946-1970,9936,psychologist,education
http://www.wikidata.org/entity/Q322922,Jacques Ellul,1912,male,Bordeaux,POINT (-0.579444 44.837778),Western Europe,France,France,1946-1970,12151,university-teacher,education
http://www.wikidata.org/entity/Q25614772,Melvin Seeman,1918,male,Baltimore,POINT (-76.615 39.286389),Northern America,United States,United States Can.,1946-1970,11058,psychologist,education
http://www.wikidata.org/entity/Q1344166,Enrique Tierno Galván,1918,male,Madrid,POINT (-3.703333 40.416944),Southern Europe,Spain,Spain Port.,1946-1970,7842,university-teacher,education
http://www.wikidata.org/entity/Q1844137,Matilda White Riley,1911,female,Boston,POINT (-71.057778 42.360278),Northern America,United States,United States Can.,1946-1970,9611,university-teacher,education
http://www.wikidata.org/entity/Q3181892,John L. Holland,1919,male,Omaha,POINT (-95.9375 41.258611),Northern America,United States,United States Can.,1946-1970,12119,university-teacher,education
http://www.wikidata.org/entity/Q3180339,Joffre Dumazedier,1915,male,Taverny,POINT (2.226667 49.025833),Western Europe,France,France,1946-1970,12115,university-teacher,university
http://www.wikidata.org/entity/Q1252413,Radomir Lukić,1914,male,Miloševac,POINT (21.11 44.434167),Southern Europe,Serbia,Central Europe,1946-1970,6945,university-teacher,publisher
http://www.wikidata.org/entity/Q133253649,Wanda Mrozek,1915,female,Pniewy,POINT (16.256389 52.508889),Eastern Europe,Poland,Poland,1946-1970,7674,researcher,organization
http://www.wikidata.org/entity/Q12725838,Costin Murgescu,1919,male,Râmnicu Sărat,POINT (27.06 45.38),Eastern Europe,Romania,Central Europe,1946-1970,7167,historian,publisher
http://www.wikidata.org/entity/Q27764853,Raymond Ledrut,1919,male,15th arrondissement of Paris,POINT (2.300292 48.841328),Western Europe,France,France,1946-1970,11278,university-teacher,publisher
http://www.wikidata.org/entity/Q16027798,Madeleine Grawitz,1911,female,Marseille,POINT (5.376389 43.296667),Western Europe,France,France,1946-1970,8813,university-teacher,university
http://www.wikidata.org/entity/Q28321505,Jean Floud,1915,female,Westcliff-on-Sea,POINT (0.690833 51.539722),Northern Europe,United Kingdom,United Kingdom,1946-1970,11413,other,education
http://www.wikidata.org/entity/Q28876,David McClelland,1917,male,Mount Vernon,POINT (-73.830556 40.914167),Northern America,United States,United States Can.,1946-1970,11546,university-teacher,education
http://www.wikidata.org/entity/Q1305409,Werner S. Landecker,1911,male,Berlin,POINT (13.383333 52.516667),Western Europe,Germany,Germany,1946-1970,7410,university-teacher,education
http://www.wikidata.org/entity/Q16012805,"John E. Ivey, Jr.",1919,male,Raleigh,POINT (-78.64 35.78),Northern America,United States,United States Can.,1946-1970,8800,other,education
http://www.wikidata.org/entity/Q286362,Émile Poulat,1920,male,1st arrondissement of Lyon,POINT (4.833628 45.768719),Western Europe,France,France,1946-1970,11485,university-teacher,institute
http://www.wikidata.org/entity/Q16009322,Daniel Lerner,1917,male,Brooklyn,POINT (-73.949722 40.650833),Northern America,United States,United States Can.,1946-1970,8795,university-teacher,education
http://www.wikidata.org/entity/Q28528823,Adelaide M. Cromwell,1919,female,"Washington, D.C.",POINT (-77.036667 38.895),Northern America,United States,United States Can.,1946-1970,11473,university-teacher,education
http://www.wikidata.org/entity/Q1899176,Marion J. Levy Jr.,1918,male,Galveston,POINT (-94.797778 29.301389),Northern America,United States,United States Can.,1946-1970,9787,university-teacher,education
http://www.wikidata.org/entity/Q12735168,Mattei Dogan,1920,male,Curtea de Argeș,POINT (24.666667 45.116667),Eastern Europe,Romania,Central Europe,1946-1970,7179,researcher,education
http://www.wikidata.org/entity/Q193871,Marshall McLuhan,1911,male,Edmonton,POINT (-113.5 53.533333),Northern America,Canada,United States Can.,1946-1970,9882,university-teacher,education
http://www.wikidata.org/entity/Q1325206,Ernst Hoffmann,1912,male,Elberfeld,POINT (7.149167 51.257222),Western Europe,Germany,Germany,1946-1970,7617,university-teacher,publisher
http://www.wikidata.org/entity/Q1935897,Milton Himmelfarb,1918,male,Brooklyn,POINT (-73.949722 40.650833),Northern America,United States,United States Can.,1946-1970,9868,writer,education
http://www.wikidata.org/entity/Q1600632,Heinz Maus,1911,male,Krefeld,POINT (6.566667 51.333333),Western Europe,Germany,Germany,1946-1970,8788,university-teacher,university
http://www.wikidata.org/entity/Q330407,Abraham Moles,1920,male,Touzac,POINT (-0.155833 45.550833),Western Europe,France,France,1946-1970,12244,philosopher,publisher
http://www.wikidata.org/entity/Q124333,Friedrich Tenbruck,1919,male,Essen,POINT (7.013055 51.450833),Western Europe,Germany,Germany,1946-1970,6769,university-teacher,publisher
http://www.wikidata.org/entity/Q33084512,Monika Plessner,1913,female,Osnabrück,POINT (8.043056 52.278889),Western Europe,Germany,Germany,1946-1970,12253,university-teacher,organization
http://www.wikidata.org/entity/Q17382975,Knut Gunnar Pipping,1920,male,Turku,POINT (22.266944 60.451667),Northern Europe,Finland,Baltic States Fin. Belar.,1946-1970,9412,university-teacher,university
http://www.wikidata.org/entity/Q20048474,Abelardo Fernando Montenegro,1912,male,Crateús,POINT (-40.677778 -5.177778),South America,Brazil,South America,1946-1970,10073,writer,education
http://www.wikidata.org/entity/Q3867444,Murray Edelman,1919,male,Nanticoke,POINT (-75.9992 41.1994),Northern America,United States,United States Can.,1946-1970,12746,political-scientist,education
http://www.wikidata.org/entity/Q1399773,Thomas Bottomore,1920,male,England,POINT (-1 53),Northern Europe,United Kingdom,United Kingdom,1946-1970,8304,university-teacher,education
http://www.wikidata.org/entity/Q17452343,Anton Wurster,1913,male,Rijeka,POINT (14.433333 45.333333),Southern Europe,Croatia,Central Europe,1946-1970,9439,philosopher,publisher
http://www.wikidata.org/entity/Q23010280,Alain Girard,1914,male,15th arrondissement of Paris,POINT (2.300292 48.841328),Western Europe,France,France,1946-1970,10660,researcher,publisher
http://www.wikidata.org/entity/Q234335,Jane Jacobs,1916,female,Scranton,POINT (-75.662412 41.408969),Northern America,United States,United States Can.,1946-1970,10717,writer,other
http://www.wikidata.org/entity/Q372244,Albert K. Cohen,1918,male,Boston,POINT (-71.057778 42.360278),Northern America,United States,United States Can.,1946-1970,12645,university-teacher,education
http://www.wikidata.org/entity/Q1405916,Norman Cohn,1915,male,London,POINT (-0.1275 51.507222),Northern Europe,United Kingdom,United Kingdom,1946-1970,8315,university-teacher,education
http://www.wikidata.org/entity/Q17381262,Faina Jyrkilä,1917,female,Sortavala,POINT (30.666667 61.7),European Russia,Russian Federation,Russian Federation,1946-1970,9410,writer,publisher
http://www.wikidata.org/entity/Q1731350,Karl Gustav Specht,1916,male,Rheydt,POINT (6.45 51.166667),Western Europe,Germany,Germany,1946-1970,9380,university-teacher,organization
http://www.wikidata.org/entity/Q16650246,Arne Runeberg,1912,male,Helsinki,POINT (24.9375 60.170833),Northern Europe,Finland,Baltic States Fin. Belar.,1946-1970,9077,anthropologist,agency
http://www.wikidata.org/entity/Q2166751,Rose Laub Coser,1916,female,Berlin,POINT (13.383333 52.516667),Western Europe,Germany,Germany,1946-1970,10491,university-teacher,education
http://www.wikidata.org/entity/Q1445853,Edwin S. Shneidman,1918,male,York,POINT (-76.7281 39.9628),Northern America,United States,United States Can.,1946-1970,8362,psychologist,education
http://www.wikidata.org/entity/Q2038294,Otto Blume,1919,male,Porz,POINT (7.055278 50.887778),Western Europe,Germany,Germany,1946-1970,10124,university-teacher,publisher
http://www.wikidata.org/entity/Q142304,John A. Hostetler,1918,male,Belleville,POINT (-77.724722 40.603333),Northern America,United States,United States Can.,1946-1970,8332,writer,education
http://www.wikidata.org/entity/Q1571294,Joseph Maier,1911,male,Leipzig,POINT (12.374733 51.340632),Western Europe,Germany,Germany,1946-1970,8658,university-teacher,college
http://www.wikidata.org/entity/Q430765,Roger Caillois,1913,male,Reims,POINT (4.028611 49.265278),Western Europe,France,France,1946-1970,13059,writer,organization
http://www.wikidata.org/entity/Q241199,"Barrington Moore, Jr.",1913,male,"Washington, D.C.",POINT (-77.036667 38.895),Northern America,United States,United States Can.,1946-1970,10854,political-scientist,education
http://www.wikidata.org/entity/Q3379880,Philippe Garigue,1913,male,Manchester,POINT (-2.233333 53.466667),Northern Europe,United Kingdom,United Kingdom,1946-1970,12384,political-scientist,organization
http://www.wikidata.org/entity/Q1581629,Hans Paul Bahrdt,1918,male,Dresden,POINT (13.738144 51.049329),Western Europe,Germany,Germany,1946-1970,8701,university-teacher,organization
http://www.wikidata.org/entity/Q2439570,Tom Burns,1913,male,London,POINT (-0.1275 51.507222),Northern Europe,United Kingdom,United Kingdom,1946-1970,10900,university-teacher,education
http://www.wikidata.org/entity/Q3373473,Marvin Opler,1914,male,Buffalo,POINT (-78.878056 42.886389),Northern America,United States,United States Can.,1946-1970,12374,anthropologist,education
http://www.wikidata.org/entity/Q3373202,Carlo Tullio Altan,1916,male,San Vito al Tagliamento,POINT (12.855555 45.915278),Southern Europe,Italy,Italy,1946-1970,12373,university-teacher,publisher
http://www.wikidata.org/entity/Q245800,Dyzma Gałaj,1915,male,Mystkowice,POINT (19.783333 52.1),Eastern Europe,Poland,Poland,1946-1970,10927,politician,publisher
http://www.wikidata.org/entity/Q1240240,Donald Cressey,1919,male,United States,POINT (-98.5795 39.828175),Northern America,United States,United States Can.,1946-1970,6706,university-teacher,education
http://www.wikidata.org/entity/Q3370307,Paul-Henry Chombart de Lauwe,1913,male,Cambrai,POINT (3.234722 50.175833),Western Europe,France,France,1946-1970,12359,other,institute
http://www.wikidata.org/entity/Q336683,"Michael Young, Baron Young of Dartington",1915,male,Manchester,POINT (-2.233333 53.466667),Northern Europe,United Kingdom,United Kingdom,1946-1970,12348,politician,education
http://www.wikidata.org/entity/Q1356608,Ernest van den Haag,1914,male,The Hague,POINT (4.31 52.08),Western Europe,Netherlands,Belgium Netherl.,1946-1970,7985,university-teacher,education
http://www.wikidata.org/entity/Q181529,Herbert Simon,1916,male,Milwaukee,POINT (-87.95 43.05),Northern America,United States,United States Can.,1946-1970,9554,university-teacher,education
http://www.wikidata.org/entity/Q339885,Sergio Bagú,1911,male,Buenos Aires,POINT (-58.381944 -34.599722),South America,Argentina,South America,1946-1970,12410,historian,publisher
http://www.wikidata.org/entity/Q1799258,Paul Martin Neurath,1911,male,Vienna,POINT (16.3725 48.208333),Western Europe,Austria,Austria Hungary,1946-1970,9525,university-teacher,agency
http://www.wikidata.org/entity/Q1776712,Stanislav Andreski,1919,male,Częstochowa,POINT (19.12217 50.80964),Eastern Europe,Poland,Poland,1946-1970,9505,university-teacher,education
http://www.wikidata.org/entity/Q357480,Victor Turner,1920,male,Glasgow,POINT (-4.25 55.861111),Northern Europe,United Kingdom,United Kingdom,1946-1970,12569,anthropologist,education
http://www.wikidata.org/entity/Q3568751,William Josiah Goode,1917,male,Houston,POINT (-95.383056 29.762778),Northern America,United States,United States Can.,1946-1970,12556,university-teacher,education
http://www.wikidata.org/entity/Q3565699,W. B. Gallie,1912,male,Lenzie,POINT (-4.153 55.923),Northern Europe,United Kingdom,United Kingdom,1946-1970,12553,university-teacher,education
http://www.wikidata.org/entity/Q3557442,Victor Martin,1912,male,Blaton,POINT (3.65 50.5),Western Europe,Belgium,Belgium Netherl.,1946-1970,12546,other,organization
http://www.wikidata.org/entity/Q179109,Roland Barthes,1915,male,Cherbourg,POINT (-1.6 49.633333),Western Europe,France,France,1946-1970,9513,university-teacher,education
http://www.wikidata.org/entity/Q1378374,Hans Linde,1913,male,Jeßnitz,POINT (12.29992 51.68307),Western Europe,Germany,Germany,1946-1970,8218,university-teacher,organization
http://www.wikidata.org/entity/Q1372466,John Milton Yinger,1916,male,Quincy,POINT (-84.8858 41.9444),Northern America,United States,United States Can.,1946-1970,8161,university-teacher,education
http://www.wikidata.org/entity/Q3490734,Jaroslav Krejčí,1916,male,Polešovice,POINT (17.340642 49.03391),Eastern Europe,Czechia,Czechia,1946-1970,12493,university-teacher,education
http://www.wikidata.org/entity/Q1798243,Wilfried Schlau,1917,male,Veliky Ustyug,POINT (46.303889 60.758889),European Russia,Russian Federation,Russian Federation,1946-1970,9521,university-teacher,publisher
http://www.wikidata.org/entity/Q2387448,Florestan Fernandes,1920,male,São Paulo,POINT (-46.633947 -23.550394),South America,Brazil,South America,1946-1970,10788,university-teacher,publisher
http://www.wikidata.org/entity/Q655550,Bertram Myron Gross,1912,male,Philadelphia,POINT (-75.163611 39.952778),Northern America,United States,United States Can.,1946-1970,15982,university-teacher,education
http://www.wikidata.org/entity/Q65658495,Hylan Garnet Lewis,1911,male,"Washington, D.C.",POINT (-77.036667 38.895),Northern America,United States,United States Can.,1946-1970,15991,university-teacher,education
http://www.wikidata.org/entity/Q55621078,Annie Dorsinfang-Smets,1911,female,Brussels,POINT (4.351667 50.846667),Western Europe,Belgium,Belgium Netherl.,1946-1970,14241,university-teacher,education
http://www.wikidata.org/entity/Q657995,Georges Balandier,1920,male,Aillevillers-et-Lyaumont,POINT (6.335833 47.920278),Western Europe,France,France,1946-1970,16001,university-teacher,publisher
http://www.wikidata.org/entity/Q95907029,Francesco D'Arcais,1917,male,Vogogna,POINT (8.293611 46.007778),Southern Europe,Italy,Italy,1946-1970,18741,journalist,other
http://www.wikidata.org/entity/Q76175,Reinhard Bendix,1916,male,Berlin,POINT (13.383333 52.516667),Western Europe,Germany,Germany,1946-1970,16745,university-teacher,education
http://www.wikidata.org/entity/Q77083584,Johannes Christoffel Willem Verstege,1912,male,Laren,POINT (5.231667 52.254444),Western Europe,Netherlands,Belgium Netherl.,1946-1970,16804,university-teacher,organization
http://www.wikidata.org/entity/Q7587569,St. Clair Drake,1911,male,Suffolk,POINT (-76.6097 36.7411),Northern America,United States,United States Can.,1946-1970,16721,anthropologist,education
http://www.wikidata.org/entity/Q6662676,Lloyd Ohlin,1918,male,Belmont,POINT (-71.175 42.391667),Northern America,United States,United States Can.,1946-1970,16091,university-teacher,education
http://www.wikidata.org/entity/Q5934286,Hugo O. Engelmann,1917,male,Vienna,POINT (16.3725 48.208333),Western Europe,Austria,Austria Hungary,1946-1970,14963,anthropologist,education
http://www.wikidata.org/entity/Q592636,Jan Szczepański,1913,male,Ustroń,POINT (18.801944 49.721389),Eastern Europe,Poland,Poland,1946-1970,14947,politician,publisher
http://www.wikidata.org/entity/Q77454,Karl Deutsch,1912,male,Prague,POINT (14.421389 50.0875),Eastern Europe,Czechia,Czechia,1946-1970,16812,university-teacher,education
http://www.wikidata.org/entity/Q9148165,Alicja Iwańska,1918,female,"Gardzienice, Lublin Voivodeship",POINT (22.8586 51.1106),Eastern Europe,Poland,Poland,1946-1970,17453,university-teacher,education
http://www.wikidata.org/entity/Q634125,George Gerbner,1919,male,Budapest,POINT (19.040833 47.498333),Eastern Europe,Hungary,Austria Hungary,1946-1970,15734,university-teacher,education
http://www.wikidata.org/entity/Q110640518,Rivkah Bar Yosef,1920,female,Satu Mare,POINT (22.89 47.79),Eastern Europe,Romania,Central Europe,1946-1970,1227,university-teacher,university
http://www.wikidata.org/entity/Q636191,Jack Goody,1919,male,Hammersmith,POINT (-0.2229 51.4928),Northern Europe,United Kingdom,United Kingdom,1946-1970,15751,university-teacher,education
http://www.wikidata.org/entity/Q110694711,Paul de Gaudemar,1919,male,Marseille,POINT (5.376389 43.296667),Western Europe,France,France,1946-1970,1241,university-teacher,university
http://www.wikidata.org/entity/Q59627127,Mary Martin McLaughlin,1919,female,Grand Island,POINT (-98.338694 40.924278),Northern America,United States,United States Can.,1946-1970,15119,university-teacher,education
http://www.wikidata.org/entity/Q970943,Philip Selznick,1919,male,Newark,POINT (-74.172222 40.735556),Northern America,United States,United States Can.,1946-1970,18832,university-teacher,education
http://www.wikidata.org/entity/Q551252,Daniel J. Boorstin,1914,male,Atlanta,POINT (-84.389722 33.754444),Northern America,United States,United States Can.,1946-1970,14120,writer,education
http://www.wikidata.org/entity/Q56739575,Marshall Clinard,1911,male,Boston,POINT (-71.057778 42.360278),Northern America,United States,United States Can.,1946-1970,14579,university-teacher,education
http://www.wikidata.org/entity/Q553196,Irving Kristol,1920,male,Brooklyn,POINT (-73.949722 40.650833),Northern America,United States,United States Can.,1946-1970,14164,politician,education
http://www.wikidata.org/entity/Q59531664,Jan Turowski,1917,male,Nasutów,POINT (22.529444 51.3625),Eastern Europe,Poland,Poland,1946-1970,15051,university-teacher,university
http://www.wikidata.org/entity/Q9147100,Alex Inkeles,1920,male,Brooklyn,POINT (-73.949722 40.650833),Northern America,United States,United States Can.,1946-1970,17450,university-teacher,education
http://www.wikidata.org/entity/Q5621158,Gustav Jahoda,1920,male,Vienna,POINT (16.3725 48.208333),Western Europe,Austria,Austria Hungary,1946-1970,14472,psychologist,organization
http://www.wikidata.org/entity/Q6814094,Melvin Tumin,1919,male,Newark,POINT (-74.172222 40.735556),Northern America,United States,United States Can.,1946-1970,16234,other,education
http://www.wikidata.org/entity/Q9388363,Zbigniew Tadeusz Wierzbicki,1919,male,Warsaw,POINT (21.011111 52.23),Eastern Europe,Poland,Poland,1946-1970,17830,university-teacher,publisher
http://www.wikidata.org/entity/Q6828582,Joseph Ben-David,1920,male,Győr,POINT (17.634445 47.684167),Eastern Europe,Hungary,Austria Hungary,1946-1970,16243,university-teacher,education
http://www.wikidata.org/entity/Q685873,Henri Desroche,1914,male,Roanne,POINT (4.068056 46.036111),Western Europe,France,France,1946-1970,16261,university-teacher,education
http://www.wikidata.org/entity/Q6873877,Miron Constantinescu,1917,male,Chișinău,POINT (28.835278 47.022778),Eastern Europe,Moldova,Central Europe,1946-1970,16267,university-teacher,publisher
http://www.wikidata.org/entity/Q708853,Mario Bunge,1919,male,Florida Oeste,POINT (-58.5139 -34.5381),South America,Argentina,South America,1946-1970,16376,university-teacher,publisher
http://www.wikidata.org/entity/Q940847,Bruno Leoni,1913,male,Ancona,POINT (13.516667 43.616667),Southern Europe,Italy,Italy,1946-1970,17841,university-teacher,university
http://www.wikidata.org/entity/Q94125799,Olivia P. Frost,1915,female,Asbury Park,POINT (-74.012222 40.2225),Northern America,United States,United States Can.,1946-1970,17848,other,agency
http://www.wikidata.org/entity/Q6969175,Nathan Keyfitz,1913,male,Montreal,POINT (-73.586841 45.503343),Northern America,Canada,United States Can.,1946-1970,16314,researcher,education
http://www.wikidata.org/entity/Q559972,Vance Packard,1914,male,Granville Summit,POINT (-76.779167 41.717778),Northern America,United States,United States Can.,1946-1970,14433,journalist,organization
http://www.wikidata.org/entity/Q5913226,Ignacio Fernández de Castro,1919,male,Comillas,POINT (-4.289444 43.386944),Southern Europe,Spain,Spain Port.,1946-1970,14917,other,university
http://www.wikidata.org/entity/Q5890074,Homer Hitt,1916,male,Tyler County,POINT (-94.38 30.77),Northern America,United States,United States Can.,1946-1970,14900,other,education
http://www.wikidata.org/entity/Q1139047,Antonio Candido,1918,male,Rio de Janeiro,POINT (-43.205555 -22.911111),South America,Brazil,South America,1946-1970,5223,university-teacher,publisher
http://www.wikidata.org/entity/Q729038,Donald T. Campbell,1916,male,Grass Lake,POINT (-84.213056 42.250833),Northern America,United States,United States Can.,1946-1970,16509,university-teacher,education
http://www.wikidata.org/entity/Q9343172,Stanisław Szczotka,1912,male,Milówka,POINT (19.09072 49.5554),Eastern Europe,Poland,Poland,1946-1970,17756,historian,publisher
http://www.wikidata.org/entity/Q5585299,Gordon Hirabayashi,1918,male,Seattle,POINT (-122.33 47.605),Northern America,United States,United States Can.,1946-1970,14383,other,publisher
http://www.wikidata.org/entity/Q725494,Edward T. Hall,1914,male,Webster Groves,POINT (-90.354444 38.587778),Northern America,United States,United States Can.,1946-1970,16492,university-teacher,education
http://www.wikidata.org/entity/Q104272,Helmut Schelsky,1912,male,Chemnitz,POINT (12.916667 50.833333),Western Europe,Germany,Germany,1946-1970,291,university-teacher,publisher
http://www.wikidata.org/entity/Q67197713,Jan Marie Peters,1920,male,Venlo,POINT (6.16806 51.37),Western Europe,Netherlands,Belgium Netherl.,1946-1970,16140,university-teacher,institute
http://www.wikidata.org/entity/Q67259,Kurt Heinrich Wolff,1912,male,Darmstadt,POINT (8.65 49.866667),Western Europe,Germany,Germany,1946-1970,16146,university-teacher,education
http://www.wikidata.org/entity/Q67685821,Loren C. Belknap,1919,male,Grant County,POINT (-118.89173 44.43841),Northern America,United States,United States Can.,1946-1970,16185,university-teacher,education
http://www.wikidata.org/entity/Q732025,Morris Janowitz,1919,male,Paterson,POINT (-74.172222 40.916667),Northern America,United States,United States Can.,1946-1970,16538,university-teacher,education
http://www.wikidata.org/entity/Q5442142,Felix Biestek,1912,male,Cicero,POINT (-87.753889 41.845556),Northern America,United States,United States Can.,1946-1970,14049,university-teacher,education
http://www.wikidata.org/entity/Q59531775,Zevedei Barbu,1919,male,Reciu,POINT (23.675 45.866944),Eastern Europe,Romania,Central Europe,1946-1970,15052,psychologist,education
http://www.wikidata.org/entity/Q695731,Arnold Marshall Rose,1918,male,Chicago,POINT (-87.627778 41.881944),Northern America,United States,United States Can.,1946-1970,16304,university-teacher,education
http://www.wikidata.org/entity/Q60804,Elisabeth Noelle-Neumann,1916,female,Berlin,POINT (13.383333 52.516667),Western Europe,Germany,Germany,1946-1970,15314,university-teacher,education
http://www.wikidata.org/entity/Q83907,Robert A. Dahl,1915,male,Inwood,POINT (-96.4325 43.308889),Northern America,United States,United States Can.,1946-1970,17036,political-scientist,education
http://www.wikidata.org/entity/Q87617118,Aparecida Joly Gouveia,1919,female,Itatiba,POINT (-46.838889 -23.005833),South America,Brazil,South America,1946-1970,17226,researcher,university
http://www.wikidata.org/entity/Q110212649,Sigmund Diamond,1920,male,Baltimore,POINT (-76.615 39.286389),Northern America,United States,United States Can.,1946-1970,1160,other,education
http://www.wikidata.org/entity/Q520726,Julián Marías,1914,male,Valladolid,POINT (-4.728561 41.65198),Southern Europe,Spain,Spain Port.,1946-1970,13844,university-teacher,education
http://www.wikidata.org/entity/Q5321821,E. Digby Baltzell,1915,male,Philadelphia,POINT (-75.163611 39.952778),Northern America,United States,United States Can.,1946-1970,13960,university-teacher,education
http://www.wikidata.org/entity/Q522094,Maxime Rodinson,1915,male,13th arrondissement of Paris,POINT (2.355556 48.832222),Western Europe,France,France,1946-1970,13874,university-teacher,education
http://www.wikidata.org/entity/Q539414,David Glass,1911,male,London,POINT (-0.1275 51.507222),Northern Europe,United Kingdom,United Kingdom,1946-1970,14019,university-teacher,education
http://www.wikidata.org/entity/Q109557896,Jane Cassels Record,1915,female,Fort Gaines,POINT (-85.0483 31.6142),Northern America,United States,United States Can.,1946-1970,1011,university-teacher,education
http://www.wikidata.org/entity/Q516700,André Adam,1911,male,Saint-Lô,POINT (-1.091667 49.114444),Western Europe,France,France,1946-1970,13803,university-teacher,institution
http://www.wikidata.org/entity/Q8022064,Willis Harman,1918,male,Seattle,POINT (-122.33 47.605),Northern America,United States,United States Can.,1946-1970,16938,university-teacher,education
http://www.wikidata.org/entity/Q97232,Ruth Glass,1912,female,Berlin,POINT (13.383333 52.516667),Western Europe,Germany,Germany,1946-1970,18854,university-teacher,education
http://www.wikidata.org/entity/Q98122527,C.D. Saal,1917,male,Wognum,POINT (5.0208 52.6842),Western Europe,Netherlands,Belgium Netherl.,1946-1970,18918,university-teacher,university
http://www.wikidata.org/entity/Q8041230,Władysław Markiewicz,1920,male,Ostrów Wielkopolski,POINT (17.807222 51.654722),Eastern Europe,Poland,Poland,1946-1970,16944,university-teacher,publisher
http://www.wikidata.org/entity/Q6761379,Maria Lugones,1923,female,Buenos Aires,POINT (-58.381944 -34.599722),South America,Argentina,South America,1946-1970,16173,university-teacher,education
http://www.wikidata.org/entity/Q2034439,Osmund Schreuder,1925,male,Haarlem,POINT (4.640556 52.380278),Western Europe,Netherlands,Belgium Netherl.,1946-1970,10120,university-teacher,university
http://www.wikidata.org/entity/Q1958362,J.A.A. van Doorn,1925,male,Maastricht,POINT (5.683333 50.866667),Western Europe,Netherlands,Belgium Netherl.,1946-1970,9910,university-teacher,organization
http://www.wikidata.org/entity/Q6752693,Judith Buber Agassi,1924,female,Heppenheim,POINT (8.645 49.641528),Western Europe,Germany,Germany,1946-1970,16165,politician,education
http://www.wikidata.org/entity/Q156268,Pierre Bourdieu,1930,male,Denguin,POINT (-0.508055 43.3625),Western Europe,France,France,1971-1995,8638,philosopher,education
http://www.wikidata.org/entity/Q2036385,Ralph Miliband,1924,male,Brussels metropolitan area,POINT (4.3525 50.846667),Western Europe,Belgium,Belgium Netherl.,1946-1970,10122,university-teacher,education
http://www.wikidata.org/entity/Q61874740,Marcel Bolle De Bal,1930,male,Schaerbeek,POINT (4.373611 50.8675),Western Europe,Belgium,Belgium Netherl.,1971-1995,15527,philosopher,education
http://www.wikidata.org/entity/Q19613842,Sergey Bobotov,1928,male,Кошерово,POINT (38.376125 55.636689),European Russia,Russian Federation,Russian Federation,1971-1995,9917,university-teacher,university
http://www.wikidata.org/entity/Q3186033,Joshua Fishman,1926,male,Philadelphia,POINT (-75.163611 39.952778),Northern America,United States,United States Can.,1971-1995,12126,university-teacher,education
http://www.wikidata.org/entity/Q618470,Arnau Puig i Grau,1926,male,Barcelona,POINT (2.176944 41.3825),Southern Europe,Spain,Spain Port.,1971-1995,15518,professor,education
http://www.wikidata.org/entity/Q1292871,Edward Leemans,1926,male,Hoboken,POINT (4.3483 51.1736),Western Europe,Belgium,Belgium Netherl.,1971-1995,7326,university-teacher,university
http://www.wikidata.org/entity/Q1552221,René Ahlberg,1930,male,Riga,POINT (24.106944 56.9475),Eastern Europe,Latvia,Baltic States Fin. Belar.,1971-1995,8610,university-teacher,publisher
http://www.wikidata.org/entity/Q94406704,Robert S. Hiatt,1925,male,Muskogee,POINT (-95.368 35.7466),Northern America,United States,United States Can.,1946-1970,17862,other,education
http://www.wikidata.org/entity/Q1942773,Mohammed Rassem,1922,male,Munich,POINT (11.575 48.1375),Western Europe,Germany,Germany,1946-1970,9883,university-teacher,publisher
http://www.wikidata.org/entity/Q6156113,Janusz Ziółkowski,1924,male,Sosnowiec,POINT (19.1946 50.2711),Eastern Europe,Poland,Poland,1946-1970,15462,university-teacher,publisher
http://www.wikidata.org/entity/Q15479622,Gerhard Grohs,1929,male,Dresden,POINT (13.738144 51.049329),Western Europe,Germany,Germany,1971-1995,8600,university-teacher,publisher
http://www.wikidata.org/entity/Q6153129,Janet Abu-Lughod,1928,female,Newark,POINT (-74.172222 40.735556),Northern America,United States,United States Can.,1971-1995,15460,historian,education
http://www.wikidata.org/entity/Q20668460,Charles Winick,1922,male,The Bronx,POINT (-73.873333 40.846667),Northern America,United States,United States Can.,1946-1970,10196,university-teacher,education
http://www.wikidata.org/entity/Q15980115,Yuri Arutyunyan,1929,male,Rostov-on-Don,POINT (39.71 47.2225),European Russia,Russian Federation,Russian Federation,1971-1995,8760,university-teacher,education
http://www.wikidata.org/entity/Q105876,Horst-Eberhard Richter,1923,male,Berlin,POINT (13.383333 52.516667),Western Europe,Germany,Germany,1946-1970,486,university-teacher,university
http://www.wikidata.org/entity/Q1283460,Jürgen Fijalkowski,1928,male,Berlin,POINT (13.383333 52.516667),Western Europe,Germany,Germany,1971-1995,7278,university-teacher,publisher
http://www.wikidata.org/entity/Q677793,Shmuel Eisenstadt,1923,male,Warsaw,POINT (21.011111 52.23),Eastern Europe,Poland,Poland,1946-1970,16203,university-teacher,education
http://www.wikidata.org/entity/Q2918834,Eugene Kamenka,1928,male,Cologne,POINT (6.957778 50.942222),Western Europe,Germany,Germany,1971-1995,11614,university-teacher,publisher
http://www.wikidata.org/entity/Q61740563,Edward A. Tiryakian,1929,male,Bronxville,POINT (-73.826111 40.94),Northern America,United States,United States Can.,1971-1995,15494,university-teacher,education
http://www.wikidata.org/entity/Q2913394,Dennis Wrong,1923,male,Toronto,POINT (-79.386667 43.670278),Northern America,Canada,United States Can.,1946-1970,11609,university-teacher,education
http://www.wikidata.org/entity/Q2910970,Boris Grushin,1929,male,Moscow,POINT (37.6175 55.750556),European Russia,Russian Federation,Russian Federation,1971-1995,11605,philosopher,organization
http://www.wikidata.org/entity/Q128179,István Mészáros,1930,male,Budapest,POINT (19.040833 47.498333),Eastern Europe,Hungary,Austria Hungary,1971-1995,7270,university-teacher,education
http://www.wikidata.org/entity/Q325840,Gerhard Lenski,1924,male,"Washington, D.C.",POINT (-77.036667 38.895),Northern America,United States,United States Can.,1946-1970,12165,university-teacher,education
http://www.wikidata.org/entity/Q2902507,Dov Levin,1925,male,Kaunas,POINT (23.933333 54.9),Eastern Europe,Lithuania,Baltic States Fin. Belar.,1946-1970,11586,historian,university
http://www.wikidata.org/entity/Q290093,Fernand Dumont,1927,male,Beauport,POINT (-71.183333 46.866667),Northern America,Canada,United States Can.,1971-1995,11581,university-teacher,publisher
http://www.wikidata.org/entity/Q2898124,Bernard Kayser,1926,male,Paris,POINT (2.352222 48.856667),Western Europe,France,France,1971-1995,11576,university-teacher,publisher
http://www.wikidata.org/entity/Q20533475,Baldomero Cores,1929,male,Cee,POINT (-9.19 42.955556),Southern Europe,Spain,Spain Port.,1971-1995,10161,writer,university
http://www.wikidata.org/entity/Q2021759,François Houtart,1925,male,Brussels metropolitan area,POINT (4.3525 50.846667),Western Europe,Belgium,Belgium Netherl.,1946-1970,10106,university-teacher,publisher
http://www.wikidata.org/entity/Q29982444,Georges Goriely,1921,male,Berlin,POINT (13.383333 52.516667),Western Europe,Germany,Germany,1946-1970,11712,university-teacher,education
http://www.wikidata.org/entity/Q3158941,Jacques Frémontier,1930,male,18th arrondissement of Paris,POINT (2.344447 48.89215),Western Europe,France,France,1971-1995,12035,historian,newspaper
http://www.wikidata.org/entity/Q106466446,Norman Ryder,1923,male,Hamilton,POINT (-79.869167 43.256667),Northern America,Canada,United States Can.,1946-1970,570,university-teacher,education
http://www.wikidata.org/entity/Q310956,Clifford Geertz,1926,male,San Francisco,POINT (-122.419445 37.775),Northern America,United States,United States Can.,1971-1995,11957,university-teacher,education
http://www.wikidata.org/entity/Q64711290,Carola Möller,1929,female,Bonn,POINT (7.102222 50.735278),Western Europe,Germany,Germany,1971-1995,15872,economist,institute
http://www.wikidata.org/entity/Q3103036,Georges Lapassade,1924,male,Arbus,POINT (-0.505833 43.333333),Western Europe,France,France,1946-1970,11936,philosopher,university
http://www.wikidata.org/entity/Q19960221,Ernest Kulhavy,1925,male,Bohumín,POINT (18.357595 49.90409),Eastern Europe,Czechia,Czechia,1946-1970,10013,university-teacher,university
http://www.wikidata.org/entity/Q650151,Jacob Taubes,1923,male,Vienna,POINT (16.3725 48.208333),Western Europe,Austria,Austria Hungary,1946-1970,15905,university-teacher,education
http://www.wikidata.org/entity/Q1577391,Hans-Joachim Lieber,1923,male,Żmigród,POINT (16.905 51.470278),Eastern Europe,Poland,Poland,1946-1970,8678,university-teacher,publisher
http://www.wikidata.org/entity/Q62587941,Harold Entwistle,1923,male,Manchester,POINT (-2.233333 53.466667),Northern Europe,United Kingdom,United Kingdom,1946-1970,15635,university-teacher,organization
http://www.wikidata.org/entity/Q1577360,Hans-Joachim Knebel,1929,male,Berlin,POINT (13.383333 52.516667),Western Europe,Germany,Germany,1971-1995,8676,university-teacher,university
http://www.wikidata.org/entity/Q63221969,Wolfgang Lempert,1930,male,Wrocław,POINT (17.0325 51.11),Eastern Europe,Poland,Poland,1971-1995,15715,university-teacher,publisher
http://www.wikidata.org/entity/Q313908,Geert Hofstede,1928,male,Haarlem,POINT (4.640556 52.380278),Western Europe,Netherlands,Belgium Netherl.,1971-1995,12008,university-teacher,organization
http://www.wikidata.org/entity/Q63100944,Frances Heussenstamm,1928,female,Cleveland,POINT (-81.694722 41.499167),Northern America,United States,United States Can.,1971-1995,15690,psychologist,education
http://www.wikidata.org/entity/Q3122110,Guy Rocher,1924,male,Berthierville,POINT (-73.1833 46.0833),Northern America,Canada,United States Can.,1946-1970,11975,university-teacher,publisher
http://www.wikidata.org/entity/Q106359481,Gérard Le Coat,1928,male,Paris,POINT (2.352222 48.856667),Western Europe,France,France,1971-1995,550,university-teacher,organization
http://www.wikidata.org/entity/Q314471,Erving Goffman,1922,male,Mannville,POINT (-111.176 53.3356),Northern America,Canada,United States Can.,1946-1970,12016,anthropologist,education
http://www.wikidata.org/entity/Q158092,Zygmunt Bauman,1925,male,Poznań,POINT (16.933611 52.408333),Eastern Europe,Poland,Poland,1946-1970,8696,university-teacher,education
http://www.wikidata.org/entity/Q3082373,Franco Ferrarotti,1926,male,Palazzolo Vercellese,POINT (8.233333 45.183333),Southern Europe,Italy,Italy,1971-1995,11882,university-teacher,organization
http://www.wikidata.org/entity/Q1586301,Harrison White,1930,male,"Washington, D.C.",POINT (-77.036667 38.895),Northern America,United States,United States Can.,1971-1995,8723,university-teacher,education
http://www.wikidata.org/entity/Q304262,Hannie van Leeuwen,1926,female,Delft,POINT (4.359167 52.011667),Western Europe,Netherlands,Belgium Netherl.,1971-1995,11816,politician,enterprise
http://www.wikidata.org/entity/Q62478,Juan José Linz,1926,male,Bonn,POINT (7.102222 50.735278),Western Europe,Germany,Germany,1971-1995,15616,university-teacher,education
http://www.wikidata.org/entity/Q6243249,John Kitsuse,1923,male,Imperial Valley,POINT (-115.5 33.1),Northern America,United States,United States Can.,1946-1970,15609,university-teacher,education
http://www.wikidata.org/entity/Q62309,Hans Albert,1921,male,Cologne,POINT (6.957778 50.942222),Western Europe,Germany,Germany,1946-1970,15597,university-teacher,publisher
http://www.wikidata.org/entity/Q302889,Aaron Cicourel,1928,male,Atlanta,POINT (-84.389722 33.754444),Northern America,United States,United States Can.,1971-1995,11782,university-teacher,education
http://www.wikidata.org/entity/Q301653,Aaron Antonovsky,1923,male,Brooklyn,POINT (-73.949722 40.650833),Northern America,United States,United States Can.,1946-1970,11757,university-teacher,university
http://www.wikidata.org/entity/Q15697022,Krzysztof Przecławski,1927,male,Warsaw,POINT (21.011111 52.23),Eastern Europe,Poland,Poland,1971-1995,8653,university-teacher,university
http://www.wikidata.org/entity/Q317880,Edgar Morin,1921,male,9th arrondissement of Paris,POINT (2.336967 48.878281),Western Europe,France,France,1946-1970,12110,philosopher,publisher
http://www.wikidata.org/entity/Q30729466,Michel Verret,1927,male,Cambrai,POINT (3.234722 50.175833),Western Europe,France,France,1971-1995,11870,university-teacher,school
http://www.wikidata.org/entity/Q658086,Aryeh Eliav,1921,male,Moscow,POINT (37.6175 55.750556),European Russia,Russian Federation,Russian Federation,1946-1970,16002,writer,education
http://www.wikidata.org/entity/Q65926326,Leonard Pearlin,1924,male,Quincy,POINT (-71 42.25),Northern America,United States,United States Can.,1946-1970,16013,other,university
http://www.wikidata.org/entity/Q661328,Jan Lutyński,1921,male,Płock,POINT (19.7 52.55),Eastern Europe,Poland,Poland,1946-1970,16048,university-teacher,publisher
http://www.wikidata.org/entity/Q20113511,Yury Krasin,1929,male,Penza,POINT (45 53.2),European Russia,Russian Federation,Russian Federation,1971-1995,10094,political-scientist,facility
http://www.wikidata.org/entity/Q1369716,Heinz Hartmann,1930,male,Cologne,POINT (6.957778 50.942222),Western Europe,Germany,Germany,1971-1995,8133,university-teacher,agency
http://www.wikidata.org/entity/Q8071814,Zigu Ornea,1930,male,Frumușica,POINT (26.9 47.533333),Eastern Europe,Romania,Central Europe,1971-1995,16960,other,publisher
http://www.wikidata.org/entity/Q136664754,Gerhard Kunz,1930,male,Bochum,POINT (7.216667 51.483333),Western Europe,Germany,Germany,1971-1995,8101,economist,publisher
http://www.wikidata.org/entity/Q8017194,"William R. Catton, Jr.",1926,male,Minneapolis,POINT (-93.269167 44.981945),Northern America,United States,United States Can.,1971-1995,16932,university-teacher,education
http://www.wikidata.org/entity/Q9152704,Andrzej Kwilecki,1928,male,Kwilcz,POINT (16.084722 52.553611),Eastern Europe,Poland,Poland,1971-1995,17457,university-teacher,publisher
http://www.wikidata.org/entity/Q7983367,Werner Cohn,1926,male,Berlin,POINT (13.383333 52.516667),Western Europe,Germany,Germany,1971-1995,16916,university-teacher,publisher
http://www.wikidata.org/entity/Q2370158,Suzanne Keller,1927,female,Vienna,POINT (16.3725 48.208333),Western Europe,Austria,Austria Hungary,1971-1995,10752,university-teacher,education
http://www.wikidata.org/entity/Q14946711,Olive Banks,1923,female,Enfield Highway,POINT (-0.041 51.662),Northern Europe,United Kingdom,United Kingdom,1946-1970,8409,university-teacher,education
http://www.wikidata.org/entity/Q817332,Benita Luckmann,1925,female,Riga,POINT (24.106944 56.9475),Eastern Europe,Latvia,Baltic States Fin. Belar.,1946-1970,16977,university-teacher,publisher
http://www.wikidata.org/entity/Q110254832,Попов Василий Дмитриевич,1921,male,Pchelnik,POINT (54.233333 53.633333),European Russia,Russian Federation,Russian Federation,1946-1970,1178,university-teacher,education
http://www.wikidata.org/entity/Q14948973,Trevor Lummis,1930,male,Bulphan,POINT (0.3737 51.5533),Northern Europe,United Kingdom,United Kingdom,1971-1995,8414,historian,education
http://www.wikidata.org/entity/Q817842,Bennett Berger,1926,male,Brooklyn,POINT (-73.949722 40.650833),Northern America,United States,United States Can.,1971-1995,16978,university-teacher,education
http://www.wikidata.org/entity/Q2416978,Theo Pirker,1922,male,Munich,POINT (11.575 48.1375),Western Europe,Germany,Germany,1946-1970,10858,university-teacher,publisher
http://www.wikidata.org/entity/Q1357080,Ernst-Günther Skiba,1927,male,Gadderbaum,POINT (8.516667 52),Western Europe,Germany,Germany,1971-1995,7995,university-teacher,publisher
http://www.wikidata.org/entity/Q789416,Bálint Balla,1928,male,Budapest,POINT (19.040833 47.498333),Eastern Europe,Hungary,Austria Hungary,1971-1995,16873,university-teacher,institute
http://www.wikidata.org/entity/Q15078868,Henrique Rattner,1923,male,Vienna,POINT (16.3725 48.208333),Western Europe,Austria,Austria Hungary,1946-1970,8449,university-teacher,publisher
http://www.wikidata.org/entity/Q21541858,Agostino Palazzo,1921,male,Locorotondo,POINT (17.316667 40.75),Southern Europe,Italy,Italy,1946-1970,10438,university-teacher,publisher
http://www.wikidata.org/entity/Q1363412,Erwin Scheuch,1928,male,Cologne,POINT (6.957778 50.942222),Western Europe,Germany,Germany,1971-1995,8043,university-teacher,education
http://www.wikidata.org/entity/Q1363346,Robert W. Cox,1926,male,Montreal,POINT (-73.586841 45.503343),Northern America,Canada,United States Can.,1971-1995,8042,university-teacher,education
http://www.wikidata.org/entity/Q7964794,Walter F. Buckley,1922,male,Lynn,POINT (-70.95 42.466667),Northern America,United States,United States Can.,1946-1970,16910,university-teacher,education
http://www.wikidata.org/entity/Q1361646,Wernfried Maltusch,1926,male,Sauo,POINT (13.963 51.55),Western Europe,Germany,Germany,1971-1995,8032,other,other
http://www.wikidata.org/entity/Q92147,Renate Mayntz,1929,female,Berlin,POINT (13.383333 52.516667),Western Europe,Germany,Germany,1971-1995,17524,university-teacher,publisher
http://www.wikidata.org/entity/Q1106778,István Kemény,1925,male,Kaposvár,POINT (17.783333 46.366667),Eastern Europe,Hungary,Austria Hungary,1946-1970,1237,writer,institute
http://www.wikidata.org/entity/Q23656651,Vyacheslav Khalipov,1930,male,Mogilev,POINT (30.34296 53.90894),Eastern Europe,Belarus,Baltic States Fin. Belar.,1971-1995,10737,university-teacher,academy
http://www.wikidata.org/entity/Q137748128,Fred H. Goldner,1927,male,New Haven,POINT (-72.925 41.308333),Northern America,United States,United States Can.,1971-1995,8206,university-teacher,education
http://www.wikidata.org/entity/Q2227382,José Vidal Beneyto,1927,male,Carcaixent,POINT (-0.451166 39.122722),Southern Europe,Spain,Spain Port.,1971-1995,10583,university-teacher,university
http://www.wikidata.org/entity/Q1413094,Wendell Bell,1924,male,Chicago,POINT (-87.627778 41.881944),Northern America,United States,United States Can.,1946-1970,8322,university-teacher,education
http://www.wikidata.org/entity/Q1460085,Friedrich Jonas,1926,male,Berlin,POINT (13.383333 52.516667),Western Europe,Germany,Germany,1971-1995,8377,university-teacher,publisher
http://www.wikidata.org/entity/Q140355,Zagorka Golubović,1930,female,Debrc,POINT (19.9031 44.6231),Southern Europe,Serbia,Central Europe,1971-1995,8308,university-teacher,publisher
http://www.wikidata.org/entity/Q22133181,Paavo Seppänen,1924,male,Sulkava,POINT (28.370833 61.7875),Northern Europe,Finland,Baltic States Fin. Belar.,1946-1970,10572,historian,organization
http://www.wikidata.org/entity/Q1428574,Friedrich Fürstenberg,1930,male,Berlin,POINT (13.383333 52.516667),Western Europe,Germany,Germany,1971-1995,8340,university-teacher,publisher
http://www.wikidata.org/entity/Q890411,Bogdan Denitch,1929,male,Sofia,POINT (23.321726 42.697886),Eastern Europe,Bulgaria,Central Europe,1971-1995,17291,university-teacher,agency
http://www.wikidata.org/entity/Q88654,Helmut Schoeck,1922,male,Graz,POINT (15.438611 47.070833),Western Europe,Austria,Austria Hungary,1946-1970,17273,university-teacher,publisher
http://www.wikidata.org/entity/Q142881,Frederick Irving Herzberg,1923,male,Lynn,POINT (-70.95 42.466667),Northern America,United States,United States Can.,1946-1970,8341,university-teacher,education
http://www.wikidata.org/entity/Q1442931,Frank Benseler,1929,male,Remscheid,POINT (7.194354 51.179871),Western Europe,Germany,Germany,1971-1995,8352,university-teacher,university
http://www.wikidata.org/entity/Q231349,Mary Douglas,1921,female,Sanremo,POINT (7.775 43.8175),Southern Europe,Italy,Italy,1946-1970,10692,anthropologist,education
http://www.wikidata.org/entity/Q1382919,Ewald Schmeken,1927,male,Gladbeck,POINT (6.98267 51.57134),Western Europe,Germany,Germany,1971-1995,8252,university-teacher,university
http://www.wikidata.org/entity/Q84186,Ivan Illich,1926,male,Vienna,POINT (16.3725 48.208333),Western Europe,Austria,Austria Hungary,1971-1995,17045,writer,other
http://www.wikidata.org/entity/Q235125,Ágnes Heller,1929,female,Budapest,POINT (19.040833 47.498333),Eastern Europe,Hungary,Austria Hungary,1971-1995,10728,university-teacher,education
http://www.wikidata.org/entity/Q820676,Helio Jaguaribe,1923,male,Rio de Janeiro,POINT (-43.205555 -22.911111),South America,Brazil,South America,1946-1970,16989,university-teacher,education
http://www.wikidata.org/entity/Q1386131,Francesco Alberoni,1929,male,Borgonovo Val Tidone,POINT (9.45 45.016667),Southern Europe,Italy,Italy,1971-1995,8276,writer,school
http://www.wikidata.org/entity/Q85690066,Silvano Burgalassi,1921,male,Bibbona,POINT (10.594444 43.269444),Southern Europe,Italy,Italy,1946-1970,17138,other,publisher
http://www.wikidata.org/entity/Q1467694,Fritz Obiditsch,1926,male,Rožmitál pod Třemšínem,POINT (13.864345 49.602046),Eastern Europe,Czechia,Czechia,1971-1995,8390,university-teacher,education
http://www.wikidata.org/entity/Q85027,Herbert J. Gans,1927,male,Cologne,POINT (6.957778 50.942222),Western Europe,Germany,Germany,1971-1995,17085,university-teacher,education
http://www.wikidata.org/entity/Q1468958,Helmut Klages,1930,male,Nuremberg,POINT (11.0775 49.453889),Western Europe,Germany,Germany,1971-1995,8393,university-teacher,institute
http://www.wikidata.org/entity/Q84486,Peter L. Berger,1929,male,Vienna,POINT (16.3725 48.208333),Western Europe,Austria,Austria Hungary,1971-1995,17061,university-teacher,education
http://www.wikidata.org/entity/Q109302281,"Семеньков, Владимир Никифорович",1923,male,Stražavičy,POINT (29.230278 54.6625),Eastern Europe,Belarus,Baltic States Fin. Belar.,1946-1970,965,scientist,education
http://www.wikidata.org/entity/Q1387640,Michel Crozier,1922,male,Sainte-Menehould,POINT (4.897222 49.09),Western Europe,France,France,1946-1970,8287,university-teacher,university
http://www.wikidata.org/entity/Q84352,André Gorz,1923,male,Vienna,POINT (16.3725 48.208333),Western Europe,Austria,Austria Hungary,1946-1970,17053,writer,newspaper
http://www.wikidata.org/entity/Q138705202,Nico van Vliet,1926,male,Utrecht,POINT (5.12222 52.09083),Western Europe,Netherlands,Belgium Netherl.,1971-1995,8282,journalist,agency
http://www.wikidata.org/entity/Q2866266,Cor Lammers,1928,male,Amsterdam,POINT (4.883333 52.366667),Western Europe,Netherlands,Belgium Netherl.,1971-1995,11488,university-teacher,organization
http://www.wikidata.org/entity/Q2488041,Lillian Rubin,1924,female,Philadelphia,POINT (-75.163611 39.952778),Northern America,United States,United States Can.,1946-1970,10966,university-teacher,education
http://www.wikidata.org/entity/Q7184285,Philip Rieff,1922,male,Chicago,POINT (-87.627778 41.881944),Northern America,United States,United States Can.,1946-1970,16460,writer,education
http://www.wikidata.org/entity/Q93781,Paul Watzlawick,1921,male,Villach,POINT (13.833333 46.616667),Western Europe,Austria,Austria Hungary,1946-1970,17815,university-teacher,education
http://www.wikidata.org/entity/Q717635,Charles Tilly,1929,male,Lombard,POINT (-88.015 41.8761),Northern America,United States,United States Can.,1971-1995,16447,university-teacher,education
http://www.wikidata.org/entity/Q27503445,Enzo Bartocci,1929,male,Rome,POINT (12.482778 41.893056),Southern Europe,Italy,Italy,1971-1995,11258,university-teacher,university
http://www.wikidata.org/entity/Q107888,Wigand Siebel,1929,male,Freudenberg,POINT (7.874167 50.8975),Western Europe,Germany,Germany,1971-1995,773,university-teacher,publisher
http://www.wikidata.org/entity/Q2086156,Philip Converse,1928,male,Concord,POINT (-71.538056 43.206667),Northern America,United States,United States Can.,1971-1995,10262,university-teacher,education
http://www.wikidata.org/entity/Q278696,A. H. Halsey,1923,male,London,POINT (-0.1275 51.507222),Northern Europe,United Kingdom,United Kingdom,1946-1970,11294,university-teacher,education
http://www.wikidata.org/entity/Q7170133,Perseu Abramo,1929,male,São Paulo,POINT (-46.633947 -23.550394),South America,Brazil,South America,1971-1995,16433,university-teacher,publisher
http://www.wikidata.org/entity/Q718736,Howard S. Becker,1928,male,Chicago,POINT (-87.627778 41.881944),Northern America,United States,United States Can.,1971-1995,16463,university-teacher,education
http://www.wikidata.org/entity/Q270358,Aušra Augustinavičiūtė,1927,female,Kaunas,POINT (23.933333 54.9),Eastern Europe,Lithuania,Baltic States Fin. Belar.,1971-1995,11200,economist,publisher
http://www.wikidata.org/entity/Q2709641,Gilbert Durand,1921,male,Chambéry,POINT (5.920833 45.566389),Western Europe,France,France,1946-1970,11210,philosopher,university
http://www.wikidata.org/entity/Q7184391,Philip Slater,1927,male,Riverton,POINT (-75.015 40.011389),Northern America,United States,United States Can.,1971-1995,16462,writer,education
http://www.wikidata.org/entity/Q937287,Louis-Vincent Thomas,1922,male,13th arrondissement of Paris,POINT (2.355556 48.832222),Western Europe,France,France,1946-1970,17799,university-teacher,university
http://www.wikidata.org/entity/Q13208932,Jaudat Gilyazitdinov,1930,male,Arslanovo,POINT (55.4058 54.6835),European Russia,Russian Federation,Russian Federation,1971-1995,7590,scientist,education
http://www.wikidata.org/entity/Q2100213,Ivan Gadourek,1923,male,Brno,POINT (16.608333 49.195278),Eastern Europe,Czechia,Czechia,1946-1970,10306,university-teacher,university
http://www.wikidata.org/entity/Q27948819,George Brown,1930,male,London,POINT (-0.1275 51.507222),Northern Europe,United Kingdom,United Kingdom,1971-1995,11316,writer,college
http://www.wikidata.org/entity/Q71162771,Marinus van Beugen,1929,male,Hengelo,POINT (6.793056 52.265556),Western Europe,Netherlands,Belgium Netherl.,1971-1995,16390,university-teacher,university
http://www.wikidata.org/entity/Q9389868,Zdzisław Szpakowski,1926,male,Svislač,POINT (24.1 53.033333),Eastern Europe,Belarus,Baltic States Fin. Belar.,1971-1995,17834,historian,university
http://www.wikidata.org/entity/Q9392939,Zygmunt Komorowski,1925,male,Kavoliškis,POINT (25.5361 55.9472),Eastern Europe,Lithuania,Baltic States Fin. Belar.,1946-1970,17835,anthropologist,university
http://www.wikidata.org/entity/Q7087695,"Oliver McGregor, Baron McGregor of Durris",1921,male,Kirkton of Durris,POINT (-2.37472 57.0561),Northern Europe,United Kingdom,United Kingdom,1946-1970,16375,university-teacher,education
http://www.wikidata.org/entity/Q713505,Daniel Patrick Moynihan,1927,male,Tulsa,POINT (-95.937222 36.131389),Northern America,United States,United States Can.,1971-1995,16396,writer,education
http://www.wikidata.org/entity/Q112403681,Norman W. Storer,1930,male,Middletown,POINT (-72.651111 41.562222),Northern America,United States,United States Can.,1971-1995,1956,professor,education
http://www.wikidata.org/entity/Q15454099,Klaus Sochatzy,1929,male,Alzey,POINT (8.116111 49.751667),Western Europe,Germany,Germany,1971-1995,8589,university-teacher,agency
http://www.wikidata.org/entity/Q70474,Ludwig von Friedeburg,1924,male,Rüstringen,POINT (8.133333 53.516667),Western Europe,Germany,Germany,1946-1970,16339,university-teacher,publisher
http://www.wikidata.org/entity/Q20675520,Lloyd Fallers,1925,male,Nebraska City,POINT (-95.859722 40.676111),Northern America,United States,United States Can.,1946-1970,10201,anthropologist,education
http://www.wikidata.org/entity/Q1304734,Helmut Krauch,1927,male,Heidelberg,POINT (8.71 49.412222),Western Europe,Germany,Germany,1971-1995,7401,university-teacher,education
http://www.wikidata.org/entity/Q28358442,"Фадеев, Анатолий Николаевич",1928,male,Vereshchagino,POINT (54.65 58.066667),European Russia,Russian Federation,Russian Federation,1971-1995,11426,scientist,publisher
http://www.wikidata.org/entity/Q713936,Neil Smelser,1930,male,Kahoka,POINT (-91.7167 40.4167),Northern America,United States,United States Can.,1971-1995,16398,university-teacher,education
http://www.wikidata.org/entity/Q71624,Hans Peter Richter,1925,male,Cologne,POINT (6.957778 50.942222),Western Europe,Germany,Germany,1946-1970,16425,university-teacher,education
http://www.wikidata.org/entity/Q9382209,Władysław Piwowarski,1929,male,Mokrzyska,POINT (20.625528 50.011778),Eastern Europe,Poland,Poland,1971-1995,17821,university-teacher,university
http://www.wikidata.org/entity/Q9382864,Włodzimierz Wesołowski,1929,male,Borysławice,POINT (18.426944 51.652778),Eastern Europe,Poland,Poland,1971-1995,17825,university-teacher,publisher
http://www.wikidata.org/entity/Q714816,Basil Bernstein,1924,male,London,POINT (-0.1275 51.507222),Northern Europe,United Kingdom,United Kingdom,1946-1970,16406,other,education
http://www.wikidata.org/entity/Q15450609,Lester W. Milbrath,1925,male,Bertha,POINT (-95.062778 46.266667),Northern America,United States,United States Can.,1946-1970,8580,university-teacher,education
http://www.wikidata.org/entity/Q1308983,Hanno Kesting,1925,male,Erle,POINT (7.0914 51.5592),Western Europe,Germany,Germany,1946-1970,7457,university-teacher,agency
http://www.wikidata.org/entity/Q76395,Alfred Grosser,1925,male,Frankfurt,POINT (8.682222 50.110556),Western Europe,Germany,Germany,1946-1970,16757,university-teacher,publisher
http://www.wikidata.org/entity/Q76357,Jürgen Habermas,1929,male,Düsseldorf,POINT (6.776667 51.225556),Western Europe,Germany,Germany,1971-1995,16756,university-teacher,education
http://www.wikidata.org/entity/Q25536440,Міхаіл Васілевіч Тараткевіч,1925,male,Čarscviady,POINT (28.8725 55.175833),Eastern Europe,Belarus,Baltic States Fin. Belar.,1946-1970,11044,university-teacher,school
http://www.wikidata.org/entity/Q213652,Amitai Etzioni,1929,male,Cologne,POINT (6.957778 50.942222),Western Europe,Germany,Germany,1971-1995,10394,university-teacher,education
http://www.wikidata.org/entity/Q2561528,Werner Hofmann,1922,male,Meiningen,POINT (10.416667 50.55),Western Europe,Germany,Germany,1946-1970,11059,university-teacher,university
http://www.wikidata.org/entity/Q2561984,Werner Mangold,1927,male,Amsterdam,POINT (4.883333 52.366667),Western Europe,Netherlands,Belgium Netherl.,1971-1995,11060,university-teacher,organization
http://www.wikidata.org/entity/Q111743980,Miriam Moreira Leite,1926,female,Santos,POINT (-46.32864 -23.933599),South America,Brazil,South America,1971-1995,1450,university-teacher,publisher
http://www.wikidata.org/entity/Q2143487,Renate Rausch,1930,female,Berlin,POINT (13.383333 52.516667),Western Europe,Germany,Germany,1971-1995,10410,university-teacher,university
http://www.wikidata.org/entity/Q134732618,Nicole de Diesbach,1930,female,France,POINT (2 47),Western Europe,France,France,1971-1995,7895,teacher,publisher
http://www.wikidata.org/entity/Q1511383,Gerhard Brandt,1929,male,Frankfurt,POINT (8.682222 50.110556),Western Europe,Germany,Germany,1971-1995,8461,university-teacher,agency
http://www.wikidata.org/entity/Q1352604,James G. March,1928,male,Cleveland,POINT (-81.694722 41.499167),Northern America,United States,United States Can.,1971-1995,7939,university-teacher,education
http://www.wikidata.org/entity/Q2512445,Veljko Rus,1929,male,Višnja Gora,POINT (14.743127 45.953942),Southern Europe,Slovenia,Central Europe,1971-1995,10985,university-teacher,education
http://www.wikidata.org/entity/Q214676,Edith Kurzweil,1924,female,Vienna,POINT (16.3725 48.208333),Western Europe,Austria,Austria Hungary,1946-1970,10414,university-teacher,college
http://www.wikidata.org/entity/Q1512471,Gerhard Schmidtchen,1925,male,Hamm,POINT (7.819167 51.681389),Western Europe,Germany,Germany,1946-1970,8466,university-teacher,organization
http://www.wikidata.org/entity/Q77084476,Leonardus Laeyendecker,1930,male,Utrecht,POINT (5.12222 52.09083),Western Europe,Netherlands,Belgium Netherl.,1971-1995,16805,university-teacher,organization
http://www.wikidata.org/entity/Q9312260,Roman Dzwonkowski,1930,male,"Dzwonek, Masovian Voivodeship",POINT (21.708611 52.960833),Eastern Europe,Poland,Poland,1971-1995,17585,other,university
http://www.wikidata.org/entity/Q76959,Ralf Dahrendorf,1929,male,Hamburg,POINT (10 53.55),Western Europe,Germany,Germany,1971-1995,16791,university-teacher,education
http://www.wikidata.org/entity/Q111313644,Олесневич Любомир Олександрович,1921,male,Bogusza,POINT (20.883333 49.566667),Eastern Europe,Poland,Poland,1946-1970,1365,economist,institute
http://www.wikidata.org/entity/Q77688,Ruth Westheimer,1928,female,Wiesenfeld,POINT (9.68119 49.9936),Western Europe,Germany,Germany,1971-1995,16814,university-teacher,institution
http://www.wikidata.org/entity/Q7547623,Snell Putney,1929,male,Lincoln,POINT (-96.678056 40.809167),Northern America,United States,United States Can.,1971-1995,16703,writer,education
http://www.wikidata.org/entity/Q264341,Ruth Cardoso,1930,female,Araraquara,POINT (-48.175833 -21.793889),South America,Brazil,South America,1971-1995,11147,university-teacher,education
http://www.wikidata.org/entity/Q2645288,Alfred Klose,1928,male,Ybbs an der Donau,POINT (15.066667 48.166667),Western Europe,Austria,Austria Hungary,1971-1995,11153,university-teacher,university
http://www.wikidata.org/entity/Q2638216,Albert J. Reiss,1922,male,Seattle,POINT (-122.33 47.605),Northern America,United States,United States Can.,1946-1970,11140,university-teacher,education
http://www.wikidata.org/entity/Q263681,Gene Sharp,1928,male,North Baltimore,POINT (-83.6744 41.1819),Northern America,United States,United States Can.,1971-1995,11139,university-teacher,education
http://www.wikidata.org/entity/Q2571178,Wilfried Gottschalch,1929,male,Dresden,POINT (13.738144 51.049329),Western Europe,Germany,Germany,1971-1995,11069,university-teacher,institute
http://www.wikidata.org/entity/Q2128275,Rainer Mackensen,1927,male,Greifswald,POINT (13.383333 54.083333),Western Europe,Germany,Germany,1971-1995,10381,university-teacher,institute
http://www.wikidata.org/entity/Q7365159,Ronald P. Dore,1925,male,Bournemouth,POINT (-1.88 50.72),Northern Europe,United Kingdom,United Kingdom,1946-1970,16602,university-teacher,education
http://www.wikidata.org/entity/Q1121770,Kálmán Kulcsár,1928,male,Erdőtelek,POINT (20.317 47.683),Eastern Europe,Hungary,Austria Hungary,1971-1995,1516,university-teacher,publisher
http://www.wikidata.org/entity/Q7325020,Richard Cyert,1921,male,Winona,POINT (-91.640439 44.047889),Northern America,United States,United States Can.,1946-1970,16545,university-teacher,education
http://www.wikidata.org/entity/Q1353651,Robert Neelly Bellah,1927,male,Altus,POINT (-99.326667 34.643889),Northern America,United States,United States Can.,1971-1995,7947,university-teacher,education
http://www.wikidata.org/entity/Q3289225,Marcel Merle,1923,male,Saumur,POINT (-0.078055 47.259167),Western Europe,France,France,1946-1970,12200,political-scientist,education
http://www.wikidata.org/entity/Q515246,Marie-Andrée Bertrand,1925,female,Montreal,POINT (-73.586841 45.503343),Northern America,Canada,United States Can.,1946-1970,13798,university-teacher,organization
http://www.wikidata.org/entity/Q4337871,Gennady Osipov,1929,male,Ruzayevka,POINT (44.95 54.066667),European Russia,Russian Federation,Russian Federation,1971-1995,13085,university-teacher,university
http://www.wikidata.org/entity/Q4298599,Masao Miyoshi,1928,male,Tokyo,POINT (139.691667 35.689444),Eastern Asia,Japan,Japan,1971-1995,13052,other,education
http://www.wikidata.org/entity/Q17627211,René Bureau,1929,male,Ploërmel,POINT (-2.3975 47.931667),Western Europe,France,France,1971-1995,9480,other,education
http://www.wikidata.org/entity/Q4245051,Pobisk Kuznetsov,1924,male,Krasnoyarsk,POINT (92.871944 56.008889),Asiatic Russia,Russian Federation,Russian Federation,1946-1970,13010,philosopher,education
http://www.wikidata.org/entity/Q55939744,James W. Fernández,1930,male,Chicago,POINT (-87.627778 41.881944),Northern America,United States,United States Can.,1971-1995,14396,university-teacher,GLAM
http://www.wikidata.org/entity/Q4268375,Louis Kriesberg,1926,male,Chicago,POINT (-87.627778 41.881944),Northern America,United States,United States Can.,1971-1995,13027,university-teacher,education
http://www.wikidata.org/entity/Q4249872,Anatoly Kutsenkov,1929,male,Soviet Union,POINT (90 65),Asiatic Russia,Russian Federation,Russian Federation,1971-1995,13015,economist,education
http://www.wikidata.org/entity/Q1737669,Leopold Rosenmayr,1925,male,Vienna,POINT (16.3725 48.208333),Western Europe,Austria,Austria Hungary,1946-1970,9409,university-teacher,university
http://www.wikidata.org/entity/Q553887,Michel de Certeau,1925,male,Chambéry,POINT (5.920833 45.566389),Western Europe,France,France,1946-1970,14178,university-teacher,education
http://www.wikidata.org/entity/Q102812,Dankwart Rustow,1924,male,Berlin,POINT (13.383333 52.516667),Western Europe,Germany,Germany,1946-1970,158,political-scientist,education
http://www.wikidata.org/entity/Q11768754,Maria Borucka-Arctowa,1921,female,Inowrocław,POINT (18.261111 52.795833),Eastern Europe,Poland,Poland,1946-1970,5958,university-teacher,publisher
http://www.wikidata.org/entity/Q10294993,Herbert Kelman,1927,male,Vienna,POINT (16.3725 48.208333),Western Europe,Austria,Austria Hungary,1971-1995,170,university-teacher,education
http://www.wikidata.org/entity/Q4445122,Darko Suvin,1930,male,Zagreb,POINT (15.977222 45.813056),Southern Europe,Croatia,Central Europe,1971-1995,13164,university-teacher,publisher
http://www.wikidata.org/entity/Q1657795,Igor Kon,1928,male,Saint Petersburg,POINT (30.316667 59.95),European Russia,Russian Federation,Russian Federation,1971-1995,9043,university-teacher,education
http://www.wikidata.org/entity/Q1745329,Klaus Kippert,1928,male,Offenbach am Main,POINT (8.766667 50.1),Western Europe,Germany,Germany,1971-1995,9443,university-teacher,agency
http://www.wikidata.org/entity/Q437371,Gresham Sykes,1922,male,Plainfield,POINT (-74.416111 40.615278),Northern America,United States,United States Can.,1946-1970,13116,university-teacher,education
http://www.wikidata.org/entity/Q55701293,Sheldon Stryker,1924,male,Saint Paul,POINT (-93.093611 44.944167),Northern America,United States,United States Can.,1946-1970,14326,writer,education
http://www.wikidata.org/entity/Q4394379,David Veniaminovitsj Rivman,1929,male,Saint Petersburg,POINT (30.316667 59.95),European Russia,Russian Federation,Russian Federation,1971-1995,13127,other,education
http://www.wikidata.org/entity/Q957435,Elemér Hankiss,1928,male,Debrecen,POINT (21.639167 47.53),Eastern Europe,Hungary,Austria Hungary,1971-1995,18729,philosopher,publisher
http://www.wikidata.org/entity/Q4415865,Yuri Semenov,1929,male,Yekaterinburg,POINT (60.612778 56.835556),Asiatic Russia,Russian Federation,Russian Federation,1971-1995,13143,historian,education
http://www.wikidata.org/entity/Q44272,Michel Foucault,1926,male,Poitiers,POINT (0.335278 46.581111),Western Europe,France,France,1971-1995,13150,philosopher,education
http://www.wikidata.org/entity/Q4431275,Lev Spiridonov,1929,male,Saint Petersburg,POINT (30.316667 59.95),European Russia,Russian Federation,Russian Federation,1971-1995,13153,university-teacher,education
http://www.wikidata.org/entity/Q42306441,Koos de Valk,1927,male,Rotterdam,POINT (4.48 51.92),Western Europe,Netherlands,Belgium Netherl.,1971-1995,12981,university-teacher,organization
http://www.wikidata.org/entity/Q1811952,Lee Robins,1922,female,New Orleans,POINT (-90.078333 29.976111),Northern America,United States,United States Can.,1946-1970,9550,university-teacher,education
http://www.wikidata.org/entity/Q4134523,Dzhermen Gvishiani,1928,male,Akhaltsikhe,POINT (42.986111 41.638889),Western Asia,Georgia,Russian Federation,1971-1995,12872,philosopher,institute
http://www.wikidata.org/entity/Q18152339,Harold Zvi Schiffrin,1922,male,Rochester,POINT (-77.611389 43.165556),Northern America,United States,United States Can.,1946-1970,9553,university-teacher,university
http://www.wikidata.org/entity/Q4132603,Aleksandr Galkin,1922,male,Vitebsk,POINT (30.166667 55.183333),Eastern Europe,Belarus,Baltic States Fin. Belar.,1946-1970,12870,political-scientist,institute
http://www.wikidata.org/entity/Q41164458,Luís Álvaro Costa Pinto,1930,male,Salvador,POINT (-38.492778 -12.983056),South America,Brazil,South America,1971-1995,12861,university-teacher,publisher
http://www.wikidata.org/entity/Q4104637,Leonid Vasilyev,1930,male,Moscow,POINT (37.6175 55.750556),European Russia,Russian Federation,Russian Federation,1971-1995,12858,university-teacher,education
http://www.wikidata.org/entity/Q4102782,Dmitry Valentey,1922,male,Moscow,POINT (37.6175 55.750556),European Russia,Russian Federation,Russian Federation,1946-1970,12856,economist,university
http://www.wikidata.org/entity/Q1633297,"Hubert M. Blalock, Jr.",1926,male,Baltimore,POINT (-76.615 39.286389),Northern America,United States,United States Can.,1971-1995,8954,university-teacher,education
http://www.wikidata.org/entity/Q4072953,Aleksandr Akhiyezer,1929,male,Moscow,POINT (37.6175 55.750556),European Russia,Russian Federation,Russian Federation,1971-1995,12831,political-scientist,institute
http://www.wikidata.org/entity/Q56839610,Elaine M. Brody,1922,female,New York,POINT (-75 43),Northern America,United States,United States Can.,1946-1970,14595,other,school
http://www.wikidata.org/entity/Q394628,Raymond Williams,1921,male,Pandy,POINT (-2.96472 51.8947),Northern Europe,United Kingdom,United Kingdom,1946-1970,12787,writer,education
http://www.wikidata.org/entity/Q10391661,Violeta Arraes,1926,female,Araripe,POINT (-40.045833 -7.212778),South America,Brazil,South America,1971-1995,264,teacher,education
http://www.wikidata.org/entity/Q120637406,László Pál,1926,male,Szentkozmadombja,POINT (16.7609 46.679461),Eastern Europe,Hungary,Austria Hungary,1971-1995,6275,university-teacher,education
http://www.wikidata.org/entity/Q4065551,Galina Andreyeva,1924,female,Kazan,POINT (49.114444 55.790833),European Russia,Russian Federation,Russian Federation,1946-1970,12825,university-teacher,university
http://www.wikidata.org/entity/Q1598508,Heinrich Popitz,1925,male,Berlin,POINT (13.383333 52.516667),Western Europe,Germany,Germany,1946-1970,8762,university-teacher,publisher
http://www.wikidata.org/entity/Q1794545,Erik Allardt,1925,male,Helsinki,POINT (24.9375 60.170833),Northern Europe,Finland,Baltic States Fin. Belar.,1946-1970,9518,university-teacher,organization
http://www.wikidata.org/entity/Q56072568,Carl W. Backman,1923,male,Canandaigua,POINT (-77.2817 42.8861),Northern America,United States,United States Can.,1946-1970,14462,university-teacher,education
http://www.wikidata.org/entity/Q10327679,Maurício Tragtenberg,1929,male,Getúlio Vargas,POINT (-52.227778 -27.89),South America,Brazil,South America,1971-1995,211,teacher,publisher
http://www.wikidata.org/entity/Q559795,Karel Kosik,1926,male,Prague,POINT (14.421389 50.0875),Eastern Europe,Czechia,Czechia,1971-1995,14420,university-teacher,publisher
http://www.wikidata.org/entity/Q4225993,Lev Kogan,1923,male,Yekaterinburg,POINT (60.612778 56.835556),Asiatic Russia,Russian Federation,Russian Federation,1946-1970,12973,other,education
http://www.wikidata.org/entity/Q4208408,Vlail Kaznacheyev,1924,male,Tomsk,POINT (84.952222 56.488611),Asiatic Russia,Russian Federation,Russian Federation,1946-1970,12962,researcher,organization
http://www.wikidata.org/entity/Q553449,Thomas Sowell,1930,male,Gastonia,POINT (-81.180278 35.255278),Northern America,United States,United States Can.,1971-1995,14168,university-teacher,education
http://www.wikidata.org/entity/Q18088966,Hendrik Jan Heeren,1922,male,Amsterdam,POINT (4.883333 52.366667),Western Europe,Netherlands,Belgium Netherl.,1946-1970,9543,university-teacher,university
http://www.wikidata.org/entity/Q4190023,Andrey Zdravomyslov,1928,male,Saint Petersburg,POINT (30.316667 59.95),European Russia,Russian Federation,Russian Federation,1971-1995,12944,university-teacher,institute
http://www.wikidata.org/entity/Q10340144,Octavio Ianni,1926,male,Itu,POINT (-47.299167 -23.264167),South America,Brazil,South America,1971-1995,229,writer,publisher
http://www.wikidata.org/entity/Q41634789,Hans Mol,1922,male,Rozenburg,POINT (4.2486 51.9058),Western Europe,Netherlands,Belgium Netherl.,1946-1970,12908,university-teacher,publisher
http://www.wikidata.org/entity/Q4175204,Vasily Elmeev,1928,male,Suzgharie,POINT (44.92 54.12),European Russia,Russian Federation,Russian Federation,1971-1995,12929,university-teacher,university
http://www.wikidata.org/entity/Q11753467,Lech Grabowski,1929,male,Siedlce,POINT (22.283333 52.183333),Eastern Europe,Poland,Poland,1971-1995,5930,university-teacher,academy
http://www.wikidata.org/entity/Q1175310,David Lockwood,1929,male,Holmfirth,POINT (-1.787 53.57),Northern Europe,United Kingdom,United Kingdom,1971-1995,5929,university-teacher,education
http://www.wikidata.org/entity/Q48823925,Lotte Bailyn,1930,female,Vienna,POINT (16.3725 48.208333),Western Europe,Austria,Austria Hungary,1971-1995,13582,university-teacher,education
http://www.wikidata.org/entity/Q1681079,James Samuel Coleman,1926,male,Bedford,POINT (-86.4922 38.8628),Northern America,United States,United States Can.,1971-1995,9142,writer,education
http://www.wikidata.org/entity/Q528765,Stefan Nowak,1925,male,Warsaw,POINT (21.011111 52.23),Eastern Europe,Poland,Poland,1946-1970,13937,university-teacher,university
http://www.wikidata.org/entity/Q1679577,Jakobus Wössner,1921,male,Süßen,POINT (9.7575 48.679722),Western Europe,Germany,Germany,1946-1970,9138,university-teacher,university
http://www.wikidata.org/entity/Q98004,Gerald L. Eberlein,1930,male,Berlin,POINT (13.383333 52.516667),Western Europe,Germany,Germany,1971-1995,18908,university-teacher,institute
http://www.wikidata.org/entity/Q1712243,Julien Freund,1921,male,Henridorff,POINT (7.210278 48.733611),Western Europe,France,France,1946-1970,9262,political-scientist,university
http://www.wikidata.org/entity/Q978240,Tatu Vanhanen,1929,male,Ozyorskoye,POINT (29.479167 60.864722),European Russia,Russian Federation,Russian Federation,1971-1995,18895,university-teacher,university
http://www.wikidata.org/entity/Q1165138,Danuta Czech,1922,female,Humniska,POINT (22.06667 49.66667),Eastern Europe,Poland,Poland,1946-1970,5700,writer,GLAM
http://www.wikidata.org/entity/Q1016356,Burkart Lutz,1925,male,Munich,POINT (11.575 48.1375),Western Europe,Germany,Germany,1946-1970,100,university-teacher,university
http://www.wikidata.org/entity/Q1165735,Darcy Ribeiro,1922,male,Salinas,POINT (-121.655555 36.677778),Northern America,United States,United States Can.,1946-1970,5710,writer,publisher
http://www.wikidata.org/entity/Q4759741,Andrzej Zajączkowski,1922,male,Lublin,POINT (22.566667 51.25),Eastern Europe,Poland,Poland,1946-1970,13495,anthropologist,university
http://www.wikidata.org/entity/Q47489298,Charles Robert Wright,1927,male,Pennsauken,POINT (-75.058056 39.956111),Northern America,United States,United States Can.,1971-1995,13452,other,education
http://www.wikidata.org/entity/Q1707856,Joseph R. Gusfield,1923,male,Chicago,POINT (-87.627778 41.881944),Northern America,United States,United States Can.,1946-1970,9244,university-teacher,education
http://www.wikidata.org/entity/Q1698085,Johannes Neumann,1929,male,Königsberg,POINT (20.509306 54.711472),European Russia,Russian Federation,Russian Federation,1971-1995,9206,university-teacher,publisher
http://www.wikidata.org/entity/Q99306,Nermin Abadan Unat,1921,female,Vienna,POINT (16.3725 48.208333),Western Europe,Austria,Austria Hungary,1946-1970,18994,journalist,university
http://www.wikidata.org/entity/Q1690703,Joan Acker,1924,female,Illinois,POINT (-89.250278 40.000278),Northern America,United States,United States Can.,1946-1970,9181,university-teacher,education
http://www.wikidata.org/entity/Q1690305,Joachim Matthes,1930,male,Magdeburg,POINT (11.639961 52.131589),Western Europe,Germany,Germany,1971-1995,9176,university-teacher,publisher
http://www.wikidata.org/entity/Q11614710,Shingo Shibata,1930,male,Kanazawa,POINT (136.6565 36.561056),Eastern Asia,Japan,Japan,1971-1995,5617,university-teacher,university
http://www.wikidata.org/entity/Q504923,Andrew Greeley,1928,male,Oak Park,POINT (-87.789444 41.888333),Northern America,United States,United States Can.,1971-1995,13703,university-teacher,education
http://www.wikidata.org/entity/Q49461238,Alexandre Derczansky,1924,male,Strasbourg,POINT (7.752222 48.573333),Western Europe,France,France,1946-1970,13629,university-teacher,publisher
http://www.wikidata.org/entity/Q499603,Andreas Miller,1923,male,Warsaw,POINT (21.011111 52.23),Eastern Europe,Poland,Poland,1946-1970,13649,university-teacher,publisher
http://www.wikidata.org/entity/Q5233147,David E. Apter,1924,male,Brooklyn,POINT (-73.949722 40.650833),Northern America,United States,United States Can.,1946-1970,13887,university-teacher,education
http://www.wikidata.org/entity/Q50384376,Geneviève Poujol,1930,female,Toulon,POINT (5.930555 43.125),Western Europe,France,France,1971-1995,13685,other,publisher
http://www.wikidata.org/entity/Q170078,Ernest Gellner,1925,male,Montrouge,POINT (2.321111 48.816389),Western Europe,France,France,1946-1970,9220,political-scientist,education
http://www.wikidata.org/entity/Q39385906,Nikolaj Grigorʹevič Ûrkevič,1928,male,Siarhiejevičy,POINT (27.752222 53.493889),Eastern Europe,Belarus,Baltic States Fin. Belar.,1971-1995,12780,university-teacher,university
http://www.wikidata.org/entity/Q4533002,Yakov Etinger,1929,male,Minsk,POINT (27.561837 53.902246),Eastern Europe,Belarus,Baltic States Fin. Belar.,1971-1995,13259,political-scientist,institute
http://www.wikidata.org/entity/Q55101939,Vladimir Konstantinovitsj Krivoroetsjenko,1930,male,Rostov-on-Don,POINT (39.71 47.2225),European Russia,Russian Federation,Russian Federation,1971-1995,14114,scientist,university
http://www.wikidata.org/entity/Q16665088,Monique Gadant,1930,female,Dijon,POINT (5.041945 47.323055),Western Europe,France,France,1971-1995,9081,researcher,university
http://www.wikidata.org/entity/Q4520065,Teodor Shanin,1930,male,Vilnius,POINT (25.28 54.687222),Eastern Europe,Lithuania,Baltic States Fin. Belar.,1971-1995,13240,other,education
http://www.wikidata.org/entity/Q970013,Karl Martin Bolte,1925,male,Wernigerode,POINT (10.785278 51.835),Western Europe,Germany,Germany,1946-1970,18821,university-teacher,agency
http://www.wikidata.org/entity/Q96425,Dieter Claessens,1921,male,Berlin,POINT (13.383333 52.516667),Western Europe,Germany,Germany,1946-1970,18786,university-teacher,publisher
http://www.wikidata.org/entity/Q11749433,Krzysztof Kwaśniewski,1927,male,Gniezno,POINT (17.6 52.533333),Eastern Europe,Poland,Poland,1971-1995,5924,other,publisher
http://www.wikidata.org/entity/Q55264650,Paul Takagi,1923,male,California,POINT (-120 37),Northern America,United States,United States Can.,1946-1970,14155,other,education
http://www.wikidata.org/entity/Q114841911,"Walter A. Sedelow, Jr.",1928,male,Ludlow,POINT (-72.476389 42.16),Northern America,United States,United States Can.,1971-1995,5350,other,education
http://www.wikidata.org/entity/Q4536324,Vladimir Yadov,1929,male,Saint Petersburg,POINT (30.316667 59.95),European Russia,Russian Federation,Russian Federation,1971-1995,13266,university-teacher,institute
http://www.wikidata.org/entity/Q973276,Dell Hymes,1927,male,Portland,POINT (-122.666667 45.516667),Northern America,United States,United States Can.,1971-1995,18862,university-teacher,education
http://www.wikidata.org/entity/Q1673299,Janpeter Kob,1927,male,Zabrze,POINT (18.783333 50.3),Eastern Europe,Poland,Poland,1971-1995,9116,university-teacher,university
http://www.wikidata.org/entity/Q116937619,Sakurō Ōmae,1922,male,Kyoto Prefecture,POINT (135.755583 35.021028),Eastern Asia,Japan,Japan,1946-1970,5785,teacher,university
http://www.wikidata.org/entity/Q4538209,Rudolph Yanovskiy,1929,male,Suzdal,POINT (40.448889 56.421111),European Russia,Russian Federation,Russian Federation,1971-1995,13269,philosopher,university
http://www.wikidata.org/entity/Q54366457,J. Richard Udry,1929,male,Covington,POINT (-84.509722 39.065),Northern America,United States,United States Can.,1971-1995,14044,other,education
http://www.wikidata.org/entity/Q4639773,Gerard Veldkamp,1921,male,Breda,POINT (4.775833 51.588889),Western Europe,Netherlands,Belgium Netherl.,1946-1970,13306,university-teacher,organization
http://www.wikidata.org/entity/Q545915,Dorothy E. Smith,1926,female,Northallerton,POINT (-1.4285 54.3378),Northern Europe,United Kingdom,United Kingdom,1971-1995,14058,anthropologist,publisher
http://www.wikidata.org/entity/Q6185534,Jerzy Szacki,1929,male,Warsaw,POINT (21.011111 52.23),Eastern Europe,Poland,Poland,1971-1995,15520,university-teacher,university
http://www.wikidata.org/entity/Q3370435,Paul Albou,1926,male,12th arrondissement of Paris,POINT (2.388183 48.840808),Western Europe,France,France,1971-1995,12360,psychologist,university
http://www.wikidata.org/entity/Q59527960,Filippo Barbano,1922,male,Vignale Monferrato,POINT (8.397222 45.012222),Southern Europe,Italy,Italy,1946-1970,15027,university-teacher,university
http://www.wikidata.org/entity/Q60412,Thomas Luckmann,1927,male,Municipality of Jesenice,POINT (14.05 46.433333),Southern Europe,Slovenia,Central Europe,1971-1995,15249,university-teacher,agency
http://www.wikidata.org/entity/Q3604324,Achille Ardigò,1921,male,San Daniele del Friuli,POINT (13.016667 46.15),Southern Europe,Italy,Italy,1946-1970,12590,politician,publisher
http://www.wikidata.org/entity/Q3592794,Évelyne Sullerot,1924,female,Montrouge,POINT (2.321111 48.816389),Western Europe,France,France,1946-1970,12585,university-teacher,institution
http://www.wikidata.org/entity/Q358529,Giovanni Sartori,1924,male,Florence,POINT (11.254167 43.771389),Southern Europe,Italy,Italy,1946-1970,12575,university-teacher,education
http://www.wikidata.org/entity/Q3610213,Alessandro Pizzorno,1924,male,Trieste,POINT (13.770278 45.650278),Southern Europe,Italy,Italy,1946-1970,12598,university-teacher,education
http://www.wikidata.org/entity/Q363706,Charles Perrow,1925,male,Tacoma,POINT (-122.4475 47.2525),Northern America,United States,United States Can.,1946-1970,12611,university-teacher,education
http://www.wikidata.org/entity/Q3329432,Sabino Acquaviva,1927,male,Padua,POINT (11.873333 45.407778),Southern Europe,Italy,Italy,1971-1995,12306,university-teacher,university
http://www.wikidata.org/entity/Q369782,Peter Townsend,1928,male,Middlesbrough,POINT (-1.233333 54.573889),Northern Europe,United Kingdom,United Kingdom,1971-1995,12631,university-teacher,education
http://www.wikidata.org/entity/Q333686,Alain Touraine,1925,male,Hermanville-sur-Mer,POINT (-0.315278 49.283611),Western Europe,France,France,1946-1970,12317,university-teacher,institute
http://www.wikidata.org/entity/Q334842,Marvin Harris,1927,male,Brooklyn,POINT (-73.949722 40.650833),Northern America,United States,United States Can.,1971-1995,12331,university-teacher,education
http://www.wikidata.org/entity/Q61034850,Raymond Mack,1927,male,Ashtabula,POINT (-80.796944 41.877222),Northern America,United States,United States Can.,1971-1995,15360,university-teacher,education
http://www.wikidata.org/entity/Q36490473,Helen Matthews Lewis,1924,female,Nicholson,POINT (-83.4294 34.1147),Northern America,United States,United States Can.,1946-1970,12614,historian,education
http://www.wikidata.org/entity/Q1603130,Lothar Bossle,1929,male,Ramstein-Miesenbach,POINT (7.554722 49.446111),Western Europe,Germany,Germany,1971-1995,8814,university-teacher,university
http://www.wikidata.org/entity/Q1887796,Piet Thöenes,1921,male,Rotterdam,POINT (4.48 51.92),Western Europe,Netherlands,Belgium Netherl.,1946-1970,9749,university-teacher,education
http://www.wikidata.org/entity/Q5991384,Manfred Kochen,1928,male,Vienna,POINT (16.3725 48.208333),Western Europe,Austria,Austria Hungary,1971-1995,15175,other,education
http://www.wikidata.org/entity/Q1906058,Marvin Wolfgang,1924,male,Millersburg,POINT (-76.95722 40.54167),Northern America,United States,United States Can.,1946-1970,9802,university-teacher,education
http://www.wikidata.org/entity/Q19060278,Lucien Malson,1926,male,Bordeaux,POINT (-0.579444 44.837778),Western Europe,France,France,1971-1995,9801,other,newspaper
http://www.wikidata.org/entity/Q105080915,Richard “Dick” Lewis Matteson,1928,male,Columbia,POINT (-81.044167 34.000555),Northern America,United States,United States Can.,1971-1995,374,university-teacher,education
http://www.wikidata.org/entity/Q3383737,Pierre Ansart,1922,male,Corbeil,POINT (2.48263 48.61191),Western Europe,France,France,1946-1970,12393,university-teacher,publisher
http://www.wikidata.org/entity/Q357923,William Labov,1927,male,Rutherford,POINT (-74.106 40.8203),Northern America,United States,United States Can.,1971-1995,12571,university-teacher,education
http://www.wikidata.org/entity/Q3385048,Pierre Fougeyrollas,1922,male,Mont-de-Marsan,POINT (-0.500556 43.890278),Western Europe,France,France,1946-1970,12396,philosopher,university
http://www.wikidata.org/entity/Q3561575,Viviane Isambert-Jamati,1924,female,14th arrondissement of Paris,POINT (2.326889 48.833022),Western Europe,France,France,1946-1970,12551,university-teacher,publisher
http://www.wikidata.org/entity/Q1880779,Mario Rainer Lepsius,1928,male,Rio de Janeiro,POINT (-43.205555 -22.911111),South America,Brazil,South America,1971-1995,9733,university-teacher,publisher
http://www.wikidata.org/entity/Q18817364,Shin'ichi Itō,1921,male,Kobe,POINT (135.195444 34.690167),Eastern Asia,Japan,Japan,1946-1970,9737,researcher,university
http://www.wikidata.org/entity/Q59533584,Roger Dehem,1921,male,Belgium,POINT (4.668056 50.641111),Western Europe,Belgium,Belgium Netherl.,1946-1970,15070,university-teacher,publisher
http://www.wikidata.org/entity/Q123375741,David W. Ames,1922,male,Indiana,POINT (-86.216667 39.933333),Northern America,United States,United States Can.,1946-1970,6572,anthropologist,education
http://www.wikidata.org/entity/Q1904124,Martin Irle,1927,male,Witten,POINT (7.333333 51.433333),Western Europe,Germany,Germany,1971-1995,9793,university-teacher,university
http://www.wikidata.org/entity/Q58040,Andre Gunder Frank,1929,male,Berlin,POINT (13.383333 52.516667),Western Europe,Germany,Germany,1971-1995,14764,university-teacher,education
http://www.wikidata.org/entity/Q124389113,Saverio Avveduto,1924,male,Hyspica,POINT (14.906944 36.785278),Southern Europe,Italy,Italy,1946-1970,6786,university-teacher,organization
http://www.wikidata.org/entity/Q58420280,Tetsuro Sasaki,1924,male,Iwate Prefecture,POINT (141.152722 39.7035),Eastern Asia,Japan,Japan,1946-1970,14847,other,publisher
http://www.wikidata.org/entity/Q19357525,Gian Paolo Prandstraller,1926,male,Castello di Godego,POINT (11.883333 45.7),Southern Europe,Italy,Italy,1971-1995,9864,university-teacher,publisher
http://www.wikidata.org/entity/Q33124437,Heorhiy Davidzyuk,1923,male,Akciabr,POINT (24.606389 52.244445),Eastern Europe,Belarus,Baltic States Fin. Belar.,1946-1970,12288,scientist,institute
http://www.wikidata.org/entity/Q3313065,Mihailo Đurić,1925,male,Šabac,POINT (19.693889 44.755833),Southern Europe,Serbia,Central Europe,1946-1970,12289,university-teacher,publisher
http://www.wikidata.org/entity/Q182847,Jean Baudrillard,1929,male,Reims,POINT (4.028611 49.265278),Western Europe,France,France,1971-1995,9589,university-teacher,education
http://www.wikidata.org/entity/Q3309295,Michel Clouscard,1928,male,Montpinier,POINT (2.2025 43.6775),Western Europe,France,France,1971-1995,12260,university-teacher,publisher
http://www.wikidata.org/entity/Q16262807,Yves Martin,1929,male,Montreal,POINT (-73.586841 45.503343),Northern America,Canada,United States Can.,1971-1995,8921,university-teacher,publisher
http://www.wikidata.org/entity/Q6140465,James O'Connor,1930,male,Newton,POINT (-71.209722 42.336944),Northern America,United States,United States Can.,1971-1995,15437,economist,facility
http://www.wikidata.org/entity/Q6128074,James A. Davis,1929,male,Chicago,POINT (-87.627778 41.881944),Northern America,United States,United States Can.,1971-1995,15426,university-teacher,education
http://www.wikidata.org/entity/Q1614826,Hervé Carrier,1921,male,Grand-Mère,POINT (-72.7 46.616667),Northern America,Canada,United States Can.,1946-1970,8888,university-teacher,university
http://www.wikidata.org/entity/Q57238,Niklas Luhmann,1927,male,Lüneburg,POINT (10.414444 53.2525),Western Europe,Germany,Germany,1971-1995,14648,university-teacher,publisher
http://www.wikidata.org/entity/Q1225738,Richard Cloward,1926,male,Rochester,POINT (-77.611389 43.165556),Northern America,United States,United States Can.,1971-1995,6424,university-teacher,education
http://www.wikidata.org/entity/Q193257,Jean-François Lyotard,1924,male,Versailles,POINT (2.135 48.805),Western Europe,France,France,1946-1970,9859,university-teacher,education
http://www.wikidata.org/entity/Q19311841,Wolf Mendl,1926,male,Berlin,POINT (13.383333 52.516667),Western Europe,Germany,Germany,1971-1995,9856,university-teacher,education
http://www.wikidata.org/entity/Q121138419,Dorothy E. Lee,1928,female,Litchfield,POINT (-89.6536 39.1767),Northern America,United States,United States Can.,1971-1995,6328,university-teacher,education
http://www.wikidata.org/entity/Q12260827,José Ignacio Ruiz Olabuénaga,1929,male,Orduña-Urduña,POINT (-3.011229 42.995833),Southern Europe,Spain,Spain Port.,1971-1995,6432,university-teacher,publisher
http://www.wikidata.org/entity/Q1600484,Heinz Kluth,1921,male,Lychen,POINT (13.315333 53.210056),Western Europe,Germany,Germany,1946-1970,8784,university-teacher,university
http://www.wikidata.org/entity/Q1044263,Carola Stern,1925,female,Ahlbeck,POINT (14.18751 53.9402),Western Europe,Germany,Germany,1946-1970,298,university-teacher,school
http://www.wikidata.org/entity/Q3838591,Luciano Gallino,1927,male,Turin,POINT (7.676111 45.079167),Southern Europe,Italy,Italy,1971-1995,12721,university-teacher,publisher
http://www.wikidata.org/entity/Q3896211,Osmo Antero Wiio,1928,male,Porvoo,POINT (25.663889 60.393056),Northern Europe,Finland,Baltic States Fin. Belar.,1971-1995,12760,politician,organization
http://www.wikidata.org/entity/Q19335551,Mildred Blaxter,1925,female,Jesmond,POINT (-1.6038 54.9829),Northern Europe,United Kingdom,United Kingdom,1946-1970,9861,university-teacher,education
http://www.wikidata.org/entity/Q16275148,Blaženka Despot,1930,female,Zagreb,POINT (15.977222 45.813056),Southern Europe,Croatia,Central Europe,1971-1995,8934,philosopher,publisher
http://www.wikidata.org/entity/Q1700156,John Gagnon,1931,male,Fall River,POINT (-71.155555 41.701389),Northern America,United States,United States Can.,1971-1995,9218,university-teacher,education
http://www.wikidata.org/entity/Q215896,Alfred Schmidt,1931,male,Berlin,POINT (13.383333 52.516667),Western Europe,Germany,Germany,1971-1995,10462,university-teacher,agency
http://www.wikidata.org/entity/Q9146549,Aleksandra Jasińska-Kania,1932,female,Moscow,POINT (37.6175 55.750556),European Russia,Russian Federation,Russian Federation,1971-1995,17448,university-teacher,university
http://www.wikidata.org/entity/Q99042,Lars Clausen,1935,male,Berlin,POINT (13.383333 52.516667),Western Europe,Germany,Germany,1971-1995,18983,university-teacher,publisher
http://www.wikidata.org/entity/Q1697243,Johannes Berger,1939,male,Ludwigshafen,POINT (8.435278 49.481111),Western Europe,Germany,Germany,1971-1995,9201,university-teacher,university
http://www.wikidata.org/entity/Q97314993,Colin Campbell,1940,male,Sutton Coldfield,POINT (-1.822 52.563),Northern Europe,United Kingdom,United Kingdom,1971-1995,18860,university-teacher,university
http://www.wikidata.org/entity/Q99162532,Jacqueline Feldman,1936,female,Paris,POINT (2.352222 48.856667),Western Europe,France,France,1971-1995,18987,other,publisher
http://www.wikidata.org/entity/Q99381,Dieter Senghaas,1940,male,Geislingen an der Steige,POINT (9.830556 48.624445),Western Europe,Germany,Germany,1971-1995,19005,university-teacher,university
http://www.wikidata.org/entity/Q17253613,Alf Schwarz,1935,male,Biberach an der Riss,POINT (9.788611 48.098055),Western Europe,Germany,Germany,1971-1995,9359,university-teacher,publisher
http://www.wikidata.org/entity/Q21543259,Giovanni Gasparini,1940,male,Rome,POINT (12.482778 41.893056),Southern Europe,Italy,Italy,1971-1995,10444,university-teacher,university
http://www.wikidata.org/entity/Q914428,Raymond Boudon,1934,male,15th arrondissement of Paris,POINT (2.300292 48.841328),Western Europe,France,France,1971-1995,17440,philosopher,education
http://www.wikidata.org/entity/Q975873,Vojtěch Cepl,1938,male,Prague,POINT (14.421389 50.0875),Eastern Europe,Czechia,Czechia,1971-1995,18879,other,publisher
http://www.wikidata.org/entity/Q90433,Robert Picht,1937,male,Berlin,POINT (13.383333 52.516667),Western Europe,Germany,Germany,1971-1995,17383,university-teacher,college
http://www.wikidata.org/entity/Q1933670,Mikk Titma,1939,male,Tallinn,POINT (24.745 59.437222),Eastern Europe,Estonia,Baltic States Fin. Belar.,1971-1995,9863,professor,university
http://www.wikidata.org/entity/Q95169205,Jaromír Čapek,1932,male,Chudobín,POINT (17.035556 49.688611),Eastern Europe,Czechia,Czechia,1971-1995,18116,other,education
http://www.wikidata.org/entity/Q2166894,Rosemarie Nave-Herz,1935,female,Berlin,POINT (13.383333 52.516667),Western Europe,Germany,Germany,1971-1995,10492,university-teacher,university
http://www.wikidata.org/entity/Q89804675,John Herman Blake,1934,male,Mount Vernon,POINT (-73.830556 40.914167),Northern America,United States,United States Can.,1971-1995,17343,other,education
http://www.wikidata.org/entity/Q1704434,Alfred Bellebaum,1931,male,Siegen,POINT (8.016667 50.875556),Western Europe,Germany,Germany,1971-1995,9236,university-teacher,university
http://www.wikidata.org/entity/Q1904881,Martin S. Weinberg,1939,male,Albany,POINT (-73.766667 42.65),Northern America,United States,United States Can.,1971-1995,9797,university-teacher,education
http://www.wikidata.org/entity/Q976971,Anthony D. Smith,1939,male,London,POINT (-0.1275 51.507222),Northern Europe,United Kingdom,United Kingdom,1971-1995,18890,university-teacher,education
http://www.wikidata.org/entity/Q17126629,Dietmar Schössler,1937,male,Nordhausen,POINT (10.791111 51.505),Western Europe,Germany,Germany,1971-1995,9263,university-teacher,other
http://www.wikidata.org/entity/Q98800,Peter Bürger,1936,male,Hamburg,POINT (10 53.55),Western Europe,Germany,Germany,1971-1995,18957,professor,university
http://www.wikidata.org/entity/Q2165653,Ronald Akers,1939,male,New Albany,POINT (-85.8214 38.3019),Northern America,United States,United States Can.,1971-1995,10486,university-teacher,education
http://www.wikidata.org/entity/Q981280,Guy Spitaels,1931,male,Ath,POINT (3.776941 50.631139),Western Europe,Belgium,Belgium Netherl.,1971-1995,18920,university-teacher,college
http://www.wikidata.org/entity/Q9144710,Aldona Jawłowska,1934,female,Warsaw,POINT (21.011111 52.23),Eastern Europe,Poland,Poland,1971-1995,17442,university-teacher,institute
http://www.wikidata.org/entity/Q2170766,Roy Bailey,1935,male,Bow,POINT (-0.0288 51.5298),Northern Europe,United Kingdom,United Kingdom,1971-1995,10510,other,education
http://www.wikidata.org/entity/Q2172123,Rudi Schmidt,1939,male,Berlin,POINT (13.383333 52.516667),Western Europe,Germany,Germany,1971-1995,10512,university-teacher,university
http://www.wikidata.org/entity/Q99034287,Marijean Suelzle,1940,female,Winnipeg,POINT (-97.138611 49.895556),Northern America,Canada,United States Can.,1971-1995,18981,professor,education
http://www.wikidata.org/entity/Q89348969,Leslie G. Carr,1936,male,Columbus,POINT (-83.000556 39.962222),Northern America,United States,United States Can.,1971-1995,17310,university-teacher,education
http://www.wikidata.org/entity/Q1718110,Theodor Ebert,1937,male,Stuttgart,POINT (9.18 48.7775),Western Europe,Germany,Germany,1971-1995,9307,university-teacher,publisher
http://www.wikidata.org/entity/Q2162719,Roland Eckert,1937,male,Munich,POINT (11.575 48.1375),Western Europe,Germany,Germany,1971-1995,10472,university-teacher,university
http://www.wikidata.org/entity/Q1717172,Jürgen Friedrichs,1938,male,Berlin,POINT (13.383333 52.516667),Western Europe,Germany,Germany,1971-1995,9301,university-teacher,publisher
http://www.wikidata.org/entity/Q1717099,Theodore R. Marmor,1939,male,Brooklyn,POINT (-73.949722 40.650833),Northern America,United States,United States Can.,1971-1995,9299,university-teacher,education
http://www.wikidata.org/entity/Q91074,Rüdiger Lautmann,1935,male,Koblenz,POINT (7.597778 50.359722),Western Europe,Germany,Germany,1971-1995,17414,university-teacher,university
http://www.wikidata.org/entity/Q98812,Horst Bosetzky,1938,male,Berlin,POINT (13.383333 52.516667),Western Europe,Germany,Germany,1971-1995,18959,university-teacher,education
http://www.wikidata.org/entity/Q19690277,Marian Filipiak,1935,male,Tłoki,POINT (16.1833 52.1),Eastern Europe,Poland,Poland,1971-1995,9948,university-teacher,education
http://www.wikidata.org/entity/Q19690198,Jan Malanowski,1932,male,Hrodna,POINT (23.816667 53.666667),Eastern Europe,Belarus,Baltic States Fin. Belar.,1971-1995,9947,university-teacher,university
http://www.wikidata.org/entity/Q2163802,Rolf Schwendter,1939,male,Vienna,POINT (16.3725 48.208333),Western Europe,Austria,Austria Hungary,1971-1995,10477,university-teacher,publisher
http://www.wikidata.org/entity/Q1717573,Jürgen Raschert,1937,male,Berlin,POINT (13.383333 52.516667),Western Europe,Germany,Germany,1971-1995,9306,university-teacher,publisher
http://www.wikidata.org/entity/Q19965175,Ralf Zoll,1939,male,Darmstadt,POINT (8.65 49.866667),Western Europe,Germany,Germany,1971-1995,10015,university-teacher,university
http://www.wikidata.org/entity/Q1730200,Karl Acham,1939,male,Leoben,POINT (15.097222 47.381667),Western Europe,Austria,Austria Hungary,1971-1995,9374,university-teacher,publisher
http://www.wikidata.org/entity/Q1785021,Paul Trappe,1931,male,Trier,POINT (6.63935 49.75565),Western Europe,Germany,Germany,1971-1995,9508,university-teacher,publisher
http://www.wikidata.org/entity/Q9373654,Wiesław Łagodziński,1937,male,Ostrołęka,POINT (21.566667 53.083333),Eastern Europe,Poland,Poland,1971-1995,17803,other,other
http://www.wikidata.org/entity/Q2087559,Philippe C. Schmitter,1936,male,"Washington, D.C.",POINT (-77.036667 38.895),Northern America,United States,United States Can.,1971-1995,10270,university-teacher,education
http://www.wikidata.org/entity/Q1794249,Kurt Weis,1940,male,Mannheim,POINT (8.466111 49.487778),Western Europe,Germany,Germany,1971-1995,9517,university-teacher,institute
http://www.wikidata.org/entity/Q20873755,Valerij M. Vorona,1940,male,Rechytsa,POINT (30.38796 52.3724),Eastern Europe,Belarus,Baltic States Fin. Belar.,1971-1995,10268,economist,education
http://www.wikidata.org/entity/Q954305,William Sims Bainbridge,1940,male,Connecticut,POINT (-72.7 41.6),Northern America,United States,United States Can.,1971-1995,18639,university-teacher,education
http://www.wikidata.org/entity/Q20831437,Robert Bernard Hill,1938,male,Brooklyn,POINT (-73.949722 40.650833),Northern America,United States,United States Can.,1971-1995,10258,university-teacher,education
http://www.wikidata.org/entity/Q9342429,Stanisław Kwiatkowski,1939,male,Żurawica,POINT (22.78333 49.81667),Eastern Europe,Poland,Poland,1971-1995,17738,political-scientist,education
http://www.wikidata.org/entity/Q18645757,Jacquelyne Jackson,1932,female,Winston-Salem,POINT (-80.260556 36.1025),Northern America,United States,United States Can.,1971-1995,9702,university-teacher,education
http://www.wikidata.org/entity/Q17637404,Wade Clark Roof,1939,male,Columbia,POINT (-81.044167 34.000555),Northern America,United States,United States Can.,1971-1995,9486,university-teacher,education
http://www.wikidata.org/entity/Q1764889,Ursula Schumm-Garling,1938,female,Berlin,POINT (13.383333 52.516667),Western Europe,Germany,Germany,1971-1995,9488,university-teacher,institute
http://www.wikidata.org/entity/Q9345357,Stefan Starczewski,1935,male,Konstancin-Jeziorna,POINT (21.116667 52.083333),Eastern Europe,Poland,Poland,1971-1995,17772,university-teacher,institution
http://www.wikidata.org/entity/Q1774118,Ulrich Oevermann,1940,male,Heilbronn,POINT (9.217953 49.140428),Western Europe,Germany,Germany,1971-1995,9504,university-teacher,agency
http://www.wikidata.org/entity/Q1849891,Jo Segers,1932,male,Montfort,POINT (5.9486 51.1261),Western Europe,Netherlands,Belgium Netherl.,1971-1995,9621,university-teacher,university
http://www.wikidata.org/entity/Q18226328,Janusz Mariański,1940,male,Borowo,POINT (19.973333 52.683056),Eastern Europe,Poland,Poland,1971-1995,9574,other,education
http://www.wikidata.org/entity/Q20640771,Anatoly Ivanovich Antonov,1936,male,Moscow,POINT (37.6175 55.750556),European Russia,Russian Federation,Russian Federation,1971-1995,10187,scientist,institute
http://www.wikidata.org/entity/Q20631227,J. Rogers Hollingsworth,1932,male,Anniston,POINT (-85.826664 33.663003),Northern America,United States,United States Can.,1971-1995,10179,historian,education
http://www.wikidata.org/entity/Q2060571,Paul Kellermann,1937,male,Szczecin,POINT (14.555278 53.424722),Eastern Europe,Poland,Poland,1971-1995,10175,university-teacher,publisher
http://www.wikidata.org/entity/Q9382079,Władysław Masiarz,1939,male,Jankowice,POINT (20.87334 51.27534),Eastern Europe,Poland,Poland,1971-1995,17818,historian,education
http://www.wikidata.org/entity/Q2078855,Peter Waldmann,1937,male,Meiningen,POINT (10.416667 50.55),Western Europe,Germany,Germany,1971-1995,10248,university-teacher,university
http://www.wikidata.org/entity/Q9382775,Włodzimierz Pawluczuk,1934,male,Ryboły,POINT (23.266667 52.933333),Eastern Europe,Poland,Poland,1971-1995,17823,university-teacher,publisher
http://www.wikidata.org/entity/Q18471877,William Chambliss,1933,male,Buffalo,POINT (-78.878056 42.886389),Northern America,United States,United States Can.,1971-1995,9615,university-teacher,education
http://www.wikidata.org/entity/Q2076537,Peter Kühne,1935,male,Essen,POINT (7.013055 51.450833),Western Europe,Germany,Germany,1971-1995,10243,university-teacher,institute
http://www.wikidata.org/entity/Q184435,Zeev Sternhell,1935,male,Przemyśl,POINT (22.78424 49.78345),Eastern Europe,Poland,Poland,1971-1995,9612,university-teacher,university
http://www.wikidata.org/entity/Q20510823,Гаспарян Юрій Аресенович,1940,male,Gyumri,POINT (43.833333 40.783333),Western Asia,Armenia,Russian Federation,1971-1995,10152,economist,institute
http://www.wikidata.org/entity/Q1729722,Karl-Dieter Opp,1937,male,Cologne,POINT (6.957778 50.942222),Western Europe,Germany,Germany,1971-1995,9372,university-teacher,publisher
http://www.wikidata.org/entity/Q1759679,Karel Dobbelaere,1933,male,Nieuwpoort,POINT (2.751389 51.129445),Western Europe,Belgium,Belgium Netherl.,1971-1995,9473,university-teacher,education
http://www.wikidata.org/entity/Q925289,Luis González Seara,1936,male,San Pedro,POINT (-7.874707 42.23633),Southern Europe,Spain,Spain Port.,1971-1995,17541,university-teacher,university
http://www.wikidata.org/entity/Q9287934,Henryk Bednarski,1934,male,Małkinia Górna,POINT (22.02836 52.6922),Eastern Europe,Poland,Poland,1971-1995,17567,university-teacher,education
http://www.wikidata.org/entity/Q1997006,Norbert Martin,1936,male,"Herschbach, Selters",POINT (7.739167 50.575),Western Europe,Germany,Germany,1971-1995,10017,university-teacher,publisher
http://www.wikidata.org/entity/Q18785056,Micheline Labelle,1940,female,Montreal,POINT (-73.586841 45.503343),Northern America,Canada,United States Can.,1971-1995,9732,writer,organization
http://www.wikidata.org/entity/Q932276,Christian Metz,1931,male,Béziers,POINT (3.216111 43.343333),Western Europe,France,France,1971-1995,17609,other,institute
http://www.wikidata.org/entity/Q93229069,Denise Veillette,1939,female,Shawinigan,POINT (-72.75 46.5667),Northern America,Canada,United States Can.,1971-1995,17612,university-teacher,publisher
http://www.wikidata.org/entity/Q96114,Bernd Rabehl,1938,male,Rathenow,POINT (12.333333 52.6),Western Europe,Germany,Germany,1971-1995,18758,university-teacher,publisher
http://www.wikidata.org/entity/Q2141255,Reinhart Wolff,1939,male,Battenberg (Eder),POINT (8.65 51.016667),Western Europe,Germany,Germany,1971-1995,10406,university-teacher,university
http://www.wikidata.org/entity/Q2140800,Reinhard Kreckel,1940,male,Nuremberg,POINT (11.0775 49.453889),Western Europe,Germany,Germany,1971-1995,10404,university-teacher,university
http://www.wikidata.org/entity/Q92513,Dietmar Kamper,1936,male,Erkelenz,POINT (6.315556 51.08),Western Europe,Germany,Germany,1971-1995,17540,university-teacher,publisher
http://www.wikidata.org/entity/Q17426493,Joachim Kondziela,1932,male,Kochłowice,POINT (18.9015 50.2538),Eastern Europe,Poland,Poland,1971-1995,9430,university-teacher,university
http://www.wikidata.org/entity/Q96473499,Guy Dhoquois,1937,male,17th arrondissement of Paris,POINT (2.307839 48.882244),Western Europe,France,France,1971-1995,18787,historian,university
http://www.wikidata.org/entity/Q971756,Rodney Stark,1934,male,Jamestown,POINT (-98.708445 46.910556),Northern America,United States,United States Can.,1971-1995,18842,university-teacher,education
http://www.wikidata.org/entity/Q9155745,Anna Sztaudynger-Kaliszewicz,1933,female,Poznań,POINT (16.933611 52.408333),Eastern Europe,Poland,Poland,1971-1995,17473,writer,publisher
http://www.wikidata.org/entity/Q1732534,Karl Otto Hondrich,1937,male,Andernach,POINT (7.401667 50.439722),Western Europe,Germany,Germany,1971-1995,9387,university-teacher,agency
http://www.wikidata.org/entity/Q18818292,Takao Yamada,1932,male,Tokyo,POINT (139.691667 35.689444),Eastern Asia,Japan,Japan,1971-1995,9743,political-scientist,publisher
http://www.wikidata.org/entity/Q18818063,Hideo Fujita,1931,male,Tokyo,POINT (139.691667 35.689444),Eastern Asia,Japan,Japan,1971-1995,9741,other,university
http://www.wikidata.org/entity/Q93386311,Phillip Bonacich,1940,male,Napa,POINT (-122.3 38.3),Northern America,United States,United States Can.,1971-1995,17725,university-teacher,education
http://www.wikidata.org/entity/Q1878239,Lutz von Werder,1939,male,Berlin,POINT (13.383333 52.516667),Western Europe,Germany,Germany,1971-1995,9731,university-teacher,university
http://www.wikidata.org/entity/Q93241142,Guglielmo Malizia,1938,male,Rome,POINT (12.482778 41.893056),Southern Europe,Italy,Italy,1971-1995,17652,university-teacher,other
http://www.wikidata.org/entity/Q21207265,Marzio Barbagli,1938,male,Montevarchi,POINT (11.567867 43.523397),Southern Europe,Italy,Italy,1971-1995,10367,university-teacher,publisher
http://www.wikidata.org/entity/Q1745434,Klaus Merten,1940,male,Potsdam,POINT (13.066667 52.4),Western Europe,Germany,Germany,1971-1995,9444,university-teacher,agency
http://www.wikidata.org/entity/Q20041837,Hideichirō Nakano,1936,male,Osaka,POINT (135.502111 34.69375),Eastern Asia,Japan,Japan,1971-1995,10065,teacher,publisher
http://www.wikidata.org/entity/Q18719231,Shirley Smoyak,1935,female,Perth Amboy,POINT (-74.275278 40.519444),Northern America,United States,United States Can.,1971-1995,9717,other,college
http://www.wikidata.org/entity/Q1750291,Walter M. Sprondel,1938,male,Stargard,POINT (15.04475 53.338719),Eastern Europe,Poland,Poland,1971-1995,9458,university-teacher,publisher
http://www.wikidata.org/entity/Q93230730,Nicole Gagnon,1938,female,Mont-Joli,POINT (-68.183333 48.583333),Northern America,Canada,United States Can.,1971-1995,17618,university-teacher,publisher
http://www.wikidata.org/entity/Q1745070,Klaus Feldmann,1939,male,Vienna,POINT (16.3725 48.208333),Western Europe,Austria,Austria Hungary,1971-1995,9437,university-teacher,organization
http://www.wikidata.org/entity/Q1745242,Klaus Horn,1934,male,Dresden,POINT (13.738144 51.049329),Western Europe,Germany,Germany,1971-1995,9440,university-teacher,organization
http://www.wikidata.org/entity/Q93234112,Pier Paolo Giglioli,1939,male,Florence,POINT (11.254167 43.771389),Southern Europe,Italy,Italy,1971-1995,17632,university-teacher,publisher
http://www.wikidata.org/entity/Q1745268,Klaus Hüfner,1939,male,Berlin,POINT (13.383333 52.516667),Western Europe,Germany,Germany,1971-1995,9441,university-teacher,publisher
http://www.wikidata.org/entity/Q59157058,Maria Cecília de Souza Minayo,1938,female,Itabira,POINT (-43.226944 -19.618889),South America,Brazil,South America,1971-1995,14924,researcher,education
http://www.wikidata.org/entity/Q5913577,Ignacio Sotelo,1936,male,Madrid,POINT (-3.703333 40.416944),Southern Europe,Spain,Spain Port.,1971-1995,14919,university-teacher,publisher
http://www.wikidata.org/entity/Q5906424,Héctor Schmucler,1931,male,Hasenkamp,POINT (-59.85 -31.516667),South America,Argentina,South America,1971-1995,14910,researcher,publisher
http://www.wikidata.org/entity/Q375310,Giovanni Arrighi,1937,male,Milan,POINT (9.19 45.466944),Southern Europe,Italy,Italy,1971-1995,12663,university-teacher,education
http://www.wikidata.org/entity/Q3763744,Gianpiero Gamaleri,1940,male,Milan,POINT (9.19 45.466944),Southern Europe,Italy,Italy,1971-1995,12677,university-teacher,university
http://www.wikidata.org/entity/Q376554,Travis Hirschi,1935,male,Rockville,POINT (-113.0375 37.161389),Northern America,United States,United States Can.,1971-1995,12679,university-teacher,education
http://www.wikidata.org/entity/Q586126,Antoine Faivre,1934,male,Reims,POINT (4.028611 49.265278),Western Europe,France,France,1971-1995,14866,historian,education
http://www.wikidata.org/entity/Q58542394,Arnaldo Bagnasco,1939,male,Varazze,POINT (8.576636 44.360006),Southern Europe,Italy,Italy,1971-1995,14862,university-teacher,publisher
http://www.wikidata.org/entity/Q5839630,Pablo Huneeus,1940,male,Santiago,POINT (-70.65 -33.4375),South America,Chile,South America,1971-1995,14841,writer,publisher
http://www.wikidata.org/entity/Q3641717,Bolesław Tejkowski,1933,male,Kruszwica,POINT (18.329167 52.677222),Eastern Europe,Poland,Poland,1971-1995,12613,politician,university
http://www.wikidata.org/entity/Q59293278,Peter Ondrejkovič,1940,male,Bratislava,POINT (17.112778 48.144722),Eastern Europe,Slovakia,Central Europe,1971-1995,14953,university-teacher,publisher
http://www.wikidata.org/entity/Q368784,Eileen Barker,1938,female,Edinburgh,POINT (-3.189167 55.953333),Northern Europe,United Kingdom,United Kingdom,1971-1995,12627,university-teacher,education
http://www.wikidata.org/entity/Q370721,Jakub Karpiński,1940,male,Warsaw,POINT (21.011111 52.23),Eastern Europe,Poland,Poland,1971-1995,12637,political-scientist,university
http://www.wikidata.org/entity/Q3713005,Domenico de Masi,1938,male,Rotello,POINT (15.004167 41.7475),Southern Europe,Italy,Italy,1971-1995,12639,university-teacher,publisher
http://www.wikidata.org/entity/Q5831384,Emilio de Ipola,1939,male,Buenos Aires,POINT (-58.381944 -34.599722),South America,Argentina,South America,1971-1995,14825,university-teacher,publisher
http://www.wikidata.org/entity/Q3827731,Laura Balbo,1933,female,Padua,POINT (11.873333 45.407778),Southern Europe,Italy,Italy,1971-1995,12715,politician,university
http://www.wikidata.org/entity/Q4074492,Yauhen Babosaw,1931,male,Ryazan,POINT (39.7425 54.63),European Russia,Russian Federation,Russian Federation,1971-1995,12834,politician,institute
http://www.wikidata.org/entity/Q4086596,Nail Bikkenin,1931,male,Kazan,POINT (49.114444 55.790833),European Russia,Russian Federation,Russian Federation,1971-1995,12851,politician,organization
http://www.wikidata.org/entity/Q4142166,I. A. Golosenko,1938,male,Mineralnye Vody,POINT (43.1125 44.200833),European Russia,Russian Federation,Russian Federation,1971-1995,12879,university-teacher,education
http://www.wikidata.org/entity/Q4152308,Pavel Gurevich,1933,male,Ulan-Ude,POINT (107.606389 51.827222),Asiatic Russia,Russian Federation,Russian Federation,1971-1995,12893,philosopher,organization
http://www.wikidata.org/entity/Q56349604,Dulce Consuelo Andreatta Whitaker,1934,female,Curitiba,POINT (-49.271944 -25.429722),South America,Brazil,South America,1971-1995,14505,university-teacher,education
http://www.wikidata.org/entity/Q56249651,Lubomír Brokl,1937,male,Polička,POINT (16.265479 49.714679),Eastern Europe,Czechia,Czechia,1971-1995,14483,politician,institute
http://www.wikidata.org/entity/Q4011670,Victor Zaslavsky,1937,male,Saint Petersburg,POINT (30.316667 59.95),European Russia,Russian Federation,Russian Federation,1971-1995,12813,university-teacher,education
http://www.wikidata.org/entity/Q4003018,Ulderico Bernardi,1937,male,Oderzo,POINT (12.492778 45.780833),Southern Europe,Italy,Italy,1971-1995,12802,writer,university
http://www.wikidata.org/entity/Q58110675,Anthony D. King,1931,male,Darwen,POINT (-2.461 53.698),Northern Europe,United Kingdom,United Kingdom,1971-1995,14774,university-teacher,education
http://www.wikidata.org/entity/Q5810015,Paul Hollander,1932,male,Budapest,POINT (19.040833 47.498333),Eastern Europe,Hungary,Austria Hungary,1971-1995,14773,university-teacher,education
http://www.wikidata.org/entity/Q573711,Anthony Oberschall,1936,male,Budapest,POINT (19.040833 47.498333),Eastern Europe,Hungary,Austria Hungary,1971-1995,14664,university-teacher,education
http://www.wikidata.org/entity/Q57218,Rudi Dutschke,1940,male,Schönefeld,POINT (13.500381 52.391708),Western Europe,Germany,Germany,1971-1995,14647,writer,publisher
http://www.wikidata.org/entity/Q5677447,Harvey Molotch,1940,male,Baltimore,POINT (-76.615 39.286389),Northern America,United States,United States Can.,1971-1995,14586,other,education
http://www.wikidata.org/entity/Q387803,William A. Gamson,1934,male,Philadelphia,POINT (-75.163611 39.952778),Northern America,United States,United States Can.,1971-1995,12751,university-teacher,education
http://www.wikidata.org/entity/Q4162722,Anatoly Dmitriyev,1934,male,Penza,POINT (45 53.2),European Russia,Russian Federation,Russian Federation,1971-1995,12904,university-teacher,institute
http://www.wikidata.org/entity/Q3601731,Siegfried Keil,1934,male,Kiel,POINT (10.139445 54.323333),Western Europe,Germany,Germany,1971-1995,12588,university-teacher,institute
http://www.wikidata.org/entity/Q3347416,Peter Jambrek,1940,male,Ljubljana,POINT (14.506111 46.051389),Southern Europe,Slovenia,Central Europe,1971-1995,12330,university-teacher,publisher
http://www.wikidata.org/entity/Q3350892,Olivier Carré,1935,male,14th arrondissement of Paris,POINT (2.326889 48.833022),Western Europe,France,France,1971-1995,12335,university-teacher,publisher
http://www.wikidata.org/entity/Q336283,"Caroline Cox, Baroness Cox",1937,female,London,POINT (-0.1275 51.507222),Northern Europe,United Kingdom,United Kingdom,1971-1995,12347,politician,university
http://www.wikidata.org/entity/Q605655,Salvador Giner,1934,male,Barcelona,POINT (2.176944 41.3825),Southern Europe,Spain,Spain Port.,1971-1995,15274,university-teacher,education
http://www.wikidata.org/entity/Q3378455,Raphael Samuel,1934,male,London,POINT (-0.1275 51.507222),Northern Europe,United Kingdom,United Kingdom,1971-1995,12378,university-teacher,education
http://www.wikidata.org/entity/Q3384015,Pierre Birnbaum,1940,male,Lourdes,POINT (-0.046945 43.094167),Western Europe,France,France,1971-1995,12394,other,publisher
http://www.wikidata.org/entity/Q3386512,Pierre Parlebas,1934,male,15th arrondissement of Paris,POINT (2.300292 48.841328),Western Europe,France,France,1971-1995,12403,teacher,institution
http://www.wikidata.org/entity/Q61059945,Juan Díez Nicolás,1938,male,Madrid,POINT (-3.703333 40.416944),Southern Europe,Spain,Spain Port.,1971-1995,15365,university-teacher,publisher
http://www.wikidata.org/entity/Q3329638,Vicenç Navarro,1937,male,Gironella,POINT (1.883055 42.0375),Southern Europe,Spain,Spain Port.,1971-1995,12308,university-teacher,education
http://www.wikidata.org/entity/Q6148615,Jan Breman,1936,male,Amsterdam,POINT (4.883333 52.366667),Western Europe,Netherlands,Belgium Netherl.,1971-1995,15454,university-teacher,organization
http://www.wikidata.org/entity/Q6148588,Tomás Moulian,1939,male,Santiago,POINT (-70.65 -33.4375),South America,Chile,South America,1971-1995,15453,university-teacher,university
http://www.wikidata.org/entity/Q329104,Philippe Lejeune,1938,male,Paris,POINT (2.352222 48.856667),Western Europe,France,France,1971-1995,12206,university-teacher,university
http://www.wikidata.org/entity/Q3295838,Martine Segalen,1940,female,Pornichet,POINT (-2.34 47.265833),Western Europe,France,France,1971-1995,12226,university-teacher,university
http://www.wikidata.org/entity/Q6144743,James W. Carey,1934,male,Providence,POINT (-71.41283 41.82399),Northern America,United States,United States Can.,1971-1995,15444,university-teacher,education
http://www.wikidata.org/entity/Q331422,Rudolf Andorka,1931,male,Budapest,POINT (19.040833 47.498333),Eastern Europe,Hungary,Austria Hungary,1971-1995,12291,teacher,other
http://www.wikidata.org/entity/Q3319297,Moisés Espírito Santo,1934,male,Batalha,POINT (-8.816667 39.65),Southern Europe,Portugal,Spain Port.,1971-1995,12297,anthropologist,publisher
http://www.wikidata.org/entity/Q3327849,Munesuke Mita,1937,male,Tokyo,POINT (139.774444 35.683889),Eastern Asia,Japan,Japan,1971-1995,12305,psychologist,college
http://www.wikidata.org/entity/Q340469,Achim Schrader,1934,male,Hamburg,POINT (10 53.55),Western Europe,Germany,Germany,1971-1995,12416,university-teacher,agency
http://www.wikidata.org/entity/Q350659,Adam Przeworski,1940,male,Warsaw,POINT (21.011111 52.23),Eastern Europe,Poland,Poland,1971-1995,12518,university-teacher,education
http://www.wikidata.org/entity/Q355277,Henry Mintzberg Storch,1939,male,Montreal,POINT (-73.586841 45.503343),Northern America,Canada,United States Can.,1971-1995,12539,university-teacher,publisher
http://www.wikidata.org/entity/Q355527,Paul Ekman,1934,male,"Washington, D.C.",POINT (-77.036667 38.895),Northern America,United States,United States Can.,1971-1995,12543,university-teacher,education
http://www.wikidata.org/entity/Q360127,Jože Pučnik,1932,male,Črešnjevec,POINT (15.613556 46.373931),Southern Europe,Slovenia,Central Europe,1971-1995,12587,politician,university
http://www.wikidata.org/entity/Q3490420,Sonia Dayan-Herzbrun,1940,female,Rouen,POINT (1.1025 49.443056),Western Europe,France,France,1971-1995,12492,university-teacher,university
http://www.wikidata.org/entity/Q3424953,Renaud Sainsaulieu,1935,male,7th arrondissement of Paris,POINT (2.312778 48.859167),Western Europe,France,France,1971-1995,12427,university-teacher,publisher
http://www.wikidata.org/entity/Q59914472,Carmi Schooler,1933,male,The Bronx,POINT (-73.873333 40.846667),Northern America,United States,United States Can.,1971-1995,15176,psychologist,education
http://www.wikidata.org/entity/Q3450567,Jenny Gierveld,1938,female,Rijssen,POINT (6.516667 52.3),Western Europe,Netherlands,Belgium Netherl.,1971-1995,12455,university-teacher,university
http://www.wikidata.org/entity/Q59530196,Henrique Urbano,1938,male,Fermentelos,POINT (-8.516667 40.566667),Southern Europe,Portugal,Spain Port.,1971-1995,15041,university-teacher,publisher
http://www.wikidata.org/entity/Q3455506,Régine Robin,1939,female,Paris,POINT (2.352222 48.856667),Western Europe,France,France,1971-1995,12457,university-teacher,organization
http://www.wikidata.org/entity/Q3469434,Sal Restivo,1940,male,Brooklyn,POINT (-73.949722 40.650833),Northern America,United States,United States Can.,1971-1995,12464,university-teacher,education
http://www.wikidata.org/entity/Q3470277,Salustiano del Campo,1931,male,La Línea de la Concepción,POINT (-5.348611 36.161111),Southern Europe,Spain,Spain Port.,1971-1995,12465,university-teacher,education
http://www.wikidata.org/entity/Q347362,Fredric Jameson,1934,male,Cleveland,POINT (-81.694722 41.499167),Northern America,United States,United States Can.,1971-1995,12472,university-teacher,education
http://www.wikidata.org/entity/Q328887,Karl E. Weick,1936,male,Warsaw,POINT (-85.8469 41.2406),Northern America,United States,United States Can.,1971-1995,12198,university-teacher,education
http://www.wikidata.org/entity/Q4163425,Vladimir Dobrenkov,1939,male,Volgograd,POINT (44.514722 48.708611),European Russia,Russian Federation,Russian Federation,1971-1995,12906,university-teacher,university
http://www.wikidata.org/entity/Q4168261,Leokadiya Drobizheva,1933,female,Moscow,POINT (37.6175 55.750556),European Russia,Russian Federation,Russian Federation,1971-1995,12915,historian,education
http://www.wikidata.org/entity/Q5393098,Santos Juliá,1940,male,Ferrol,POINT (-8.232778 43.484444),Southern Europe,Spain,Spain Port.,1971-1995,14018,historian,publisher
http://www.wikidata.org/entity/Q53869232,Norbert Glatzel,1937,male,Głuchołazy,POINT (17.374167 50.313056),Eastern Europe,Poland,Poland,1971-1995,14011,university-teacher,publisher
http://www.wikidata.org/entity/Q5386404,Eric Dunning,1936,male,Hayes,POINT (-0.4211 51.5127),Northern Europe,United Kingdom,United Kingdom,1971-1995,14008,university-teacher,education
http://www.wikidata.org/entity/Q47036834,Cora Baldock,1935,female,Rotterdam,POINT (4.48 51.92),Western Europe,Netherlands,Belgium Netherl.,1971-1995,13370,university-teacher,education
http://www.wikidata.org/entity/Q538477,Iván Szelényi,1938,male,Budapest,POINT (19.040833 47.498333),Eastern Europe,Hungary,Austria Hungary,1971-1995,14004,university-teacher,education
http://www.wikidata.org/entity/Q533126,James Petras,1937,male,Lynn,POINT (-70.95 42.466667),Northern America,United States,United States Can.,1971-1995,13967,university-teacher,education
http://www.wikidata.org/entity/Q4713147,Alcira Argumedo,1940,female,Rosario,POINT (-60.639444 -32.9575),South America,Argentina,South America,1971-1995,13400,university-teacher,publisher
http://www.wikidata.org/entity/Q5311900,"Dudley L. Poston, Jr.",1940,male,San Francisco,POINT (-122.419445 37.775),Northern America,United States,United States Can.,1971-1995,13956,university-teacher,education
http://www.wikidata.org/entity/Q531128,Arlie Russell Hochschild,1940,female,Boston,POINT (-71.057778 42.360278),Northern America,United States,United States Can.,1971-1995,13955,university-teacher,education
http://www.wikidata.org/entity/Q4535823,Igor Yablokov,1936,male,Shuya,POINT (41.366667 56.85),European Russia,Russian Federation,Russian Federation,1971-1995,13264,university-teacher,university
http://www.wikidata.org/entity/Q454802,Ernesto Laclau,1935,male,Buenos Aires,POINT (-58.381944 -34.599722),South America,Argentina,South America,1971-1995,13276,university-teacher,education
http://www.wikidata.org/entity/Q456392,Perry Anderson,1938,male,London,POINT (-0.1275 51.507222),Northern Europe,United Kingdom,United Kingdom,1971-1995,13280,university-teacher,education
http://www.wikidata.org/entity/Q456667,Theotônio dos Santos,1936,male,Carangola,POINT (-42.028889 -20.732778),South America,Brazil,South America,1971-1995,13281,university-teacher,publisher
http://www.wikidata.org/entity/Q54498955,Juan Luís Pintos,1939,male,Santiago de Compostela,POINT (-8.533333 42.883333),Southern Europe,Spain,Spain Port.,1971-1995,14054,university-teacher,publisher
http://www.wikidata.org/entity/Q466862,Bram Peper,1940,male,Haarlem,POINT (4.640556 52.380278),Western Europe,Netherlands,Belgium Netherl.,1971-1995,13319,university-teacher,organization
http://www.wikidata.org/entity/Q5415028,Eva Cox,1938,female,Vienna,POINT (16.3725 48.208333),Western Europe,Austria,Austria Hungary,1971-1995,14036,university-teacher,organization
http://www.wikidata.org/entity/Q468690,Marju Lauristin,1940,female,Tallinn,POINT (24.745 59.437222),Eastern Europe,Estonia,Baltic States Fin. Belar.,1971-1995,13337,university-teacher,university
http://www.wikidata.org/entity/Q4797893,Arthur B. Shostak,1937,male,Brooklyn,POINT (-73.949722 40.650833),Northern America,United States,United States Can.,1971-1995,13522,other,education
http://www.wikidata.org/entity/Q5298567,Dorothy Nelkin,1933,female,Boston,POINT (-71.057778 42.360278),Northern America,United States,United States Can.,1971-1995,13947,university-teacher,education
http://www.wikidata.org/entity/Q50665569,Rudolf de Jong,1932,male,Heemstede,POINT (4.62 52.3528),Western Europe,Netherlands,Belgium Netherl.,1971-1995,13722,writer,institute
http://www.wikidata.org/entity/Q507014,Paul Virilio,1932,male,8th arrondissement of Paris,POINT (2.311111 48.874167),Western Europe,France,France,1971-1995,13725,university-teacher,education
http://www.wikidata.org/entity/Q519898,Mancur Olson,1932,male,Grand Forks,POINT (-97.0325 47.925278),Northern America,United States,United States Can.,1971-1995,13834,university-teacher,education
http://www.wikidata.org/entity/Q51953796,Josef Schmid,1937,male,Linz,POINT (14.286389 48.305833),Western Europe,Austria,Austria Hungary,1971-1995,13829,university-teacher,institute
http://www.wikidata.org/entity/Q509551,Monique Bégin,1936,female,Rome,POINT (12.482778 41.893056),Southern Europe,Italy,Italy,1971-1995,13758,university-teacher,organization
http://www.wikidata.org/entity/Q5112640,Christopher Jencks,1936,male,Baltimore,POINT (-76.615 39.286389),Northern America,United States,United States Can.,1971-1995,13774,university-teacher,education
http://www.wikidata.org/entity/Q51595283,Erhard Blankenburg,1938,male,Duisburg,POINT (6.761111 51.432222),Western Europe,Germany,Germany,1971-1995,13800,other,publisher
http://www.wikidata.org/entity/Q5024346,Calvin C. Hernton,1932,male,Chattanooga,POINT (-85.267222 35.045556),Northern America,United States,United States Can.,1971-1995,13663,writer,education
http://www.wikidata.org/entity/Q5295015,Donald R. Deskins,1932,male,Brooklyn,POINT (-73.949722 40.650833),Northern America,United States,United States Can.,1971-1995,13945,other,education
http://www.wikidata.org/entity/Q4895470,Gabriel Salazar,1936,male,Santiago,POINT (-70.65 -33.4375),South America,Chile,South America,1971-1995,13600,university-teacher,publisher
http://www.wikidata.org/entity/Q4953061,Božidar Debenjak,1935,male,Ljubljana,POINT (14.506111 46.051389),Southern Europe,Slovenia,Central Europe,1971-1995,13630,philosopher,publisher
http://www.wikidata.org/entity/Q4521346,Lyudmila Shakhotko,1940,female,Rzhev,POINT (34.327569 56.265583),European Russia,Russian Federation,Russian Federation,1971-1995,13242,university-teacher,organization
http://www.wikidata.org/entity/Q42392750,Władysław Pałubicki,1933,male,Sulęczyno,POINT (17.7733 54.23302),Eastern Europe,Poland,Poland,1971-1995,12998,anthropologist,publisher
http://www.wikidata.org/entity/Q4246580,Edouard Koulpine,1939,male,Baku,POINT (49.835183 40.366656),Western Asia,Azerbaijan,Russian Federation,1971-1995,13012,economist,education
http://www.wikidata.org/entity/Q4249854,Gennady Kutsev,1938,male,Ushumun,POINT (126.533333 52.783333),Asiatic Russia,Russian Federation,Russian Federation,1971-1995,13014,university-teacher,agency
http://www.wikidata.org/entity/Q4254197,Nikolay Lapin,1931,male,Moscow,POINT (37.6175 55.750556),European Russia,Russian Federation,Russian Federation,1971-1995,13020,philosopher,education
http://www.wikidata.org/entity/Q4260647,John Alan Lee,1933,male,North Glengarry,POINT (-74.669444 45.372778),Northern America,Canada,United States Can.,1971-1995,13024,writer,university
http://www.wikidata.org/entity/Q4285579,Ruy Mauro Marini,1932,male,Barbacena,POINT (-43.773889 -21.225833),South America,Brazil,South America,1971-1995,13040,economist,publisher
http://www.wikidata.org/entity/Q4289698,Robert Melson,1937,male,Warsaw,POINT (21.011111 52.23),Eastern Europe,Poland,Poland,1971-1995,13042,political-scientist,education
http://www.wikidata.org/entity/Q4304434,Charles Moskos,1934,male,Chicago,POINT (-87.627778 41.881944),Northern America,United States,United States Can.,1971-1995,13055,university-teacher,education
http://www.wikidata.org/entity/Q42302142,Ėduard Zbaroŭski,1938,male,Lichaŭnia,POINT (29.585 51.655833),Eastern Europe,Belarus,Baltic States Fin. Belar.,1971-1995,12979,university-teacher,organization
http://www.wikidata.org/entity/Q5611401,Paul Connerton,1940,male,Chesterfield,POINT (-1.4275 53.235833),Northern Europe,United Kingdom,United Kingdom,1971-1995,14466,anthropologist,education
http://www.wikidata.org/entity/Q4199711,Igor Ilyinsky,1936,male,Saint Petersburg,POINT (30.316667 59.95),European Russia,Russian Federation,Russian Federation,1971-1995,12951,university-teacher,university
http://www.wikidata.org/entity/Q4202056,Herbert P. Bix,1938,male,Boston,POINT (-71.057778 42.360278),Northern America,United States,United States Can.,1971-1995,12954,historian,education
http://www.wikidata.org/entity/Q4202946,Imanuil Ioffe,1939,male,Byerazino,POINT (28.983333 53.833333),Eastern Europe,Belarus,Baltic States Fin. Belar.,1971-1995,12957,university-teacher,university
http://www.wikidata.org/entity/Q4231449,David Konstantinovsky,1937,male,Chelyabinsk,POINT (61.4 55.15),Asiatic Russia,Russian Federation,Russian Federation,1971-1995,12985,writer,institute
http://www.wikidata.org/entity/Q4337567,Tony Campolo,1935,male,Philadelphia,POINT (-75.163611 39.952778),Northern America,United States,United States Can.,1971-1995,13084,university-teacher,education
http://www.wikidata.org/entity/Q43546275,Cynthia Cockburn,1934,female,Barrow upon Soar,POINT (-1.15 52.7517),Northern Europe,United Kingdom,United Kingdom,1971-1995,13103,university-teacher,education
http://www.wikidata.org/entity/Q445984,Dominique Schnapper,1934,female,Paris,POINT (2.352222 48.856667),Western Europe,France,France,1971-1995,13179,university-teacher,publisher
http://www.wikidata.org/entity/Q449733,Elliot Aronson,1932,male,Chelsea,POINT (-71.033333 42.391667),Northern America,United States,United States Can.,1971-1995,13219,university-teacher,education
http://www.wikidata.org/entity/Q450506,Nechama Tec,1931,female,Lublin,POINT (22.566667 51.25),Eastern Europe,Poland,Poland,1971-1995,13227,university-teacher,education
http://www.wikidata.org/entity/Q5541462,George L. Kelling,1935,male,Milwaukee,POINT (-87.95 43.05),Northern America,United States,United States Can.,1971-1995,14192,university-teacher,education
http://www.wikidata.org/entity/Q4382155,Yevgeny Prokhorov,1931,male,Moscow,POINT (37.6175 55.750556),European Russia,Russian Federation,Russian Federation,1971-1995,13119,journalist,school
http://www.wikidata.org/entity/Q55655768,Luiza Grigorʹevna Svitich,1937,female,Kotelnich,POINT (48.348056 58.308889),European Russia,Russian Federation,Russian Federation,1971-1995,14302,scientist,school
http://www.wikidata.org/entity/Q441679,Vadim Rogovin,1937,male,Moscow,POINT (37.6175 55.750556),European Russia,Russian Federation,Russian Federation,1971-1995,13144,university-teacher,institute
http://www.wikidata.org/entity/Q4522458,Viktor Sheinov,1940,male,Yaroslavl,POINT (39.893333 57.626389),European Russia,Russian Federation,Russian Federation,1971-1995,13245,university-teacher,university
http://www.wikidata.org/entity/Q2584316,Winfried Schulz,1938,male,Berlin,POINT (13.383333 52.516667),Western Europe,Germany,Germany,1971-1995,11079,university-teacher,organization
http://www.wikidata.org/entity/Q2591204,Wolfgang Schluchter,1938,male,Ludwigsburg,POINT (9.191945 48.8975),Western Europe,Germany,Germany,1971-1995,11092,university-teacher,publisher
http://www.wikidata.org/entity/Q2591819,Wolfgang Zapf,1937,male,Frankfurt,POINT (8.682222 50.110556),Western Europe,Germany,Germany,1971-1995,11095,university-teacher,publisher
http://www.wikidata.org/entity/Q26251866,Jan M. Broekman,1931,male,Leidschendam-Voorburg,POINT (4.39 52.09),Western Europe,Netherlands,Belgium Netherl.,1971-1995,11126,university-teacher,education
http://www.wikidata.org/entity/Q7509215,Sidney M. Willhelm,1934,male,Galveston,POINT (-94.797778 29.301389),Northern America,United States,United States Can.,1971-1995,16682,university-teacher,education
http://www.wikidata.org/entity/Q7599437,Stanley Aronowitz,1933,male,The Bronx,POINT (-73.873333 40.846667),Northern America,United States,United States Can.,1971-1995,16725,politician,education
http://www.wikidata.org/entity/Q2519220,Armand Mattelart,1936,male,Jodoigne,POINT (4.866667 50.716667),Western Europe,Belgium,Belgium Netherl.,1971-1995,10993,university-teacher,publisher
http://www.wikidata.org/entity/Q2530910,Denis McQuail,1935,male,London,POINT (-0.1275 51.507222),Northern Europe,United Kingdom,United Kingdom,1971-1995,11002,university-teacher,institute
http://www.wikidata.org/entity/Q769502,Róbert Angelusz,1939,male,Budapest,POINT (19.040833 47.498333),Eastern Europe,Hungary,Austria Hungary,1971-1995,16790,university-teacher,publisher
http://www.wikidata.org/entity/Q2544804,Walter Hollstein,1939,male,Osnabrück,POINT (8.043056 52.278889),Western Europe,Germany,Germany,1971-1995,11022,university-teacher,organization
http://www.wikidata.org/entity/Q2545268,Walter L. Bühl,1934,male,Pocking,POINT (13.316667 48.399722),Western Europe,Germany,Germany,1971-1995,11023,university-teacher,university
http://www.wikidata.org/entity/Q2546305,Walter Siebel,1938,male,Bonn,POINT (7.102222 50.735278),Western Europe,Germany,Germany,1971-1995,11032,university-teacher,university
http://www.wikidata.org/entity/Q763218,Theodore Roszak,1933,male,Chicago,POINT (-87.627778 41.881944),Northern America,United States,United States Can.,1971-1995,16753,university-teacher,education
http://www.wikidata.org/entity/Q76152344,Pierre W. Bélanger,1934,male,Lotbinière,POINT (-71.933333 46.616667),Northern America,Canada,United States Can.,1971-1995,16743,university-teacher,publisher
http://www.wikidata.org/entity/Q2558727,Néstor García Canclini,1939,male,La Plata,POINT (-57.95 -34.933333),South America,Argentina,South America,1971-1995,11050,anthropologist,publisher
http://www.wikidata.org/entity/Q73200,Elmar Altvater,1938,male,Kamen,POINT (7.665278 51.591667),Western Europe,Germany,Germany,1971-1995,16536,university-teacher,publisher
http://www.wikidata.org/entity/Q2740910,Amando de Miguel,1937,male,Pereruela,POINT (-5.877374 41.415918),Southern Europe,Spain,Spain Port.,1971-1995,11241,university-teacher,education
http://www.wikidata.org/entity/Q2740925,Juan Carlos Portantiero,1933,male,Buenos Aires,POINT (-58.381944 -34.599722),South America,Argentina,South America,1971-1995,11242,writer,publisher
http://www.wikidata.org/entity/Q2742180,Robin Blackburn,1940,male,England,POINT (-1 53),Northern Europe,United Kingdom,United Kingdom,1971-1995,11245,university-teacher,education
http://www.wikidata.org/entity/Q2743680,Michael Fullan,1940,male,Toronto,POINT (-79.386667 43.670278),Northern America,Canada,United States Can.,1971-1995,11246,other,university
http://www.wikidata.org/entity/Q274697,Frances Fox Piven,1932,female,Calgary,POINT (-114.066667 51.05),Northern America,Canada,United States Can.,1971-1995,11253,university-teacher,agency
http://www.wikidata.org/entity/Q2776440,Jean-Louis Flandrin,1931,male,Grenoble,POINT (5.726389 45.186944),Western Europe,France,France,1971-1995,11277,historian,education
http://www.wikidata.org/entity/Q7175070,Peter K. Manning,1940,male,Salem,POINT (-123.028889 44.930833),Northern America,United States,United States Can.,1971-1995,16444,other,education
http://www.wikidata.org/entity/Q72055,Albrecht Wellmer,1933,male,Bergkirchen,POINT (11.366667 48.25),Western Europe,Germany,Germany,1971-1995,16471,university-teacher,publisher
http://www.wikidata.org/entity/Q2643009,Alexander Schuller,1934,male,Beppu,POINT (131.491278 33.284611),Eastern Asia,Japan,Japan,1971-1995,11145,university-teacher,publisher
http://www.wikidata.org/entity/Q2644225,Alf Mintzel,1935,male,Augsburg,POINT (10.897778 48.368889),Western Europe,Germany,Germany,1971-1995,11150,university-teacher,other
http://www.wikidata.org/entity/Q72981004,Zahidé Machado Neto,1931,female,Salvador,POINT (-38.492778 -12.983056),South America,Brazil,South America,1971-1995,16520,university-teacher,publisher
http://www.wikidata.org/entity/Q7297924,Ray Pahl,1935,male,London,POINT (-0.1275 51.507222),Northern Europe,United Kingdom,United Kingdom,1971-1995,16518,university-teacher,education
http://www.wikidata.org/entity/Q2657777,Israel Charny,1931,male,Philadelphia,POINT (-75.163611 39.952778),Northern America,United States,United States Can.,1971-1995,11162,university-teacher,publisher
http://www.wikidata.org/entity/Q77772503,Stanford Lyman,1933,male,San Francisco,POINT (-122.419445 37.775),Northern America,United States,United States Can.,1971-1995,16819,university-teacher,education
http://www.wikidata.org/entity/Q27016810,Maria Jarosz,1931,female,Łódź,POINT (19.466667 51.75),Eastern Europe,Poland,Poland,1971-1995,11195,university-teacher,institute
http://www.wikidata.org/entity/Q722341,Robert Castel,1933,male,Saint-Pierre-Quilbignon,POINT (-4.535556 48.379474),Western Europe,France,France,1971-1995,16481,anthropologist,institute
http://www.wikidata.org/entity/Q27948866,George Lakey,1937,male,Bangor,POINT (-75.210833 40.866667),Northern America,United States,United States Can.,1971-1995,11317,university-teacher,education
http://www.wikidata.org/entity/Q2293023,Luc Huyse,1937,male,Heule,POINT (3.2353 50.8428),Western Europe,Belgium,Belgium Netherl.,1971-1995,10646,university-teacher,education
http://www.wikidata.org/entity/Q229520,Raisa Gorbacheva,1932,female,Rubtsovsk,POINT (81.2 51.516667),Asiatic Russia,Russian Federation,Russian Federation,1971-1995,10652,university-teacher,organization
http://www.wikidata.org/entity/Q84702,Helga Nowotny,1937,female,Vienna,POINT (16.3725 48.208333),Western Europe,Austria,Austria Hungary,1971-1995,17070,philosopher,publisher
http://www.wikidata.org/entity/Q230578,Fernando Henrique Cardoso,1931,male,Rio de Janeiro,POINT (-43.205555 -22.911111),South America,Brazil,South America,1971-1995,10677,writer,education
http://www.wikidata.org/entity/Q825925,Bernhard Schäfers,1939,male,Münster,POINT (7.625556 51.9625),Western Europe,Germany,Germany,1971-1995,17005,university-teacher,organization
http://www.wikidata.org/entity/Q23682004,Dora Barrancos,1940,female,Jacinto Arauz,POINT (-63.433333 -38.066667),South America,Argentina,South America,1971-1995,10743,writer,publisher
http://www.wikidata.org/entity/Q2278220,Rodolfo Stavenhagen,1932,male,Frankfurt,POINT (8.682222 50.110556),Western Europe,Germany,Germany,1971-1995,10632,university-teacher,publisher
http://www.wikidata.org/entity/Q88189654,John E. Knodel,1940,male,Mount Vernon,POINT (-73.830556 40.914167),Northern America,United States,United States Can.,1971-1995,17250,other,education
http://www.wikidata.org/entity/Q22097377,Horst Helle,1934,male,Hamburg,POINT (10 53.55),Western Europe,Germany,Germany,1971-1995,10563,university-teacher,university
http://www.wikidata.org/entity/Q2269923,Maria Oestreicher,1936,female,Karlovy Vary,POINT (12.8725 50.230555),Eastern Europe,Czechia,Czechia,1971-1995,10628,psychologist,institute
http://www.wikidata.org/entity/Q2371291,Sven Papcke,1939,male,Hamburg,POINT (10 53.55),Western Europe,Germany,Germany,1971-1995,10754,university-teacher,agency
http://www.wikidata.org/entity/Q81863909,Esko Kalimo,1937,male,Helsinki,POINT (24.9375 60.170833),Northern Europe,Finland,Baltic States Fin. Belar.,1971-1995,16980,researcher,publisher
http://www.wikidata.org/entity/Q2440014,Tom R. Burns,1937,male,Arkansas,POINT (-92.2 34.8),Northern America,United States,United States Can.,1971-1995,10901,researcher,publisher
http://www.wikidata.org/entity/Q2474916,Ulfert Herlyn,1936,male,Göttingen,POINT (9.935555 51.533889),Western Europe,Germany,Germany,1971-1995,10946,university-teacher,university
http://www.wikidata.org/entity/Q24817280,Jürgen M. Pelikan,1940,male,Wrocław,POINT (17.0325 51.11),Eastern Europe,Poland,Poland,1971-1995,10952,university-teacher,university
http://www.wikidata.org/entity/Q2502980,Ute Gerhard,1939,female,Cologne,POINT (6.957778 50.942222),Western Europe,Germany,Germany,1971-1995,10982,university-teacher,agency
http://www.wikidata.org/entity/Q24291868,Àngels Pascual de Sans,1938,female,Barcelona,POINT (2.176944 41.3825),Southern Europe,Spain,Spain Port.,1971-1995,10892,university-teacher,publisher
http://www.wikidata.org/entity/Q797638,Baber Johansen,1936,male,Berlin,POINT (13.383333 52.516667),Western Europe,Germany,Germany,1971-1995,16913,university-teacher,education
http://www.wikidata.org/entity/Q2384045,Pierre Bouvier,1938,male,Neuilly-sur-Seine,POINT (2.2675 48.887222),Western Europe,France,France,1971-1995,10781,university-teacher,university
http://www.wikidata.org/entity/Q7792775,Thomas Nossiter,1937,male,Stockton-on-Tees,POINT (-1.32 54.57),Northern Europe,United Kingdom,United Kingdom,1971-1995,16824,political-scientist,education
http://www.wikidata.org/entity/Q24045851,Alzira Alves de Abreu,1936,female,Rio de Janeiro,POINT (-43.205555 -22.911111),South America,Brazil,South America,1971-1995,10840,university-teacher,publisher
http://www.wikidata.org/entity/Q2406653,Hedy d'Ancona,1937,female,The Hague,POINT (4.31 52.08),Western Europe,Netherlands,Belgium Netherl.,1971-1995,10846,politician,institute
http://www.wikidata.org/entity/Q64711627,Simonetta Piccone Stella,1935,female,Rome,POINT (12.482778 41.893056),Southern Europe,Italy,Italy,1971-1995,15873,university-teacher,organization
http://www.wikidata.org/entity/Q310341,Antonio Negri,1933,male,Padua,POINT (11.873333 45.407778),Southern Europe,Italy,Italy,1971-1995,11939,writer,education
http://www.wikidata.org/entity/Q6390737,Kenneth T. Jackson,1939,male,Memphis,POINT (-90.051945 35.146111),Northern America,United States,United States Can.,1971-1995,15788,university-teacher,education
http://www.wikidata.org/entity/Q6388053,Ken MacKinnon,1933,male,London Docklands,POINT (-0.018055 51.505),Northern Europe,United Kingdom,United Kingdom,1971-1995,15785,historian,education
http://www.wikidata.org/entity/Q63847527,Bronisław Gołębiowski,1933,male,Mechowiec,POINT (21.8 50.2833),Eastern Europe,Poland,Poland,1971-1995,15777,journalist,institution
http://www.wikidata.org/entity/Q311757,Charles Taylor,1931,male,Montreal,POINT (-73.586841 45.503343),Northern America,Canada,United States Can.,1971-1995,11965,university-teacher,education
http://www.wikidata.org/entity/Q3126416,Hamid Aït Amara,1935,male,Morhange,POINT (6.635833 48.923611),Western Europe,France,France,1971-1995,11986,economist,education
http://www.wikidata.org/entity/Q647924,Peter Glotz,1939,male,Cheb,POINT (12.373996 50.079759),Eastern Europe,Czechia,Czechia,1971-1995,15881,university-teacher,university
http://www.wikidata.org/entity/Q63449719,Carlo Mongardini,1938,male,Rome,POINT (12.482778 41.893056),Southern Europe,Italy,Italy,1971-1995,15740,university-teacher,organization
http://www.wikidata.org/entity/Q66286,Rita Süssmuth,1937,female,Wuppertal,POINT (7.183333 51.266667),Western Europe,Germany,Germany,1971-1995,16054,university-teacher,institute
http://www.wikidata.org/entity/Q65118266,Manfred Clemenz,1938,male,Stuttgart,POINT (9.18 48.7775),Western Europe,Germany,Germany,1971-1995,15923,other,agency
http://www.wikidata.org/entity/Q63412612,Karl-Fritz Daiber,1931,male,Ebingen,POINT (9.033333 48.216667),Western Europe,Germany,Germany,1971-1995,15735,university-teacher,university
http://www.wikidata.org/entity/Q632875,Daniel Defert,1937,male,Avallon,POINT (3.908333 47.49),Western Europe,France,France,1971-1995,15729,university-teacher,university
http://www.wikidata.org/entity/Q313852,Tzvetan Todorov,1939,male,Sofia,POINT (23.321726 42.697886),Eastern Europe,Bulgaria,Central Europe,1971-1995,12007,historian,education
http://www.wikidata.org/entity/Q3178823,James Haynes,1933,male,Haynesville,POINT (-93.14016 32.96208),Northern America,United States,United States Can.,1971-1995,12111,university-teacher,university
http://www.wikidata.org/entity/Q6213697,Joel M. Charon,1939,male,Minneapolis,POINT (-93.269167 44.981945),Northern America,United States,United States Can.,1971-1995,15573,university-teacher,education
http://www.wikidata.org/entity/Q3189814,Julio Godio,1939,male,La Plata,POINT (-57.95 -34.933333),South America,Argentina,South America,1971-1995,12137,historian,publisher
http://www.wikidata.org/entity/Q3194763,Keith Pavitt,1937,male,London,POINT (-0.1275 51.507222),Northern Europe,United Kingdom,United Kingdom,1971-1995,12139,economist,education
http://www.wikidata.org/entity/Q6185563,Jerzy Wiatr,1931,male,Warsaw,POINT (21.011111 52.23),Eastern Europe,Poland,Poland,1971-1995,15521,politician,university
http://www.wikidata.org/entity/Q3262945,Louis Porcher,1940,male,Parthenay,POINT (-0.246944 46.648611),Western Europe,France,France,1971-1995,12169,university-teacher,education
http://www.wikidata.org/entity/Q3266022,Lucy Suchman,1940,female,Ithaca,POINT (-76.5 42.443333),Northern America,United States,United States Can.,1971-1995,12178,university-teacher,education
http://www.wikidata.org/entity/Q326996,G. William Domhoff,1936,male,Youngstown,POINT (-80.649167 41.096389),Northern America,United States,United States Can.,1971-1995,12183,university-teacher,facility
http://www.wikidata.org/entity/Q3176262,Janette Habel,1938,female,10ᵗʰ arrondissement of Paris,POINT (2.357853 48.875508),Western Europe,France,France,1971-1995,12107,politician,institute
http://www.wikidata.org/entity/Q62239,Oskar Negt,1934,male,Wischnjowoje,POINT (20.906639 54.633314),European Russia,Russian Federation,Russian Federation,1971-1995,15588,university-teacher,university
http://www.wikidata.org/entity/Q6245134,John Lofland,1936,male,Milford,POINT (-75.429167 38.9125),Northern America,United States,United States Can.,1971-1995,15612,university-teacher,education
http://www.wikidata.org/entity/Q63003076,Henk Becker,1933,male,Greifswald,POINT (13.383333 54.083333),Western Europe,Germany,Germany,1971-1995,15666,university-teacher,university
http://www.wikidata.org/entity/Q62852,Ted Nelson,1937,male,Chicago,POINT (-87.627778 41.881944),Northern America,United States,United States Can.,1971-1995,15657,philosopher,education
http://www.wikidata.org/entity/Q3158782,Jacques Dubois,1933,male,Ans,POINT (5.52 50.6625),Western Europe,Belgium,Belgium Netherl.,1971-1995,12034,university-teacher,publisher
http://www.wikidata.org/entity/Q3159019,Jacques Grand'Maison,1931,male,Saint-Jérôme,POINT (-74 45.783333),Northern America,Canada,United States Can.,1971-1995,12036,writer,organization
http://www.wikidata.org/entity/Q62725,Claus Offe,1940,male,Berlin,POINT (13.383333 52.516667),Western Europe,Germany,Germany,1971-1995,15648,university-teacher,publisher
http://www.wikidata.org/entity/Q3051968,Emanuel Schegloff,1937,male,Brooklyn,POINT (-73.949722 40.650833),Northern America,United States,United States Can.,1971-1995,11829,university-teacher,education
http://www.wikidata.org/entity/Q62559657,François Chazel,1937,male,Paris,POINT (2.352222 48.856667),Western Europe,France,France,1971-1995,15625,university-teacher,other
http://www.wikidata.org/entity/Q3165083,Jean-Claude Lugan,1939,male,Figeac,POINT (2.031667 44.608611),Western Europe,France,France,1971-1995,12051,other,university
http://www.wikidata.org/entity/Q3166868,Jean-Louis Loubet del Bayle,1940,male,Toulouse,POINT (1.443333 43.604444),Western Europe,France,France,1971-1995,12063,university-teacher,other
http://www.wikidata.org/entity/Q3169321,Jean-Pierre Garnier,1940,male,Le Mans,POINT (0.196944 48.004167),Western Europe,France,France,1971-1995,12081,university-teacher,school
http://www.wikidata.org/entity/Q3169660,Jean-Pierre Poitou,1936,male,10ᵗʰ arrondissement of Paris,POINT (2.357853 48.875508),Western Europe,France,France,1971-1995,12084,anthropologist,publisher
http://www.wikidata.org/entity/Q66425275,Renata Siemieńska-Żochowska,1939,female,Kraków,POINT (19.937222 50.061389),Eastern Europe,Poland,Poland,1971-1995,16067,university-teacher,publisher
http://www.wikidata.org/entity/Q7052891,Norman Uphoff,1940,male,Madison,POINT (-89.384167 43.074722),Northern America,United States,United States Can.,1971-1995,16345,university-teacher,education
http://www.wikidata.org/entity/Q70521,Hans Lenk,1935,male,Berlin,POINT (13.383333 52.516667),Western Europe,Germany,Germany,1971-1995,16342,university-teacher,organization
http://www.wikidata.org/entity/Q6969110,Nathan Hare,1933,male,Creek County,POINT (-96.37 35.9),Northern America,United States,United States Can.,1971-1995,16313,anthropologist,education
http://www.wikidata.org/entity/Q694354,Arno Klönne,1931,male,Bochum,POINT (7.216667 51.483333),Western Europe,Germany,Germany,1971-1995,16298,university-teacher,university
http://www.wikidata.org/entity/Q287567,Bertell Ollman,1935,male,Milwaukee,POINT (-87.95 43.05),Northern America,United States,United States Can.,1971-1995,11512,university-teacher,education
http://www.wikidata.org/entity/Q693948,Arnim Regenbogen,1939,male,Berlin,POINT (13.383333 52.516667),Western Europe,Germany,Germany,1971-1995,16294,university-teacher,university
http://www.wikidata.org/entity/Q705399,Christopher Lasch,1932,male,Omaha,POINT (-95.9375 41.258611),Northern America,United States,United States Can.,1971-1995,16346,university-teacher,education
http://www.wikidata.org/entity/Q707169,Ronald Inglehart,1934,male,Milwaukee,POINT (-87.95 43.05),Northern America,United States,United States Can.,1971-1995,16362,university-teacher,education
http://www.wikidata.org/entity/Q2848522,André Reszler,1933,male,Budapest,POINT (19.040833 47.498333),Eastern Europe,Hungary,Austria Hungary,1971-1995,11451,political-scientist,publisher
http://www.wikidata.org/entity/Q2829742,Alain Desrosières,1940,male,4th arrondissement of Lyon,POINT (4.827925 45.777969),Western Europe,France,France,1971-1995,11400,other,institute
http://www.wikidata.org/entity/Q28355532,Vladimir Ivanov,1939,male,Chistopolsky District,POINT (50.633333 55.366667),European Russia,Russian Federation,Russian Federation,1971-1995,11424,university-teacher,school
http://www.wikidata.org/entity/Q713699,John Goldthorpe,1935,male,South Yorkshire,POINT (-1.333333 53.5),Northern Europe,United Kingdom,United Kingdom,1971-1995,16397,university-teacher,education
http://www.wikidata.org/entity/Q2845010,Ana Vásquez-Bronfman,1931,female,Providencia,POINT (-70.616667 -33.433333),South America,Chile,South America,1971-1995,11439,writer,publisher
http://www.wikidata.org/entity/Q220008,"Anthony Giddens, Baron Giddens",1938,male,London,POINT (-0.1275 51.507222),Northern Europe,United Kingdom,United Kingdom,1971-1995,10542,university-teacher,education
http://www.wikidata.org/entity/Q28921553,Mary Susan McIntosh,1936,female,Hampstead,POINT (-0.1744 51.5541),Northern Europe,United Kingdom,United Kingdom,1971-1995,11551,university-teacher,education
http://www.wikidata.org/entity/Q67207065,Albert Razin,1940,male,Kuzyumovo,POINT (52.7325 56.187778),European Russia,Russian Federation,Russian Federation,1971-1995,16145,university-teacher,university
http://www.wikidata.org/entity/Q2965725,Christian de Montlibert,1937,male,Orléans,POINT (1.904167 47.902222),Western Europe,France,France,1971-1995,11683,university-teacher,university
http://www.wikidata.org/entity/Q29834137,Donald Treiman,1940,male,St. Louis,POINT (-90.199444 38.626389),Northern America,United States,United States Can.,1971-1995,11700,university-teacher,education
http://www.wikidata.org/entity/Q67480322,Rebecca S. Stafford,1936,female,Topeka,POINT (-95.67804 39.04833),Northern America,United States,United States Can.,1971-1995,16158,university-teacher,education
http://www.wikidata.org/entity/Q6813968,Melvin Ember,1933,male,Brooklyn,POINT (-73.949722 40.650833),Northern America,United States,United States Can.,1971-1995,16232,anthropologist,agency
http://www.wikidata.org/entity/Q2907553,Boaventura de Sousa Santos,1940,male,Coimbra,POINT (-8.428889 40.211111),Southern Europe,Portugal,Spain Port.,1971-1995,11602,writer,education
http://www.wikidata.org/entity/Q679718,Michael Löwy,1938,male,São Paulo,POINT (-46.633947 -23.550394),South America,Brazil,South America,1971-1995,16227,university-teacher,publisher
http://www.wikidata.org/entity/Q6825450,Metta Spencer,1931,female,Oklahoma,POINT (-98 35.5),Northern America,United States,United States Can.,1971-1995,16240,researcher,university
http://www.wikidata.org/entity/Q2920504,Ivan Antanovich,1937,male,Damašy,POINT (26.385278 53.116944),Eastern Europe,Belarus,Baltic States Fin. Belar.,1971-1995,11617,politician,agency
http://www.wikidata.org/entity/Q2927041,Bruno Étienne,1937,male,La Tronche,POINT (5.740278 45.206389),Western Europe,France,France,1971-1995,11623,political-scientist,publisher
http://www.wikidata.org/entity/Q1000087,Horst Baier,1933,male,Brno,POINT (16.608333 49.195278),Eastern Europe,Czechia,Czechia,1971-1995,1,university-teacher,agency
http://www.wikidata.org/entity/Q1604324,Helmut Wiesenthal,1938,male,Meuselwitz,POINT (12.3 51.05),Western Europe,Germany,Germany,1971-1995,8821,university-teacher,publisher
http://www.wikidata.org/entity/Q109557910,Maurice Zeitlin,1935,male,Detroit,POINT (-83.0475 42.331667),Northern America,United States,United States Can.,1971-1995,1024,university-teacher,education
http://www.wikidata.org/entity/Q1605382,Henner Hess,1940,male,Olomouc,POINT (17.250833 49.593889),Eastern Europe,Czechia,Czechia,1971-1995,8827,university-teacher,agency
http://www.wikidata.org/entity/Q130280904,Giuseppe Padovani,1940,male,Livorno,POINT (10.316667 43.55),Southern Europe,Italy,Italy,1971-1995,7365,university-teacher,publisher
http://www.wikidata.org/entity/Q1513733,Gerlinda Smaus,1940,female,Chranišov,POINT (12.7417 50.2225),Eastern Europe,Czechia,Czechia,1971-1995,8474,university-teacher,publisher
http://www.wikidata.org/entity/Q109258,Gerhard Amendt,1939,male,Frankfurt,POINT (8.682222 50.110556),Western Europe,Germany,Germany,1971-1995,955,university-teacher,university
http://www.wikidata.org/entity/Q1512472,Gerhard Schmied,1940,male,Červená Voda,POINT (16.742744 50.040313),Eastern Europe,Czechia,Czechia,1971-1995,8467,university-teacher,publisher
http://www.wikidata.org/entity/Q1510643,Gerd Laga,1938,male,Hamburg,POINT (10 53.55),Western Europe,Germany,Germany,1971-1995,8459,university-teacher,university
http://www.wikidata.org/entity/Q109041460,Pierre Rolle,1931,male,Drancy,POINT (2.445 48.923333),Western Europe,France,France,1971-1995,936,writer,publisher
http://www.wikidata.org/entity/Q1608774,Yusif Rüstəmov,1932,male,Gazakh,POINT (45.366111 41.093333),Western Asia,Azerbaijan,Russian Federation,1971-1995,8853,university-teacher,institute
http://www.wikidata.org/entity/Q109032,Volkmar Sigusch,1940,male,Bad Freienwalde,POINT (14.0325 52.785556),Western Europe,Germany,Germany,1971-1995,935,university-teacher,agency
http://www.wikidata.org/entity/Q1609520,Jos van Kemenade,1937,male,Amsterdam,POINT (4.883333 52.366667),Western Europe,Netherlands,Belgium Netherl.,1971-1995,8860,university-teacher,institute
http://www.wikidata.org/entity/Q1606278,Henrik Kreutz,1938,male,Budapest,POINT (19.040833 47.498333),Eastern Europe,Hungary,Austria Hungary,1971-1995,8832,university-teacher,organization
http://www.wikidata.org/entity/Q1603519,Helmut F. Spinner,1937,male,Offenburg,POINT (7.940833 48.470833),Western Europe,Germany,Germany,1971-1995,8816,university-teacher,organization
http://www.wikidata.org/entity/Q115861385,Timothy C. May,1940,male,Birmingham,POINT (-1.9025 52.48),Northern Europe,United Kingdom,United Kingdom,1971-1995,5573,political-scientist,education
http://www.wikidata.org/entity/Q120484422,Maria Nowicka-Marusczyk,1940,female,Panevėžys,POINT (24.363889 55.725),Eastern Europe,Lithuania,Baltic States Fin. Belar.,1971-1995,6252,other,education
http://www.wikidata.org/entity/Q1312340,Hans Haferkamp,1939,male,Mülheim an der Ruhr,POINT (6.8825 51.4275),Western Europe,Germany,Germany,1971-1995,7472,university-teacher,university
http://www.wikidata.org/entity/Q15992435,Dany Bébel-Gisler,1935,female,Pointe-à-Pitre,POINT (-61.533055 16.241111),Caribbean,France,France,1971-1995,8770,writer,publisher
http://www.wikidata.org/entity/Q131147121,Lewis Walker,1936,male,Selma,POINT (-87.024722 32.416389),Northern America,United States,United States Can.,1971-1995,7466,university-teacher,education
http://www.wikidata.org/entity/Q1600843,Heinz Rudolf Sonntag,1940,male,Neheim,POINT (7.969428 51.452261),Western Europe,Germany,Germany,1971-1995,8792,university-teacher,publisher
http://www.wikidata.org/entity/Q1600867,Heinz Sahner,1938,male,Loučná,POINT (13.6575 50.615),Eastern Europe,Czechia,Czechia,1971-1995,8793,university-teacher,university
http://www.wikidata.org/entity/Q1602392,Helge Peters,1937,male,Lübeck,POINT (10.686389 53.869722),Western Europe,Germany,Germany,1971-1995,8810,university-teacher,university
http://www.wikidata.org/entity/Q112673051,Urbain Claeys,1938,male,Sijsele,POINT (3.3236 51.2022),Western Europe,Belgium,Belgium Netherl.,1971-1995,4230,university-teacher,education
http://www.wikidata.org/entity/Q14948743,Jay Lorsch,1932,male,St. Joseph,POINT (-94.846639 39.768611),Northern America,United States,United States Can.,1971-1995,8413,university-teacher,education
http://www.wikidata.org/entity/Q1232382,Rudolf Fisch,1939,male,Hagen,POINT (7.475 51.359444),Western Europe,Germany,Germany,1971-1995,6532,university-teacher,publisher
http://www.wikidata.org/entity/Q108257724,Henk van Stiphout,1934,male,Boé-eul-Duc,POINT (5.316667 51.7),Western Europe,Netherlands,Belgium Netherl.,1971-1995,805,other,enterprise
http://www.wikidata.org/entity/Q1492994,Rainer C. Baum,1934,male,Germany,POINT (10 51),Western Europe,Germany,Germany,1971-1995,8405,university-teacher,education
http://www.wikidata.org/entity/Q16216287,Karl Hermann Tjaden,1935,male,Norden,POINT (7.205556 53.596667),Western Europe,Germany,Germany,1971-1995,8911,university-teacher,university
http://www.wikidata.org/entity/Q16216372,Klaus Ernst,1936,male,Rositz,POINT (12.366667 51.016667),Western Europe,Germany,Germany,1971-1995,8912,university-teacher,publisher
http://www.wikidata.org/entity/Q16218237,Margarete Tjaden-Steinhauer,1936,female,Eisenach,POINT (10.324444 50.974722),Western Europe,Germany,Germany,1971-1995,8914,university-teacher,university
http://www.wikidata.org/entity/Q11522129,Yoshio Sugimoto,1939,male,Nishinomiya,POINT (135.34175 34.737639),Eastern Asia,Japan,Japan,1971-1995,5417,university-teacher,publisher
http://www.wikidata.org/entity/Q113131109,Giuseppe Scarvaglieri,1938,male,Adrano,POINT (14.835555 37.6625),Southern Europe,Italy,Italy,1971-1995,4275,university-teacher,university
http://www.wikidata.org/entity/Q1078177,Christa Rohde-Dachser,1937,female,Kempten,POINT (10.316667 47.733333),Western Europe,Germany,Germany,1971-1995,769,university-teacher,agency
http://www.wikidata.org/entity/Q1485542,Glen Elder,1934,male,Cleveland,POINT (-81.694722 41.499167),Northern America,United States,United States Can.,1971-1995,8402,university-teacher,education
http://www.wikidata.org/entity/Q1625785,William Richard Scott,1932,male,Parsons,POINT (-95.2697 37.3392),Northern America,United States,United States Can.,1971-1995,8919,university-teacher,education
http://www.wikidata.org/entity/Q1081464,Christian Probst,1935,male,Munich,POINT (11.575 48.1375),Western Europe,Germany,Germany,1971-1995,795,university-teacher,institute
http://www.wikidata.org/entity/Q1081918,Christian Sigrist,1935,male,St. Blasien,POINT (8.128333 47.761945),Western Europe,Germany,Germany,1971-1995,799,university-teacher,agency
http://www.wikidata.org/entity/Q1286248,Karel Mácha,1931,male,Dírná,POINT (14.844788 49.242932),Eastern Europe,Czechia,Czechia,1971-1995,7291,university-teacher,publisher
http://www.wikidata.org/entity/Q1500036,Gerburg Treusch-Dieter,1939,female,Stuttgart,POINT (9.18 48.7775),Western Europe,Germany,Germany,1971-1995,8420,university-teacher,publisher
http://www.wikidata.org/entity/Q15066992,Lev Zelenov,1933,male,Sarlej,POINT (44.01778 55.78028),European Russia,Russian Federation,Russian Federation,1971-1995,8440,university-teacher,university
http://www.wikidata.org/entity/Q15066356,Albert Nikolaevitsj Elsoekov,1936,male,Arkhangelsk,POINT (40.5375 64.543055),European Russia,Russian Federation,Russian Federation,1971-1995,8439,scientist,university
http://www.wikidata.org/entity/Q1298461,Egon Becker,1936,male,Zweibrücken,POINT (7.360833 49.249444),Western Europe,Germany,Germany,1971-1995,7341,university-teacher,agency
http://www.wikidata.org/entity/Q108813115,Andries Sarlemijn,1936,male,Amsterdam,POINT (4.883333 52.366667),Western Europe,Netherlands,Belgium Netherl.,1971-1995,901,university-teacher,organization
http://www.wikidata.org/entity/Q12263097,Mario Gabiria Labarta,1938,male,Cortes,POINT (-1.421944 41.922778),Southern Europe,Spain,Spain Port.,1971-1995,6436,university-teacher,organization
http://www.wikidata.org/entity/Q1611838,Hermann Korte,1937,male,Münster,POINT (7.625556 51.9625),Western Europe,Germany,Germany,1971-1995,8877,university-teacher,agency
http://www.wikidata.org/entity/Q129133,Sergey Kara-Murza,1939,male,Moscow,POINT (37.6175 55.750556),European Russia,Russian Federation,Russian Federation,1971-1995,7319,political-scientist,institute
http://www.wikidata.org/entity/Q12290345,Petur-Emil Mitev,1936,male,Sofia,POINT (23.321726 42.697886),Eastern Europe,Bulgaria,Central Europe,1971-1995,6474,university-teacher,publisher
http://www.wikidata.org/entity/Q1504483,Gábor Kiss,1931,male,Budapest,POINT (19.040833 47.498333),Eastern Europe,Hungary,Austria Hungary,1971-1995,8428,university-teacher,publisher
http://www.wikidata.org/entity/Q15529476,Jerome Skolnick,1931,male,Brooklyn,POINT (-73.949722 40.650833),Northern America,United States,United States Can.,1971-1995,8612,university-teacher,school
http://www.wikidata.org/entity/Q15970906,Claude Langlois,1937,male,Puteaux,POINT (2.238055 48.884167),Western Europe,France,France,1971-1995,8753,university-teacher,education
http://www.wikidata.org/entity/Q15446459,Reimer Gronemeyer,1939,male,Hamburg,POINT (10 53.55),Western Europe,Germany,Germany,1971-1995,8571,university-teacher,university
http://www.wikidata.org/entity/Q118017,Hans-Jürgen Krysmanski,1935,male,Berlin,POINT (13.383333 52.516667),Western Europe,Germany,Germany,1971-1995,6017,university-teacher,agency
http://www.wikidata.org/entity/Q1576843,Hans-Dieter Evers,1935,male,Dröbischau,POINT (11.066667 50.616667),Western Europe,Germany,Germany,1971-1995,8672,university-teacher,education
http://www.wikidata.org/entity/Q131622322,Samuel Franklin Sampson,1934,male,Malden,POINT (-71.066667 42.425),Northern America,United States,United States Can.,1971-1995,7544,university-teacher,education
http://www.wikidata.org/entity/Q116657656,Міхаіл Міхайлавіч Новікаў,1938,male,Buda Pietryckaja,POINT (30.436111 51.935833),Eastern Europe,Belarus,Baltic States Fin. Belar.,1971-1995,5722,university-teacher,institute
http://www.wikidata.org/entity/Q131676954,Yulian Minkov,1937,male,Sofia,POINT (23.321726 42.697886),Eastern Europe,Bulgaria,Central Europe,1971-1995,7549,philosopher,publisher
http://www.wikidata.org/entity/Q1569718,Johan Goudsblom,1932,male,Bergen,POINT (4.7054 52.6703),Western Europe,Netherlands,Belgium Netherl.,1971-1995,8654,university-teacher,institute
http://www.wikidata.org/entity/Q112238280,Hiromi Teratani,1937,male,Kobe,POINT (135.195444 34.690167),Eastern Asia,Japan,Japan,1971-1995,1538,other,university
http://www.wikidata.org/entity/Q15449858,Urs Müller-Plantenberg,1937,male,Malbork,POINT (19.04435 54.02846),Eastern Europe,Poland,Poland,1971-1995,8578,university-teacher,publisher
http://www.wikidata.org/entity/Q1330094,Elisabeth Lenk,1937,female,Kassel,POINT (9.497917 51.315778),Western Europe,Germany,Germany,1971-1995,7653,university-teacher,university
http://www.wikidata.org/entity/Q1548428,Horst Holzer,1935,male,Wiesbaden,POINT (8.24 50.0825),Western Europe,Germany,Germany,1971-1995,8602,university-teacher,university
http://www.wikidata.org/entity/Q15479765,Karl Setzen,1936,male,Bardenberg,POINT (6.111389 50.839722),Western Europe,Germany,Germany,1971-1995,8601,university-teacher,education
http://www.wikidata.org/entity/Q1560437,Günter Endruweit,1939,male,Sovetsk,POINT (21.886389 55.080833),European Russia,Russian Federation,Russian Federation,1971-1995,8628,university-teacher,publisher
http://www.wikidata.org/entity/Q1560658,Günter Kehrer,1939,male,Frankfurt,POINT (8.682222 50.110556),Western Europe,Germany,Germany,1971-1995,8630,university-teacher,publisher
http://www.wikidata.org/entity/Q112451712,Manfred Stanley,1932,male,Berlin,POINT (13.383333 52.516667),Western Europe,Germany,Germany,1971-1995,2469,university-teacher,education
http://www.wikidata.org/entity/Q1561225,Günter Wiswede,1938,male,Nuremberg,POINT (11.0775 49.453889),Western Europe,Germany,Germany,1971-1995,8631,university-teacher,publisher
http://www.wikidata.org/entity/Q1561643,Günther Lüschen,1931,male,Oldenburg,POINT (8.213889 53.143889),Western Europe,Germany,Germany,1971-1995,8633,university-teacher,education
http://www.wikidata.org/entity/Q11688493,Bohdan Jałowiecki,1934,male,Warsaw,POINT (21.011111 52.23),Eastern Europe,Poland,Poland,1971-1995,5775,university-teacher,university
http://www.wikidata.org/entity/Q15453281,Kai T. Erikson,1931,male,Vienna,POINT (16.3725 48.208333),Western Europe,Austria,Austria Hungary,1971-1995,8586,university-teacher,education
http://www.wikidata.org/entity/Q15453871,Karl H. Hörning,1938,male,Heidelberg,POINT (8.71 49.412222),Western Europe,Germany,Germany,1971-1995,8587,university-teacher,agency
http://www.wikidata.org/entity/Q11749343,Krzysztof Kiciński,1938,male,Warsaw,POINT (21.011111 52.23),Eastern Europe,Poland,Poland,1971-1995,5921,university-teacher,university
http://www.wikidata.org/entity/Q1562687,Hartmut Neuendorff,1940,male,Siegen,POINT (8.016667 50.875556),Western Europe,Germany,Germany,1971-1995,8640,university-teacher,institute
http://www.wikidata.org/entity/Q1577030,Hans-Georg Soeffner,1939,male,Essen,POINT (7.013055 51.450833),Western Europe,Germany,Germany,1971-1995,8674,university-teacher,publisher
http://www.wikidata.org/entity/Q1313695,Rolf Ziegler,1936,male,Stuttgart,POINT (9.18 48.7775),Western Europe,Germany,Germany,1971-1995,7492,university-teacher,publisher
http://www.wikidata.org/entity/Q1583900,Hansjörg Weitbrecht,1938,male,Blaubeuren,POINT (9.785 48.411945),Western Europe,Germany,Germany,1971-1995,8714,university-teacher,publisher
http://www.wikidata.org/entity/Q111030365,Werner Sörgel,1931,male,Nuremberg,POINT (11.0775 49.453889),Western Europe,Germany,Germany,1971-1995,1315,other,enterprise
http://www.wikidata.org/entity/Q15429565,Theodor Hanf,1936,male,Düsseldorf,POINT (6.776667 51.225556),Western Europe,Germany,Germany,1971-1995,8533,university-teacher,publisher
http://www.wikidata.org/entity/Q116281716,Heinz Kapp,1936,male,Fellbach,POINT (9.275833 48.808611),Western Europe,Germany,Germany,1971-1995,5659,historian,organization
http://www.wikidata.org/entity/Q12021481,Igor Tomeš,1931,male,Brno,POINT (16.608333 49.195278),Eastern Europe,Czechia,Czechia,1971-1995,6210,university-teacher,publisher
http://www.wikidata.org/entity/Q110713971,Janusz Goćkowski,1935,male,Warsaw,POINT (21.011111 52.23),Eastern Europe,Poland,Poland,1971-1995,1246,political-scientist,education
http://www.wikidata.org/entity/Q12037479,Miloslav Petrusek,1936,male,Zlín,POINT (17.666945 49.233056),Eastern Europe,Czechia,Czechia,1971-1995,6238,other,publisher
http://www.wikidata.org/entity/Q1594049,Sebastian Herkommer,1933,male,Stuttgart,POINT (9.18 48.7775),Western Europe,Germany,Germany,1971-1995,8743,university-teacher,publisher
http://www.wikidata.org/entity/Q15438666,Nicholas C. Mullins,1939,male,Boise,POINT (-116.237778 43.613611),Northern America,United States,United States Can.,1971-1995,8559,university-teacher,education
http://www.wikidata.org/entity/Q1201285,Detlef Kantowsky,1936,male,Berlin,POINT (13.383333 52.516667),Western Europe,Germany,Germany,1971-1995,6195,university-teacher,university
http://www.wikidata.org/entity/Q133761396,Arnold Birenbaum,1939,male,The Bronx,POINT (-73.873333 40.846667),Northern America,United States,United States Can.,1971-1995,7782,university-teacher,education
http://www.wikidata.org/entity/Q1577345,Hans-Joachim Hoffmann-Nowotny,1934,male,Mülheim an der Ruhr,POINT (6.8825 51.4275),Western Europe,Germany,Germany,1971-1995,8675,university-teacher,organization
http://www.wikidata.org/entity/Q15438553,Hans See,1934,male,Frankfurt,POINT (8.682222 50.110556),Western Europe,Germany,Germany,1971-1995,8557,university-teacher,education
http://www.wikidata.org/entity/Q131578249,Regis Stephan de Castro Andrade,1937,male,São Paulo,POINT (-48.433611 -22.07),South America,Brazil,South America,1971-1995,7538,university-teacher,publisher
http://www.wikidata.org/entity/Q11887511,Pertti Hemánus,1934,male,Suomusjärvi,POINT (23.590278 60.379167),Northern Europe,Finland,Baltic States Fin. Belar.,1971-1995,6095,journalist,university
http://www.wikidata.org/entity/Q1578273,Hans-Uwe Otto,1940,male,Husum,POINT (9.051111 54.476944),Western Europe,Germany,Germany,1971-1995,8683,university-teacher,publisher
http://www.wikidata.org/entity/Q11905513,Andreu López Blasco,1939,male,Godella,POINT (-0.410316 39.518373),Southern Europe,Spain,Spain Port.,1971-1995,6111,politician,publisher
http://www.wikidata.org/entity/Q111804750,Agata Piromallo Gambardella,1935,female,Naples,POINT (14.248611 40.835833),Southern Europe,Italy,Italy,1971-1995,1464,university-teacher,publisher
http://www.wikidata.org/entity/Q111452,Maria Mies,1931,female,Steffeln,POINT (6.567222 50.288056),Western Europe,Germany,Germany,1971-1995,1385,university-teacher,other
http://www.wikidata.org/entity/Q111457529,Suzanne Stiver Lie,1934,female,Fort Wayne,POINT (-85.13915 41.08045),Northern America,United States,United States Can.,1971-1995,1388,university-teacher,publisher
http://www.wikidata.org/entity/Q1113588,Klaus Heinemann,1937,male,Hamburg,POINT (10 53.55),Western Europe,Germany,Germany,1971-1995,1366,university-teacher,university
http://www.wikidata.org/entity/Q111536,William Julius Wilson,1935,male,Pennsylvania,POINT (-77.5 41),Northern America,United States,United States Can.,1971-1995,1408,university-teacher,education
http://www.wikidata.org/entity/Q15437619,Werner Ruf,1937,male,Sigmaringen,POINT (9.216667 48.086944),Western Europe,Germany,Germany,1971-1995,8554,university-teacher,university
http://www.wikidata.org/entity/Q107274830,Gian Franco Elia,1932,male,Grosseto,POINT (11.108889 42.772222),Southern Europe,Italy,Italy,1971-1995,706,university-teacher,publisher
http://www.wikidata.org/entity/Q1330696,Eliseo Verón,1935,male,Buenos Aires,POINT (-58.381944 -34.599722),South America,Argentina,South America,1971-1995,7662,university-teacher,publisher
http://www.wikidata.org/entity/Q127604526,Xenia Rajewsky,1939,female,Frankfurt,POINT (8.682222 50.110556),Western Europe,Germany,Germany,1971-1995,7200,other,university
http://www.wikidata.org/entity/Q101842,Horst Herrmann,1940,male,Schruns,POINT (9.919167 47.080278),Western Europe,Austria,Austria Hungary,1971-1995,104,university-teacher,agency
http://www.wikidata.org/entity/Q105306875,Mikołaj Latuch,1931,male,Tarnawatka,POINT (23.38333 50.53333),Eastern Europe,Poland,Poland,1971-1995,391,university-teacher,education
http://www.wikidata.org/entity/Q10393022,Walnice Nogueira Galvão,1937,female,São Paulo,POINT (-46.633947 -23.550394),South America,Brazil,South America,1971-1995,267,other,publisher
http://www.wikidata.org/entity/Q16558058,Hieronim Kubiak,1934,male,Ruda Pabianicka,POINT (19.434458 51.699747),Eastern Europe,Poland,Poland,1971-1995,9029,university-teacher,education
http://www.wikidata.org/entity/Q1655854,Michael Schumann,1937,male,Lubin,POINT (16.2 51.4),Eastern Europe,Poland,Poland,1971-1995,9030,university-teacher,organization
http://www.wikidata.org/entity/Q16560650,Giuseppe Bonazzi,1932,male,Turin,POINT (7.676111 45.079167),Southern Europe,Italy,Italy,1971-1995,9033,university-teacher,publisher
http://www.wikidata.org/entity/Q11466238,Yasushi Yamanōchi,1933,male,Tokyo,POINT (139.691667 35.689444),Eastern Asia,Japan,Japan,1971-1995,5314,historian,publisher
http://www.wikidata.org/entity/Q101538600,Claude Beauchamp,1939,male,Mascouche,POINT (-73.59956 45.74965),Northern America,Canada,United States Can.,1971-1995,93,university-teacher,publisher
http://www.wikidata.org/entity/Q1364830,Willem van Reijen,1938,male,Ginneken en Bavel,POINT (4.816667 51.566667),Western Europe,Netherlands,Belgium Netherl.,1971-1995,8072,university-teacher,publisher
http://www.wikidata.org/entity/Q105312273,Andrej Andrejevič Rakov,1931,male,Cierachoŭka,POINT (31.4236 52.2133),Eastern Europe,Belarus,Baltic States Fin. Belar.,1971-1995,394,economist,organization
http://www.wikidata.org/entity/Q126923612,Yurii Emelyanov,1933,male,Kislovodsk,POINT (42.72 43.91),European Russia,Russian Federation,Russian Federation,1971-1995,7141,anthropologist,publisher
http://www.wikidata.org/entity/Q11372960,Hiroshi Inoue,1936,male,Osaka Prefecture,POINT (135.519861 34.686333),Eastern Asia,Japan,Japan,1971-1995,4489,teacher,publisher
http://www.wikidata.org/entity/Q12405758,Don Handelman,1939,male,Montreal,POINT (-73.586841 45.503343),Northern America,Canada,United States Can.,1971-1995,6727,university-teacher,university
http://www.wikidata.org/entity/Q1395706,Guenther Roth,1931,male,Wolfskehlen,POINT (8.500556 49.853056),Western Europe,Germany,Germany,1971-1995,8298,university-teacher,education
http://www.wikidata.org/entity/Q137169946,Michael A. Faia,1938,male,Los Angeles,POINT (-118.24368 34.05223),Northern America,United States,United States Can.,1971-1995,8154,university-teacher,education
http://www.wikidata.org/entity/Q105395425,Rodolfo Alvarez,1936,male,San Antonio,POINT (-98.493889 29.425),Northern America,United States,United States Can.,1971-1995,406,university-teacher,education
http://www.wikidata.org/entity/Q12403965,Eliezer Ben-Rafael,1938,male,Belgium,POINT (4.668056 50.641111),Western Europe,Belgium,Belgium Netherl.,1971-1995,6714,anthropologist,publisher
http://www.wikidata.org/entity/Q16669203,Patrick de Laubier,1935,male,Montigny-lès-Metz,POINT (6.153333 49.099722),Western Europe,France,France,1971-1995,9084,other,publisher
http://www.wikidata.org/entity/Q16611523,Zbigniew Antoni Żechowski,1931,male,Sędziszów,POINT (20.05563 50.5659),Eastern Europe,Poland,Poland,1971-1995,9055,university-teacher,organization
http://www.wikidata.org/entity/Q16734716,Kenneth Prewitt,1936,male,Alton,POINT (-90.15972 38.90028),Northern America,United States,United States Can.,1971-1995,9123,university-teacher,education
http://www.wikidata.org/entity/Q124389855,Giordano Sivini,1936,male,Trieste,POINT (13.770278 45.650278),Southern Europe,Italy,Italy,1971-1995,6791,university-teacher,GLAM
http://www.wikidata.org/entity/Q1365573,Robert Rosenthal,1933,male,Giessen,POINT (8.666667 50.583333),Western Europe,Germany,Germany,1971-1995,8089,university-teacher,education
http://www.wikidata.org/entity/Q10270660,Eduardo Diatahy Bezerra de Menezes,1935,male,Fortaleza,POINT (-38.5275 -3.7275),South America,Brazil,South America,1971-1995,154,writer,education
http://www.wikidata.org/entity/Q1673061,Otthein Rammstedt,1938,male,Dortmund,POINT (7.465278 51.513889),Western Europe,Germany,Germany,1971-1995,9112,university-teacher,publisher
http://www.wikidata.org/entity/Q136571123,Jerome Rabow,1933,male,Brooklyn,POINT (-73.949722 40.650833),Northern America,United States,United States Can.,1971-1995,8092,university-teacher,education
http://www.wikidata.org/entity/Q10278387,Eva Alterman Blay,1937,female,São Paulo,POINT (-46.633947 -23.550394),South America,Brazil,South America,1971-1995,157,university-teacher,publisher
http://www.wikidata.org/entity/Q10285385,Francisco de Oliveira,1933,male,Recife,POINT (-34.880833 -8.053889),South America,Brazil,South America,1971-1995,160,writer,publisher
http://www.wikidata.org/entity/Q1385952,Manfred Hermanns,1936,male,Düsseldorf,POINT (6.776667 51.225556),Western Europe,Germany,Germany,1971-1995,8274,university-teacher,school
http://www.wikidata.org/entity/Q1381875,Johan Asplund,1937,male,Jakobstad,POINT (22.7 63.666667),Northern Europe,Finland,Baltic States Fin. Belar.,1971-1995,8249,university-teacher,publisher
http://www.wikidata.org/entity/Q16585698,Julieta Kirkwood,1936,female,Santiago,POINT (-70.65 -33.4375),South America,Chile,South America,1971-1995,9044,university-teacher,publisher
http://www.wikidata.org/entity/Q1271771,Fehmi Agani,1932,male,Gjakova,POINT (20.435556 42.3825),Southern Europe,Serbia,Central Europe,1971-1995,7161,writer,university
http://www.wikidata.org/entity/Q1269856,Helmut Kromrey,1940,male,Koszelewy,POINT (19.966667 53.316667),Eastern Europe,Poland,Poland,1971-1995,7152,university-teacher,publisher
http://www.wikidata.org/entity/Q104771219,Justo de la Cueva,1937,male,Madrid,POINT (-3.703333 40.416944),Southern Europe,Spain,Spain Port.,1971-1995,346,university-teacher,other
http://www.wikidata.org/entity/Q104765,Lutz Niethammer,1939,male,Stuttgart,POINT (9.18 48.7775),Western Europe,Germany,Germany,1971-1995,345,university-teacher,university
http://www.wikidata.org/entity/Q1370280,Jan Harold Brunvand,1933,male,Cadillac,POINT (-85.4 44.25),Northern America,United States,United States Can.,1971-1995,8142,anthropologist,education
http://www.wikidata.org/entity/Q1634275,Hugh Davis Graham,1936,male,Little Rock,POINT (-92.288056 34.744444),Northern America,United States,United States Can.,1971-1995,8961,university-teacher,education
http://www.wikidata.org/entity/Q1689975,Joachim Bergmann,1933,male,Offenbach am Main,POINT (8.766667 50.1),Western Europe,Germany,Germany,1971-1995,9174,university-teacher,university
http://www.wikidata.org/entity/Q138665631,Anna Rębowska,1937,female,Warsaw,POINT (21.011111 52.23),Eastern Europe,Poland,Poland,1971-1995,8280,university-teacher,publisher
http://www.wikidata.org/entity/Q103445,Erhard Roy Wiehn,1937,male,Saarbrücken,POINT (7 49.233333),Western Europe,Germany,Germany,1971-1995,232,university-teacher,university
http://www.wikidata.org/entity/Q10320312,Luciano Martins,1934,male,Rio de Janeiro,POINT (-43.205555 -22.911111),South America,Brazil,South America,1971-1995,198,political-scientist,education
http://www.wikidata.org/entity/Q106466625,Umberto Melotti,1940,male,Milan,POINT (9.19 45.466944),Southern Europe,Italy,Italy,1971-1995,571,university-teacher,organization
http://www.wikidata.org/entity/Q115021,Johannes Feest,1939,male,Berlin,POINT (13.383333 52.516667),Western Europe,Germany,Germany,1971-1995,5374,university-teacher,university
http://www.wikidata.org/entity/Q1281359,Eckart Pankoke,1939,male,Recklinghausen,POINT (7.2 51.616667),Western Europe,Germany,Germany,1971-1995,7266,university-teacher,university
http://www.wikidata.org/entity/Q1457242,Friedhelm Neidhardt,1934,male,Gadderbaum,POINT (8.516667 52),Western Europe,Germany,Germany,1971-1995,8373,university-teacher,publisher
http://www.wikidata.org/entity/Q126532,Heide Berndt,1938,female,Aachen,POINT (6.083788 50.776207),Western Europe,Germany,Germany,1971-1995,7111,university-teacher,university
http://www.wikidata.org/entity/Q1000622,Zsuzsa Ferge,1931,female,Budapest,POINT (19.040833 47.498333),Eastern Europe,Hungary,Austria Hungary,1971-1995,3,university-teacher,publisher
http://www.wikidata.org/entity/Q103311,Frigga Haug,1937,female,Mülheim an der Ruhr,POINT (6.8825 51.4275),Western Europe,Germany,Germany,1971-1995,217,university-teacher,university
http://www.wikidata.org/entity/Q107212764,James A. King,1940,male,Muncy,POINT (-76.7864 41.2019),Northern America,United States,United States Can.,1971-1995,698,university-teacher,education
http://www.wikidata.org/entity/Q114007,Uta Gerhardt,1938,female,Zella-Mehlis,POINT (10.666945 50.659722),Western Europe,Germany,Germany,1971-1995,5235,university-teacher,publisher
http://www.wikidata.org/entity/Q107193,Fritz Sack,1931,male,Stare Czarnowo,POINT (14.778889 53.278611),Eastern Europe,Poland,Poland,1971-1995,691,university-teacher,university
http://www.wikidata.org/entity/Q107178398,Leôncio Martins Rodrigues Netto,1934,male,São Paulo,POINT (-46.633947 -23.550394),South America,Brazil,South America,1971-1995,689,university-teacher,publisher
http://www.wikidata.org/entity/Q107156072,Priscilla Parkhurst Ferguson,1940,female,Gloversville,POINT (-74.35 43.05),Northern America,United States,United States Can.,1971-1995,683,university-teacher,education
http://www.wikidata.org/entity/Q1388451,Peter Gleichmann,1932,male,Berlin,POINT (13.383333 52.516667),Western Europe,Germany,Germany,1971-1995,8289,university-teacher,institute
http://www.wikidata.org/entity/Q106854777,Galina Nikolaevna Sokolova,1935,female,Komsomolsk-on-Amur,POINT (137 50.55),Asiatic Russia,Russian Federation,Russian Federation,1971-1995,637,other,institute
http://www.wikidata.org/entity/Q125048,Otfried Mickler,1940,male,Bielsko-Biała,POINT (19.044445 49.8225),Eastern Europe,Poland,Poland,1971-1995,6932,university-teacher,university
http://www.wikidata.org/entity/Q11411520,Takahiko Furuta,1939,male,Ena,POINT (137.412833 35.44925),Eastern Asia,Japan,Japan,1971-1995,5249,teacher,university
http://www.wikidata.org/entity/Q100642,Lothar Krappmann,1936,male,Kiel,POINT (10.139445 54.323333),Western Europe,Germany,Germany,1971-1995,51,professor,publisher
http://www.wikidata.org/entity/Q1262309,Klaus Meschkat,1935,male,Berlin,POINT (13.383333 52.516667),Western Europe,Germany,Germany,1971-1995,7076,university-teacher,university
http://www.wikidata.org/entity/Q12379642,Ülo Vooglaid,1935,male,Tallinn,POINT (24.745 59.437222),Eastern Europe,Estonia,Baltic States Fin. Belar.,1971-1995,6679,politician,university
http://www.wikidata.org/entity/Q16493890,Arnaldo Madeira,1940,male,Santos,POINT (-46.32864 -23.933599),South America,Brazil,South America,1971-1995,9001,politician,university
http://www.wikidata.org/entity/Q1435914,Robert Hepp,1938,male,Langenenslingen,POINT (9.379167 48.147778),Western Europe,Germany,Germany,1971-1995,8344,university-teacher,university
http://www.wikidata.org/entity/Q1668515,Karl-Heinz Hillmann,1938,male,Berlin,POINT (13.383333 52.516667),Western Europe,Germany,Germany,1971-1995,9089,university-teacher,university
http://www.wikidata.org/entity/Q123985705,Sergei Shavel,1940,male,Hierucieva,POINT (24.381389 53.021944),Eastern Europe,Belarus,Baltic States Fin. Belar.,1971-1995,6698,university-teacher,institute
http://www.wikidata.org/entity/Q1430737,Rainer Geißler,1939,male,Thum,POINT (12.951389 50.671111),Western Europe,Germany,Germany,1971-1995,8342,university-teacher,agency
http://www.wikidata.org/entity/Q1427501,Jürgen Ritsert,1935,male,Frankfurt,POINT (8.682222 50.110556),Western Europe,Germany,Germany,1971-1995,8338,university-teacher,agency
http://www.wikidata.org/entity/Q138033640,Alvin J. Schmidt,1932,male,Waldersee,POINT (-99.0544 50.5606),Northern America,Canada,United States Can.,1971-1995,8244,university-teacher,education
http://www.wikidata.org/entity/Q16861474,Jerzy Chłopecki,1936,male,Lida,POINT (25.295833 53.895556),Eastern Europe,Belarus,Baltic States Fin. Belar.,1971-1995,9158,political-scientist,education
http://www.wikidata.org/entity/Q12369825,Marje Pavelson,1938,female,Narva,POINT (28.200556 59.379167),European Russia,Estonia,Baltic States Fin. Belar.,1971-1995,6653,economist,university
http://www.wikidata.org/entity/Q137376748,Helena Švarcová,1931,female,Prague,POINT (14.421389 50.0875),Eastern Europe,Czechia,Czechia,1971-1995,8177,university-teacher,education
http://www.wikidata.org/entity/Q4768440,Anne Hendershott,1949,female,Waterbury,POINT (-73.036944 41.558333),Northern America,United States,United States Can.,1971-1995,13502,professor,education
http://www.wikidata.org/entity/Q4747968,Amos N. Wilson,1941,male,Hattiesburg,POINT (-89.3086 31.3158),Northern America,United States,United States Can.,1971-1995,13446,writer,agency
http://www.wikidata.org/entity/Q113958041,Tamás Faragó,1944,male,Dunaharaszti,POINT (19.084444 47.355278),Eastern Europe,Hungary,Austria Hungary,1971-1995,5228,historian,GLAM
http://www.wikidata.org/entity/Q48210385,Hal Kendig,1948,male,Glendale,POINT (-118.25 34.170833),Northern America,United States,United States Can.,1971-1995,13533,university-teacher,organization
http://www.wikidata.org/entity/Q47487124,Meerten ter Borg,1946,male,Groningen,POINT (6.5675 53.218889),Western Europe,Netherlands,Belgium Netherl.,1971-1995,13449,university-teacher,organization
http://www.wikidata.org/entity/Q4759623,Andrzej Kapiszewski,1948,male,Kraków,POINT (19.937222 50.061389),Eastern Europe,Poland,Poland,1971-1995,13493,other,university
http://www.wikidata.org/entity/Q4759700,Andrzej Sakson,1950,male,Elbląg,POINT (19.408889 54.152222),Eastern Europe,Poland,Poland,1971-1995,13494,historian,publisher
http://www.wikidata.org/entity/Q11686029,Andrzej Krzysztof Paluch,1944,male,Kraków,POINT (19.937222 50.061389),Eastern Europe,Poland,Poland,1971-1995,5765,anthropologist,university
http://www.wikidata.org/entity/Q560656,Dimitrij Rupel,1946,male,Ljubljana,POINT (14.506111 46.051389),Southern Europe,Slovenia,Central Europe,1971-1995,14459,university-teacher,education
http://www.wikidata.org/entity/Q468450,Rosabeth Moss Kanter,1943,female,Cleveland,POINT (-81.694722 41.499167),Northern America,United States,United States Can.,1971-1995,13331,university-teacher,education
http://www.wikidata.org/entity/Q467333,Elaine Showalter,1941,female,Boston,POINT (-71.057778 42.360278),Northern America,United States,United States Can.,1971-1995,13321,university-teacher,education
http://www.wikidata.org/entity/Q116819469,Paolo De Nardis,1950,male,Naples,POINT (14.248611 40.835833),Southern Europe,Italy,Italy,1971-1995,5759,university-teacher,organization
http://www.wikidata.org/entity/Q11705066,Vicente Verdú,1942,male,Elche,POINT (-0.698333 38.266944),Southern Europe,Spain,Spain Port.,1971-1995,5809,writer,other
http://www.wikidata.org/entity/Q11713930,Ireneusz Krzemiński,1949,male,Ciechanów,POINT (20.616667 52.883333),Eastern Europe,Poland,Poland,1971-1995,5822,university-teacher,publisher
http://www.wikidata.org/entity/Q11715406,Jacek Kurczewski,1943,male,Edinburgh,POINT (-3.189167 55.953333),Northern Europe,United Kingdom,United Kingdom,1971-1995,5827,politician,institute
http://www.wikidata.org/entity/Q465252,Patricia Hill Collins,1948,female,Philadelphia,POINT (-75.163611 39.952778),Northern America,United States,United States Can.,1971-1995,13309,university-teacher,education
http://www.wikidata.org/entity/Q5588108,Gotzone Mora,1948,female,Bilbao,POINT (-2.935 43.263056),Southern Europe,Spain,Spain Port.,1971-1995,14388,politician,publisher
http://www.wikidata.org/entity/Q4717188,Alex Himelfarb,1947,male,Germany,POINT (10 51),Western Europe,Germany,Germany,1971-1995,13411,other,education
http://www.wikidata.org/entity/Q55989722,Martin de La Soudière,1944,male,Port-d'Envaux,POINT (-0.680278 45.836944),Western Europe,France,France,1971-1995,14423,university-teacher,publisher
http://www.wikidata.org/entity/Q55990605,Maria Jesús Izquierdo,1945,female,Benamira,POINT (-2.422614 41.092729),Southern Europe,Spain,Spain Port.,1971-1995,14425,university-teacher,publisher
http://www.wikidata.org/entity/Q4858846,Barbara Czarniawska,1948,female,Białystok,POINT (23.168673 53.132356),Eastern Europe,Poland,Poland,1971-1995,13545,university-teacher,publisher
http://www.wikidata.org/entity/Q55102201,Anatoly Antipyev,1942,male,Perm,POINT (56.248889 58.013889),European Russia,Russian Federation,Russian Federation,1971-1995,14115,university-teacher,publisher
http://www.wikidata.org/entity/Q521895,Steve Woolgar,1950,male,London,POINT (-0.1275 51.507222),Northern Europe,United Kingdom,United Kingdom,1971-1995,13872,university-teacher,education
http://www.wikidata.org/entity/Q549246,Richard Ofshe,1941,male,United States,POINT (-98.5795 39.828175),Northern America,United States,United States Can.,1971-1995,14094,university-teacher,education
http://www.wikidata.org/entity/Q5232062,David C. Stark,1950,male,Enid,POINT (-97.879139 36.39675),Northern America,United States,United States Can.,1971-1995,13884,professor,education
http://www.wikidata.org/entity/Q5497914,Frederick H. Buttel,1948,male,Freeport,POINT (-89.630278 42.291945),Northern America,United States,United States Can.,1971-1995,14105,university-teacher,education
http://www.wikidata.org/entity/Q520101,Luiz Mott,1946,male,São Paulo,POINT (-46.633947 -23.550394),South America,Brazil,South America,1971-1995,13836,university-teacher,publisher
http://www.wikidata.org/entity/Q514808,Andrzej Celiński,1950,male,Warsaw,POINT (21.011111 52.23),Eastern Europe,Poland,Poland,1971-1995,13797,university-teacher,school
http://www.wikidata.org/entity/Q5186330,Cristina Bicchieri,1950,female,Milan,POINT (9.19 45.466944),Southern Europe,Italy,Italy,1971-1995,13816,university-teacher,education
http://www.wikidata.org/entity/Q5236868,David Lyon,1948,male,Edinburgh,POINT (-3.189167 55.953333),Northern Europe,United Kingdom,United Kingdom,1971-1995,13896,university-teacher,publisher
http://www.wikidata.org/entity/Q54312641,John H. Freeman,1944,male,Rochester,POINT (-77.611389 43.165556),Northern America,United States,United States Can.,1971-1995,14043,university-teacher,education
http://www.wikidata.org/entity/Q542464,Michael Burawoy,1947,male,Manchester,POINT (-2.233333 53.466667),Northern Europe,United Kingdom,United Kingdom,1971-1995,14041,university-teacher,education
http://www.wikidata.org/entity/Q534080,Jan T. Gross,1947,male,Warsaw,POINT (21.011111 52.23),Eastern Europe,Poland,Poland,1971-1995,13970,university-teacher,education
http://www.wikidata.org/entity/Q542410,Ann Oakley,1944,female,London,POINT (-0.1275 51.507222),Northern Europe,United Kingdom,United Kingdom,1971-1995,14040,university-teacher,education
http://www.wikidata.org/entity/Q5416389,Evelyn Nakano Glenn,1950,female,Sacramento County,POINT (-121.35 38.45),Northern America,United States,United States Can.,1971-1995,14037,university-teacher,education
http://www.wikidata.org/entity/Q53864840,Iosif Diskin,1948,male,Moscow,POINT (37.6175 55.750556),European Russia,Russian Federation,Russian Federation,1971-1995,14009,university-teacher,education
http://www.wikidata.org/entity/Q539879,Nikolas Rose,1947,male,London,POINT (-0.1275 51.507222),Northern Europe,United Kingdom,United Kingdom,1971-1995,14021,university-teacher,education
http://www.wikidata.org/entity/Q11513515,Kisuyo Kasuga,1943,female,Kumamoto Prefecture,POINT (130.741389 32.789722),Eastern Asia,Japan,Japan,1971-1995,5396,university-teacher,publisher
http://www.wikidata.org/entity/Q11518988,Yōji Kimura,1948,male,Aomori Prefecture,POINT (140.740556 40.824611),Eastern Asia,Japan,Japan,1971-1995,5407,university-teacher,publisher
http://www.wikidata.org/entity/Q5238931,David Rayside,1947,male,Canada,POINT (-109 56),Northern America,Canada,United States Can.,1971-1995,13907,political-scientist,university
http://www.wikidata.org/entity/Q5271442,Diane Elson,1946,female,Bedworth,POINT (-1.477 52.475),Northern Europe,United Kingdom,United Kingdom,1971-1995,13931,university-teacher,education
http://www.wikidata.org/entity/Q5294651,Donald Kraybill,1945,male,Mount Joy,POINT (-76.5111 40.11),Northern America,United States,United States Can.,1971-1995,13943,other,education
http://www.wikidata.org/entity/Q5484742,Frane Adam,1948,male,Pivka,POINT (14.196383 45.680453),Southern Europe,Slovenia,Central Europe,1971-1995,14078,other,publisher
http://www.wikidata.org/entity/Q11544101,Daisaburō Hashizume,1948,male,Kanagawa Prefecture,POINT (139.642528 35.44775),Eastern Asia,Japan,Japan,1971-1995,5462,professor,publisher
http://www.wikidata.org/entity/Q5474652,Joel Best,1946,male,Lincoln,POINT (-96.678056 40.809167),Northern America,United States,United States Can.,1971-1995,14065,university-teacher,education
http://www.wikidata.org/entity/Q5301910,Douglas R. White,1942,male,Minneapolis,POINT (-93.269167 44.981945),Northern America,United States,United States Can.,1971-1995,13952,anthropologist,education
http://www.wikidata.org/entity/Q53079205,Lex Donaldson,1947,male,Liverpool,POINT (-2.991667 53.407222),Northern Europe,United Kingdom,United Kingdom,1971-1995,13954,university-teacher,institute
http://www.wikidata.org/entity/Q552135,Scott Lash,1945,male,Chicago,POINT (-87.627778 41.881944),Northern America,United States,United States Can.,1971-1995,14134,university-teacher,education
http://www.wikidata.org/entity/Q51157544,Johannes Müller,1943,male,Regensburg,POINT (12.083333 49.016667),Western Europe,Germany,Germany,1971-1995,13777,university-teacher,college
http://www.wikidata.org/entity/Q4980349,Bryan S. Turner,1945,male,Birmingham,POINT (-1.9025 52.48),Northern Europe,United Kingdom,United Kingdom,1971-1995,13645,professor,education
http://www.wikidata.org/entity/Q114218920,Giselda Antonelli,1948,female,Atri,POINT (13.983333 42.583333),Southern Europe,Italy,Italy,1971-1995,5263,university-teacher,university
http://www.wikidata.org/entity/Q4863565,Barrie Thorne,1942,female,Utah,POINT (-111.5 39.5),Northern America,United States,United States Can.,1971-1995,13553,other,education
http://www.wikidata.org/entity/Q5568807,Glenn Firebaugh,1948,male,Charleston,POINT (-81.633333 38.347222),Northern America,United States,United States Can.,1971-1995,14318,university-teacher,education
http://www.wikidata.org/entity/Q48767379,Michel Korzec,1945,male,Łódź,POINT (19.466667 51.75),Eastern Europe,Poland,Poland,1971-1995,13576,journalist,education
http://www.wikidata.org/entity/Q11436634,Terue Ōhashi,1941,female,Shiga Prefecture,POINT (135.8685 35.004361),Eastern Asia,Japan,Japan,1971-1995,5276,teacher,university
http://www.wikidata.org/entity/Q502440,Andrei Markovits,1948,male,Timișoara,POINT (21.23 45.759722),Eastern Europe,Romania,Central Europe,1971-1995,13664,university-teacher,education
http://www.wikidata.org/entity/Q50303082,Jaap Dronkers,1945,male,Amsterdam,POINT (4.883333 52.366667),Western Europe,Netherlands,Belgium Netherl.,1971-1995,13667,university-teacher,institute
http://www.wikidata.org/entity/Q5076836,Charles Derber,1944,male,"Washington, D.C.",POINT (-77.036667 38.895),Northern America,United States,United States Can.,1971-1995,13732,professor,education
http://www.wikidata.org/entity/Q116003648,Gioacchino Greco,1944,male,Monreale,POINT (13.288889 38.081667),Southern Europe,Italy,Italy,1971-1995,5602,university-teacher,publisher
http://www.wikidata.org/entity/Q553013,Celso Lafer,1941,male,São Paulo,POINT (-46.633947 -23.550394),South America,Brazil,South America,1971-1995,14161,university-teacher,publisher
http://www.wikidata.org/entity/Q5524737,Gary Bouma,1942,male,Grand Rapids,POINT (-85.667778 42.963333),Northern America,United States,United States Can.,1971-1995,14151,other,publisher
http://www.wikidata.org/entity/Q5113445,Christopher Winship,1950,male,Topeka,POINT (-95.67804 39.04833),Northern America,United States,United States Can.,1971-1995,13775,university-teacher,education
http://www.wikidata.org/entity/Q115952257,Donatella Barazzetti,1942,female,Turin,POINT (7.676111 45.079167),Southern Europe,Italy,Italy,1971-1995,5592,university-teacher,GLAM
http://www.wikidata.org/entity/Q50660256,Frits Tazelaar,1946,male,Utrecht,POINT (5.12222 52.09083),Western Europe,Netherlands,Belgium Netherl.,1971-1995,13721,university-teacher,university
http://www.wikidata.org/entity/Q50358701,Francine Descarries,1942,female,Montreal,POINT (-73.586841 45.503343),Northern America,Canada,United States Can.,1971-1995,13674,professor,organization
http://www.wikidata.org/entity/Q114457475,Manfred Nolte,1944,male,Bilbao,POINT (-2.935 43.263056),Southern Europe,Spain,Spain Port.,1971-1995,5287,economist,publisher
http://www.wikidata.org/entity/Q11452565,Makoto Hōgetsu,1941,male,Shiga Prefecture,POINT (135.8685 35.004361),Eastern Asia,Japan,Japan,1971-1995,5289,teacher,university
http://www.wikidata.org/entity/Q503611,Andrew Arato,1944,male,Budapest,POINT (19.040833 47.498333),Eastern Europe,Hungary,Austria Hungary,1971-1995,13675,university-teacher,education
http://www.wikidata.org/entity/Q505154,Jeremy Rifkin,1945,male,Denver,POINT (-104.984722 39.739167),Northern America,United States,United States Can.,1971-1995,13705,university-teacher,school
http://www.wikidata.org/entity/Q116163550,Eide Spedicato,1947,male,Pescara,POINT (14.214189 42.464278),Southern Europe,Italy,Italy,1971-1995,5623,university-teacher,university
http://www.wikidata.org/entity/Q4935723,Bobby William Austin,1944,male,Bowling Green,POINT (-86.444445 36.981667),Northern America,United States,United States Can.,1971-1995,13620,writer,education
http://www.wikidata.org/entity/Q45424,Colin Crouch,1944,male,Isleworth,POINT (-0.3363 51.4666),Northern Europe,United Kingdom,United Kingdom,1971-1995,13272,university-teacher,education
http://www.wikidata.org/entity/Q12372061,Paul Kenkmann,1945,male,Järva-Jaani,POINT (25.880833 59.038889),Eastern Europe,Estonia,Baltic States Fin. Belar.,1971-1995,6658,philosopher,university
http://www.wikidata.org/entity/Q3387253,Pierre Veltz,1945,male,Phalsbourg,POINT (7.258333 48.767778),Western Europe,France,France,1971-1995,12404,economist,university
http://www.wikidata.org/entity/Q34384727,Sheldon Ekland-Olson,1944,male,California,POINT (-120 37),Northern America,United States,United States Can.,1971-1995,12443,scientist,education
http://www.wikidata.org/entity/Q1235646,Rüdiger Peuckert,1944,male,Zittau,POINT (14.807222 50.896111),Western Europe,Germany,Germany,1971-1995,6623,university-teacher,university
http://www.wikidata.org/entity/Q3442076,Rosa Conde,1947,female,Ronda,POINT (-5.164722 36.737222),Southern Europe,Spain,Spain Port.,1971-1995,12451,politician,university
http://www.wikidata.org/entity/Q344917,Martin van Bruinessen,1946,male,South Holland,POINT (4.666667 52),Western Europe,Netherlands,Belgium Netherl.,1971-1995,12454,university-teacher,university
http://www.wikidata.org/entity/Q3382734,Pierpaolo Donati,1946,male,Budrio,POINT (11.53439 44.53745),Southern Europe,Italy,Italy,1971-1995,12391,university-teacher,publisher
http://www.wikidata.org/entity/Q3341068,Nicole Lapierre,1947,female,Paris,POINT (2.352222 48.856667),Western Europe,France,France,1971-1995,12322,university-teacher,publisher
http://www.wikidata.org/entity/Q3362641,Paolo Mancini,1948,male,Foligno,POINT (12.703281 42.955761),Southern Europe,Italy,Italy,1971-1995,12346,university-teacher,university
http://www.wikidata.org/entity/Q12401848,Maurizio Bonolis,1949,male,Verbania,POINT (8.551944 45.922778),Southern Europe,Italy,Italy,1971-1995,6705,university-teacher,organization
http://www.wikidata.org/entity/Q1239894,Johannes Weiß,1941,male,Hellenthal,POINT (6.433056 50.483056),Western Europe,Germany,Germany,1971-1995,6699,university-teacher,university
http://www.wikidata.org/entity/Q12388364,Fermín Bouza Álvarez,1946,male,Santiago de Compostela,POINT (-8.533333 42.883333),Southern Europe,Spain,Spain Port.,1971-1995,6687,university-teacher,publisher
http://www.wikidata.org/entity/Q3376528,Peter Davis,1947,male,Milford-on-Sea,POINT (-1.588 50.727),Northern Europe,United Kingdom,United Kingdom,1971-1995,12377,university-teacher,publisher
http://www.wikidata.org/entity/Q3479501,Serge Proulx,1945,male,Montreal,POINT (-73.586841 45.503343),Northern America,Canada,United States Can.,1971-1995,12480,university-teacher,organization
http://www.wikidata.org/entity/Q1230297,Ditmar Brock,1947,male,Stuttgart,POINT (9.18 48.7775),Western Europe,Germany,Germany,1971-1995,6493,university-teacher,university
http://www.wikidata.org/entity/Q123003523,Janwillem Schrofer,1945,male,Amsterdam,POINT (4.883333 52.366667),Western Europe,Netherlands,Belgium Netherl.,1971-1995,6488,other,academy
http://www.wikidata.org/entity/Q1229796,Stefan Breuer,1948,male,Eisenach,POINT (10.324444 50.974722),Western Europe,Germany,Germany,1971-1995,6484,university-teacher,university
http://www.wikidata.org/entity/Q3667511,Chiara Saraceno,1941,female,Milan,POINT (9.19 45.466944),Southern Europe,Italy,Italy,1971-1995,12625,university-teacher,publisher
http://www.wikidata.org/entity/Q1227902,Dirk Hülst,1943,male,Magdeburg,POINT (11.639961 52.131589),Western Europe,Germany,Germany,1971-1995,6452,university-teacher,university
http://www.wikidata.org/entity/Q12273368,Blagoy Kolev,1946,male,Dimitrovgrad,POINT (22.783333 43.016667),Southern Europe,Serbia,Central Europe,1971-1995,6444,university-teacher,university
http://www.wikidata.org/entity/Q3702759,Darko Bratina,1942,male,Gorizia,POINT (13.6193 45.9352),Southern Europe,Italy,Italy,1971-1995,12636,politician,organization
http://www.wikidata.org/entity/Q12290292,Petko Simeonov,1942,male,Montana,POINT (23.224242 43.405487),Eastern Europe,Bulgaria,Central Europe,1971-1995,6473,university-teacher,publisher
http://www.wikidata.org/entity/Q3484268,Simon Epstein,1947,male,Paris,POINT (2.352222 48.856667),Western Europe,France,France,1971-1995,12485,historian,university
http://www.wikidata.org/entity/Q3487725,Pavel Gantar,1949,male,Gorenja Vas,POINT (14.145078 46.106856),Southern Europe,Slovenia,Central Europe,1971-1995,12489,politician,publisher
http://www.wikidata.org/entity/Q35006583,Paul G. Schervish,1946,male,Detroit,POINT (-83.0475 42.331667),Northern America,United States,United States Can.,1971-1995,12501,researcher,education
http://www.wikidata.org/entity/Q3502844,Stephanie Coontz,1944,female,Seattle,POINT (-122.33 47.605),Northern America,United States,United States Can.,1971-1995,12509,writer,education
http://www.wikidata.org/entity/Q351815,Robert D. Putnam,1941,male,Rochester,POINT (-77.611389 43.165556),Northern America,United States,United States Can.,1971-1995,12526,university-teacher,education
http://www.wikidata.org/entity/Q355237,Bruno Latour,1947,male,Beaune,POINT (4.838889 47.024167),Western Europe,France,France,1971-1995,12538,writer,education
http://www.wikidata.org/entity/Q3559898,Vincent de Gaulejac,1946,male,Croissy-sur-Seine,POINT (2.142222 48.877778),Western Europe,France,France,1971-1995,12550,university-teacher,university
http://www.wikidata.org/entity/Q3329469,Reginald Bibby,1943,male,Edmonton,POINT (-113.5 53.533333),Northern America,Canada,United States Can.,1971-1995,12307,university-teacher,organization
http://www.wikidata.org/entity/Q3161798,Jan de Vries,1943,male,Ouder-Amstel,POINT (4.9117 52.2906),Western Europe,Netherlands,Belgium Netherl.,1971-1995,12043,university-teacher,education
http://www.wikidata.org/entity/Q125548266,Klári László,1947,female,Esztergom,POINT (18.740278 47.785555),Eastern Europe,Hungary,Austria Hungary,1971-1995,6990,university-teacher,education
http://www.wikidata.org/entity/Q3165878,Jean-François Sabouret,1946,male,Le Poinçonnet,POINT (1.718889 46.763889),Western Europe,France,France,1971-1995,12059,researcher,publisher
http://www.wikidata.org/entity/Q3166419,Jean-Jacques Simard,1945,male,Canada,POINT (-109 56),Northern America,Canada,United States Can.,1971-1995,12061,university-teacher,publisher
http://www.wikidata.org/entity/Q3167845,Jean-Marie Tremblay,1948,male,Jonquière,POINT (-71.25 48.416667),Northern America,Canada,United States Can.,1971-1995,12068,other,other
http://www.wikidata.org/entity/Q3167950,Jean-Michel Berthelot,1945,male,Jonzac,POINT (-0.433611 45.446667),Western Europe,France,France,1971-1995,12069,philosopher,publisher
http://www.wikidata.org/entity/Q3170193,Jean-Yves Potel,1948,male,Château-Gontier,POINT (-0.702778 47.828611),Western Europe,France,France,1971-1995,12089,university-teacher,publisher
http://www.wikidata.org/entity/Q3170641,Jean Baubérot,1941,male,Châteauponsac,POINT (1.276111 46.133889),Western Europe,France,France,1971-1995,12091,university-teacher,education
http://www.wikidata.org/entity/Q3168718,Jean-Paul Willaime,1947,male,Charleville-Mézières,POINT (4.719444 49.76),Western Europe,France,France,1971-1995,12074,university-teacher,education
http://www.wikidata.org/entity/Q3175020,Jean Viard,1949,male,Metz,POINT (6.176944 49.119722),Western Europe,France,France,1971-1995,12106,writer,publisher
http://www.wikidata.org/entity/Q3158759,Jacques Donzelot,1943,male,France,POINT (2 47),Western Europe,France,France,1971-1995,12033,university-teacher,institution
http://www.wikidata.org/entity/Q1264831,Manfred Prisching,1950,male,Bruck an der Mur,POINT (15.268611 47.410556),Western Europe,Austria,Austria Hungary,1971-1995,7106,university-teacher,publisher
http://www.wikidata.org/entity/Q1263139,Erich Weede,1942,male,Hildesheim,POINT (9.95 52.15),Western Europe,Germany,Germany,1971-1995,7083,university-teacher,publisher
http://www.wikidata.org/entity/Q3123783,Gérard Bouchard,1943,male,Jonquière,POINT (-71.25 48.416667),Northern America,Canada,United States Can.,1971-1995,11980,university-teacher,publisher
http://www.wikidata.org/entity/Q1261657,Alois Hahn,1941,male,Salzkotten,POINT (8.604722 51.670833),Western Europe,Germany,Germany,1971-1995,7072,university-teacher,university
http://www.wikidata.org/entity/Q3148612,Ilana Löwy,1948,female,Poland,POINT (19 52),Eastern Europe,Poland,Poland,1971-1995,12018,anthropologist,institute
http://www.wikidata.org/entity/Q124373465,Gabriella Turnaturi,1947,female,Naples,POINT (14.248611 40.835833),Southern Europe,Italy,Italy,1971-1995,6780,university-teacher,publisher
http://www.wikidata.org/entity/Q33084660,Alberto Palloni,1949,male,Chile,POINT (-71 -33),South America,Chile,South America,1971-1995,12255,researcher,education
http://www.wikidata.org/entity/Q3310480,Michel Offerlé,1947,male,Rouen,POINT (1.1025 49.443056),Western Europe,France,France,1971-1995,12273,university-teacher,organization
http://www.wikidata.org/entity/Q33120661,Janine Mossuz-Lavau,1942,female,Saint-Jean-de-Tholome,POINT (6.397778 46.111667),Western Europe,France,France,1971-1995,12286,university-teacher,publisher
http://www.wikidata.org/entity/Q33164537,Martine Bungener,1949,female,Paris,POINT (2.352222 48.856667),Western Europe,France,France,1971-1995,12293,economist,publisher
http://www.wikidata.org/entity/Q33109063,Bernard Valade,1942,male,Paris,POINT (2.352222 48.856667),Western Europe,France,France,1971-1995,12277,university-teacher,school
http://www.wikidata.org/entity/Q124389744,Lorenzo Bordogna,1949,male,Como,POINT (9.086139 45.81025),Southern Europe,Italy,Italy,1971-1995,6789,university-teacher,university
http://www.wikidata.org/entity/Q3184128,Josep Vicent Marqués,1943,male,Valencia,POINT (-0.376389 39.47),Southern Europe,Spain,Spain Port.,1971-1995,12121,writer,publisher
http://www.wikidata.org/entity/Q1248569,Richard Faber,1943,male,Ludwigshafen,POINT (8.435278 49.481111),Western Europe,Germany,Germany,1971-1995,6915,university-teacher,publisher
http://www.wikidata.org/entity/Q1247398,Ulf Kadritzke,1943,male,Susz,POINT (19.337222 53.72),Eastern Europe,Poland,Poland,1971-1995,6900,university-teacher,education
http://www.wikidata.org/entity/Q32540740,Alexander Hicks,1946,male,Jersey City,POINT (-74.06 40.71),Northern America,United States,United States Can.,1971-1995,12163,university-teacher,education
http://www.wikidata.org/entity/Q124650383,G. Louis Heath,1944,male,Portola,POINT (-120.469722 39.810278),Northern America,United States,United States Can.,1971-1995,6876,university-teacher,education
http://www.wikidata.org/entity/Q326639,Edmund Wnuk-Lipiński,1944,male,"Sucha, Kuyavian-Pomeranian Voivodeship",POINT (18.00936 53.41507),Eastern Europe,Poland,Poland,1971-1995,12179,university-teacher,education
http://www.wikidata.org/entity/Q3287758,Marc Angenot,1941,male,Brussels,POINT (4.351667 50.846667),Western Europe,Belgium,Belgium Netherl.,1971-1995,12195,university-teacher,education
http://www.wikidata.org/entity/Q454486,Frank Furedi,1947,male,Budapest,POINT (19.040833 47.498333),Eastern Europe,Hungary,Austria Hungary,1971-1995,13273,university-teacher,education
http://www.wikidata.org/entity/Q12260753,Joseba Arregi,1946,male,Andoain,POINT (-2.019888 43.218334),Southern Europe,Spain,Spain Port.,1971-1995,6431,university-teacher,publisher
http://www.wikidata.org/entity/Q4296042,Boris Mironov,1942,male,Marks,POINT (46.75 51.7),European Russia,Russian Federation,Russian Federation,1971-1995,13048,university-teacher,publisher
http://www.wikidata.org/entity/Q43035326,Víctor Urrutia,1945,male,Andosilla,POINT (-1.941944 42.376944),Southern Europe,Spain,Spain Port.,1971-1995,13054,university-teacher,publisher
http://www.wikidata.org/entity/Q4305233,Rastko Močnik,1944,male,Ljubljana,POINT (14.506111 46.051389),Southern Europe,Slovenia,Central Europe,1971-1995,13057,philosopher,publisher
http://www.wikidata.org/entity/Q4312110,Akop Nazaretyan,1948,male,Baku,POINT (49.835183 40.366656),Western Asia,Azerbaijan,Russian Federation,1971-1995,13066,psychologist,education
http://www.wikidata.org/entity/Q432784,Margaret Archer,1943,female,Grenoside,POINT (-1.502 53.441),Northern Europe,United Kingdom,United Kingdom,1971-1995,13072,university-teacher,education
http://www.wikidata.org/entity/Q432851,Sheila Rowbotham,1943,female,Leeds,POINT (-1.543611 53.7975),Northern Europe,United Kingdom,United Kingdom,1971-1995,13074,university-teacher,education
http://www.wikidata.org/entity/Q4336591,Aleksandr Orlov,1949,male,Moscow,POINT (37.6175 55.750556),European Russia,Russian Federation,Russian Federation,1971-1995,13078,economist,publisher
http://www.wikidata.org/entity/Q4352808,Risto Alapuro,1944,male,Ruokolahti,POINT (28.816667 61.291667),Northern Europe,Finland,Baltic States Fin. Belar.,1971-1995,13100,university-teacher,publisher
http://www.wikidata.org/entity/Q11817338,Piotr Buczkowski,1950,male,Szczecin,POINT (14.555278 53.424722),Eastern Europe,Poland,Poland,1971-1995,6028,university-teacher,publisher
http://www.wikidata.org/entity/Q11814554,Paweł Łączkowski,1942,male,Kielce,POINT (20.631945 50.8725),Eastern Europe,Poland,Poland,1971-1995,6024,university-teacher,education
http://www.wikidata.org/entity/Q11837035,Tomasz Goban-Klas,1942,male,Warsaw,POINT (21.011111 52.23),Eastern Europe,Poland,Poland,1971-1995,6051,university-teacher,education
http://www.wikidata.org/entity/Q1201440,Detlev Ipsen,1945,male,Innsbruck,POINT (11.393333 47.268333),Western Europe,Austria,Austria Hungary,1971-1995,6199,university-teacher,university
http://www.wikidata.org/entity/Q1201418,Detlev Claussen,1948,male,Hamburg,POINT (10 53.55),Western Europe,Germany,Germany,1971-1995,6198,university-teacher,university
http://www.wikidata.org/entity/Q1201272,Detlef Horster,1942,male,Krefeld,POINT (6.566667 51.333333),Western Europe,Germany,Germany,1971-1995,6194,university-teacher,university
http://www.wikidata.org/entity/Q4226807,Natalya Kozlova,1946,female,Moscow,POINT (37.6175 55.750556),European Russia,Russian Federation,Russian Federation,1971-1995,12976,philosopher,university
http://www.wikidata.org/entity/Q119703657,Katalin R. Forray,1942,female,Mezőtúr,POINT (20.618055 47.004167),Eastern Europe,Hungary,Austria Hungary,1971-1995,6147,university-teacher,university
http://www.wikidata.org/entity/Q11935544,Marina Subirats i Martori,1943,female,Barcelona,POINT (2.176944 41.3825),Southern Europe,Spain,Spain Port.,1971-1995,6127,university-teacher,publisher
http://www.wikidata.org/entity/Q439143,Gillian Rose,1947,female,London,POINT (-0.1275 51.507222),Northern Europe,United Kingdom,United Kingdom,1971-1995,13122,university-teacher,education
http://www.wikidata.org/entity/Q4392714,Abram Reytblat,1949,male,Sakhalin Oblast,POINT (142.6 50.55),Asiatic Russia,Russian Federation,Russian Federation,1971-1995,13125,historian,GLAM
http://www.wikidata.org/entity/Q451359,María Isabel Allende,1945,female,Santiago,POINT (-70.65 -33.4375),South America,Chile,South America,1971-1995,13231,politician,publisher
http://www.wikidata.org/entity/Q4514873,Sergey Chesnokov,1943,male,Soviet Union,POINT (90 65),Asiatic Russia,Russian Federation,Russian Federation,1971-1995,13232,other,publisher
http://www.wikidata.org/entity/Q4517347,Igor Chubais,1947,male,East Berlin,POINT (13.404444 52.518611),Western Europe,Germany,Germany,1971-1995,13235,politician,school
http://www.wikidata.org/entity/Q11731049,Józef Niżnik,1943,male,Łańcut,POINT (22.22912 50.06871),Eastern Europe,Poland,Poland,1971-1995,5883,philosopher,institute
http://www.wikidata.org/entity/Q450412,Richard Sennett,1943,male,Chicago,POINT (-87.627778 41.881944),Northern America,United States,United States Can.,1971-1995,13226,university-teacher,education
http://www.wikidata.org/entity/Q4520283,Vladimir Shapovalov,1946,male,Коммунар,POINT (41.271945 45.8575),European Russia,Russian Federation,Russian Federation,1971-1995,13241,university-teacher,university
http://www.wikidata.org/entity/Q11720343,Janusz Mucha,1949,male,Kraków,POINT (19.937222 50.061389),Eastern Europe,Poland,Poland,1971-1995,5849,university-teacher,publisher
http://www.wikidata.org/entity/Q11717596,Jan Grosfeld,1946,male,Warsaw,POINT (21.011111 52.23),Eastern Europe,Poland,Poland,1971-1995,5835,political-scientist,other
http://www.wikidata.org/entity/Q11715609,Jacek Szmatka,1950,male,Rzeszów,POINT (21.998889 50.041111),Eastern Europe,Poland,Poland,1971-1995,5829,university-teacher,university
http://www.wikidata.org/entity/Q11737860,Kazimierz Frieske,1945,male,Wolsztyn,POINT (16.116667 52.116667),Eastern Europe,Poland,Poland,1971-1995,5900,university-teacher,publisher
http://www.wikidata.org/entity/Q4495904,Yevgeny Kharitonov,1946,male,Mikhaylovskaya,POINT (40.596389 44.994722),European Russia,Russian Federation,Russian Federation,1971-1995,13214,politician,university
http://www.wikidata.org/entity/Q4493509,Dmitri Furman,1943,male,Moscow,POINT (37.6175 55.750556),European Russia,Russian Federation,Russian Federation,1971-1995,13204,university-teacher,publisher
http://www.wikidata.org/entity/Q4398649,D. G. Rotman,1944,male,Bogorodsk,POINT (43.507222 56.099722),European Russia,Russian Federation,Russian Federation,1971-1995,13131,political-scientist,university
http://www.wikidata.org/entity/Q4408686,Beatriz Sarlo,1942,female,Buenos Aires,POINT (-58.381944 -34.599722),South America,Argentina,South America,1971-1995,13140,university-teacher,university
http://www.wikidata.org/entity/Q44374305,Dagmar Schultz,1941,female,Berlin,POINT (13.383333 52.516667),Western Europe,Germany,Germany,1971-1995,13155,university-teacher,education
http://www.wikidata.org/entity/Q444495,Piotr Sztompka,1944,male,Warsaw,POINT (21.011111 52.23),Eastern Europe,Poland,Poland,1971-1995,13163,university-teacher,education
http://www.wikidata.org/entity/Q11768615,Marek Ziółkowski,1949,male,Poznań,POINT (16.933611 52.408333),Eastern Europe,Poland,Poland,1971-1995,5957,politician,publisher
http://www.wikidata.org/entity/Q44589956,Bruce G. Link,1949,male,Denver,POINT (-104.984722 39.739167),Northern America,United States,United States Can.,1971-1995,13178,university-teacher,education
http://www.wikidata.org/entity/Q44640710,Daniel Friedmann,1944,male,Grenoble,POINT (5.726389 45.186944),Western Europe,France,France,1971-1995,13184,other,publisher
http://www.wikidata.org/entity/Q4477132,Mark Urnov,1947,male,Moscow,POINT (37.6175 55.750556),European Russia,Russian Federation,Russian Federation,1971-1995,13189,political-scientist,education
http://www.wikidata.org/entity/Q447723,Jacques Wallage,1946,male,Apeldoorn,POINT (5.95 52.2167),Western Europe,Netherlands,Belgium Netherl.,1971-1995,13190,university-teacher,university
http://www.wikidata.org/entity/Q447776,Ignacio Ramonet,1943,male,Redondela,POINT (-8.6 42.283333),Southern Europe,Spain,Spain Port.,1971-1995,13191,writer,newspaper
http://www.wikidata.org/entity/Q4481553,Elmara Faustova,1941,female,Yavas,POINT (42.85 54.416667),European Russia,Russian Federation,Russian Federation,1971-1995,13196,writer,publisher
http://www.wikidata.org/entity/Q448913,Lena Kolarska-Bobińska,1947,female,Prague,POINT (14.421389 50.0875),Eastern Europe,Czechia,Czechia,1971-1995,13201,university-teacher,publisher
http://www.wikidata.org/entity/Q12018972,Hana Librová,1943,female,Brno,POINT (16.608333 49.195278),Eastern Europe,Czechia,Czechia,1971-1995,6206,university-teacher,publisher
http://www.wikidata.org/entity/Q3838150,Luca Giuliano,1947,male,Rivalta Bormida,POINT (8.552778 44.710833),Southern Europe,Italy,Italy,1971-1995,12719,university-teacher,organization
http://www.wikidata.org/entity/Q3838255,Luca Ricolfi,1950,male,Turin,POINT (7.676111 45.079167),Southern Europe,Italy,Italy,1971-1995,12720,university-teacher,publisher
http://www.wikidata.org/entity/Q1215723,Roberto Pazzi,1946,male,Ameglia,POINT (9.957542 44.067264),Southern Europe,Italy,Italy,1971-1995,6367,university-teacher,publisher
http://www.wikidata.org/entity/Q3839817,Luigi Manconi,1948,male,Sassari,POINT (8.559167 40.726667),Southern Europe,Italy,Italy,1971-1995,12724,politician,publisher
http://www.wikidata.org/entity/Q3846415,Marco Revelli,1947,male,Cuneo,POINT (7.55 44.383333),Southern Europe,Italy,Italy,1971-1995,12728,university-teacher,university
http://www.wikidata.org/entity/Q121707,Hans Peter Thurn,1943,male,Krefeld,POINT (6.566667 51.333333),Western Europe,Germany,Germany,1971-1995,6382,university-teacher,academy
http://www.wikidata.org/entity/Q3853889,Jonathan Dollimore,1948,male,Leighton Buzzard,POINT (-0.6617 51.9165),Northern Europe,United Kingdom,United Kingdom,1971-1995,12737,other,education
http://www.wikidata.org/entity/Q12123813,Nikolaj Mihalʹčenko,1942,male,Kosici,POINT (32.23 52.97083),European Russia,Russian Federation,Russian Federation,1971-1995,6337,university-teacher,education
http://www.wikidata.org/entity/Q3852952,Mauro Wolf,1947,male,Trento,POINT (11.116667 46.066667),Southern Europe,Italy,Italy,1971-1995,12736,university-teacher,publisher
http://www.wikidata.org/entity/Q121222,Helmut Willke,1945,male,Tailfingen,POINT (9.016667 48.256945),Western Europe,Germany,Germany,1971-1995,6335,university-teacher,publisher
http://www.wikidata.org/entity/Q38222385,Pierre Dubois,1944,male,Tourcoing,POINT (3.160278 50.7225),Western Europe,France,France,1971-1995,12702,other,publisher
http://www.wikidata.org/entity/Q12260477,Jokin Apalategi,1943,male,Ataun,POINT (-2.181277 42.978104),Southern Europe,Spain,Spain Port.,1971-1995,6430,university-teacher,publisher
http://www.wikidata.org/entity/Q3749286,Franca Bimbi,1947,female,Castelfiorentino,POINT (10.97 43.610833),Southern Europe,Italy,Italy,1971-1995,12656,university-teacher,university
http://www.wikidata.org/entity/Q3750070,Francesco Gnerre,1944,male,Santa Paolina,POINT (14.848055 41.022778),Southern Europe,Italy,Italy,1971-1995,12657,other,university
http://www.wikidata.org/entity/Q3751342,Franco Garelli,1945,male,Bra,POINT (7.85 44.7),Southern Europe,Italy,Italy,1971-1995,12661,university-teacher,publisher
http://www.wikidata.org/entity/Q375492,Alain Caillé,1944,male,Paris,POINT (2.352222 48.856667),Western Europe,France,France,1971-1995,12667,university-teacher,university
http://www.wikidata.org/entity/Q376066,Christine Delphy,1941,female,14th arrondissement of Paris,POINT (2.326889 48.833022),Western Europe,France,France,1971-1995,12672,other,publisher
http://www.wikidata.org/entity/Q1223876,Dietrich Kessel,1941,male,Darmstadt,POINT (8.65 49.866667),Western Europe,Germany,Germany,1971-1995,6417,politician,agency
http://www.wikidata.org/entity/Q3766254,György Csepeli,1946,male,Budapest,POINT (19.040833 47.498333),Eastern Europe,Hungary,Austria Hungary,1971-1995,12681,university-teacher,university
http://www.wikidata.org/entity/Q1222582,Dieter Otten,1943,male,Eltville am Rhein,POINT (8.120069 50.025),Western Europe,Germany,Germany,1971-1995,6410,university-teacher,university
http://www.wikidata.org/entity/Q3779192,Guido Bolaffi,1946,male,Rome,POINT (12.482778 41.893056),Southern Europe,Italy,Italy,1971-1995,12685,journalist,enterprise
http://www.wikidata.org/entity/Q1221996,Dieter Goetze,1942,male,Barcelona,POINT (2.176944 41.3825),Southern Europe,Spain,Spain Port.,1971-1995,6404,university-teacher,university
http://www.wikidata.org/entity/Q121147553,Ferenc Vidra Szabó,1948,male,Jászberény,POINT (19.916667 47.5),Eastern Europe,Hungary,Austria Hungary,1971-1995,6329,writer,organization
http://www.wikidata.org/entity/Q4146043,Mikhail Gorshkov,1950,male,Moscow,POINT (37.6175 55.750556),European Russia,Russian Federation,Russian Federation,1971-1995,12883,other,institute
http://www.wikidata.org/entity/Q4166146,Daniil Dondurey,1947,male,Ulyanovsk,POINT (48.366667 54.316667),European Russia,Russian Federation,Russian Federation,1971-1995,12910,other,institute
http://www.wikidata.org/entity/Q4181347,Vasily Zhukov,1947,male,Verkhnesmorodino,POINT (36.21382 52.204941),European Russia,Russian Federation,Russian Federation,1971-1995,12938,historian,institution
http://www.wikidata.org/entity/Q4085906,Svetlana Bestuzheva,1950,female,Moscow,POINT (37.6175 55.750556),European Russia,Russian Federation,Russian Federation,1971-1995,12849,writer,education
http://www.wikidata.org/entity/Q3932754,Renato Pigliacampo,1948,male,Recanati,POINT (13.55253 43.39855),Southern Europe,Italy,Italy,1971-1995,12775,university-teacher,university
http://www.wikidata.org/entity/Q3934803,Richard James Gelles,1946,male,Newton,POINT (-71.209722 42.336944),Northern America,United States,United States Can.,1971-1995,12776,university-teacher,education
http://www.wikidata.org/entity/Q3944641,Henryk Szlajfer,1947,male,Wrocław,POINT (17.0325 51.11),Eastern Europe,Poland,Poland,1971-1995,12786,university-teacher,education
http://www.wikidata.org/entity/Q39891687,Ewa Morawska,1949,female,Kraków,POINT (19.937222 50.061389),Eastern Europe,Poland,Poland,1971-1995,12796,university-teacher,education
http://www.wikidata.org/entity/Q4003398,Umberto Galimberti,1942,male,Monza,POINT (9.273611 45.583611),Southern Europe,Italy,Italy,1971-1995,12804,university-teacher,university
http://www.wikidata.org/entity/Q120638730,Franca Alacevich,1950,female,Genoa,POINT (8.933983 44.407186),Southern Europe,Italy,Italy,1971-1995,6276,university-teacher,GLAM
http://www.wikidata.org/entity/Q56284534,Jacques Guigou,1941,male,Guéret,POINT (1.868333 46.170556),Western Europe,France,France,1971-1995,14495,other,publisher
http://www.wikidata.org/entity/Q5992185,Manuel Antonio Garretón,1943,male,Santiago,POINT (-70.65 -33.4375),South America,Chile,South America,1971-1995,15180,writer,publisher
http://www.wikidata.org/entity/Q91109,Henning Eichberg,1942,male,Świdnica,POINT (16.48859 50.84378),Eastern Europe,Poland,Poland,1971-1995,17417,university-teacher,organization
http://www.wikidata.org/entity/Q9139643,Adam Halamski,1949,male,Będzin,POINT (19.133333 50.325),Eastern Europe,Poland,Poland,1971-1995,17433,researcher,other
http://www.wikidata.org/entity/Q108940,Siegwart Lindenberg,1941,male,Munich,POINT (11.575 48.1375),Western Europe,Germany,Germany,1971-1995,931,university-teacher,university
http://www.wikidata.org/entity/Q9157436,Antoni Sułek,1945,male,"Barłogi, Lublin Voivodeship",POINT (22.20026 51.42574),Eastern Europe,Poland,Poland,1971-1995,17476,university-teacher,university
http://www.wikidata.org/entity/Q9179828,Bronisław Misztal,1946,male,Łódź,POINT (19.466667 51.75),Eastern Europe,Poland,Poland,1971-1995,17499,university-teacher,education
http://www.wikidata.org/entity/Q108806228,Maria Caterina Federici,1950,female,Amelia,POINT (12.411985 42.558862),Southern Europe,Italy,Italy,1971-1995,899,university-teacher,publisher
http://www.wikidata.org/entity/Q888009,Bob Jessop,1946,male,England,POINT (-1 53),Northern Europe,United Kingdom,United Kingdom,1971-1995,17280,university-teacher,education
http://www.wikidata.org/entity/Q109448490,Sandro Bernardini,1947,male,Rome,POINT (12.482778 41.893056),Southern Europe,Italy,Italy,1971-1995,992,university-teacher,organization
http://www.wikidata.org/entity/Q10938576,Hilda Herzer,1942,female,Buenos Aires,POINT (-58.381944 -34.599722),South America,Argentina,South America,1971-1995,983,other,publisher
http://www.wikidata.org/entity/Q109379226,Bennetta Jules-Rosette,1948,female,"Washington, D.C.",POINT (-77.036667 38.895),Northern America,United States,United States Can.,1971-1995,975,university-teacher,education
http://www.wikidata.org/entity/Q8962082,Fortunato Mallimaci,1950,male,Punta Alta,POINT (-62.075 -38.88),South America,Argentina,South America,1971-1995,17330,university-teacher,publisher
http://www.wikidata.org/entity/Q8962406,Francisco Javier Elzo,1942,male,Beasain,POINT (-2.203287 43.047327),Southern Europe,Spain,Spain Port.,1971-1995,17331,writer,publisher
http://www.wikidata.org/entity/Q109367467,Alan Aldridge,1947,male,United Kingdom,POINT (-2 54.6),Northern Europe,United Kingdom,United Kingdom,1971-1995,973,university-teacher,education
http://www.wikidata.org/entity/Q89990,Rodrigo Jokisch,1949,male,Neumünster,POINT (9.99 54.071389),Western Europe,Germany,Germany,1971-1995,17360,university-teacher,publisher
http://www.wikidata.org/entity/Q9009149,Inés Alberdi,1948,female,Seville,POINT (-5.995555 37.388611),Southern Europe,Spain,Spain Port.,1971-1995,17363,university-teacher,publisher
http://www.wikidata.org/entity/Q9025490,Luiz Felipe Lampreia,1941,male,Rio de Janeiro,POINT (-43.205555 -22.911111),South America,Brazil,South America,1971-1995,17372,university-teacher,education
http://www.wikidata.org/entity/Q90409167,Rose-Marie Lagrave,1944,female,Normandy,POINT (-0.436644 49.122339),Western Europe,France,France,1971-1995,17381,university-teacher,institute
http://www.wikidata.org/entity/Q9058204,Masahiro Wakabayashi,1949,male,Nagano,POINT (138.194694 36.648667),Eastern Asia,Japan,Japan,1971-1995,17390,university-teacher,education
http://www.wikidata.org/entity/Q108422701,Francis Van Loon,1949,male,Essen,POINT (4.47 51.467778),Western Europe,Belgium,Belgium Netherl.,1971-1995,826,university-teacher,education
http://www.wikidata.org/entity/Q93287499,Gabriel Dussault,1943,male,Montreal,POINT (-73.586841 45.503343),Northern America,Canada,United States Can.,1971-1995,17708,university-teacher,publisher
http://www.wikidata.org/entity/Q93432132,Joaquim Sempere,1941,male,Barcelona,POINT (2.176944 41.3825),Southern Europe,Spain,Spain Port.,1971-1995,17762,university-teacher,education
http://www.wikidata.org/entity/Q9367670,Uladzimir Adaszkevich,1949,male,Kazloŭščyna,POINT (25.964722 54.213611),Eastern Europe,Belarus,Baltic States Fin. Belar.,1971-1995,17794,politician,enterprise
http://www.wikidata.org/entity/Q9370713,Walter Żelazny,1950,male,Rzeszów,POINT (21.998889 50.041111),Eastern Europe,Poland,Poland,1971-1995,17797,university-teacher,publisher
http://www.wikidata.org/entity/Q9374112,Wiktor Osiatyński,1945,male,Białystok,POINT (23.168673 53.132356),Eastern Europe,Poland,Poland,1971-1995,17806,writer,education
http://www.wikidata.org/entity/Q9376844,Wojciech Sitek,1945,male,Częstochowa,POINT (19.12217 50.80964),Eastern Europe,Poland,Poland,1971-1995,17812,university-teacher,publisher
http://www.wikidata.org/entity/Q932517,Paul Willis,1945,male,Wolverhampton,POINT (-2.125278 52.584167),Northern Europe,United Kingdom,United Kingdom,1971-1995,17683,university-teacher,education
http://www.wikidata.org/entity/Q93250616,Fabrizio Battistelli,1948,male,Rome,POINT (12.482778 41.893056),Southern Europe,Italy,Italy,1971-1995,17678,university-teacher,organization
http://www.wikidata.org/entity/Q92455,Klaus Theweleit,1942,male,Nesterov,POINT (22.566667 54.633333),European Russia,Russian Federation,Russian Federation,1971-1995,17538,university-teacher,publisher
http://www.wikidata.org/entity/Q927887,Howard Newby,1947,male,Derby,POINT (-1.476667 52.921667),Northern Europe,United Kingdom,United Kingdom,1971-1995,17559,university-teacher,education
http://www.wikidata.org/entity/Q9281964,Grzegorz Matuszak,1941,male,Łódź,POINT (19.466667 51.75),Eastern Europe,Poland,Poland,1971-1995,17561,university-teacher,publisher
http://www.wikidata.org/entity/Q928356,Miroslav Tuđman,1946,male,Belgrade,POINT (20.456944 44.817778),Southern Europe,Serbia,Central Europe,1971-1995,17562,university-teacher,publisher
http://www.wikidata.org/entity/Q928571,Erik Olin Wright,1947,male,Berkeley,POINT (-122.268056 37.870278),Northern America,United States,United States Can.,1971-1995,17564,university-teacher,education
http://www.wikidata.org/entity/Q108650066,Michele Colasanto,1941,male,Milan,POINT (9.19 45.466944),Southern Europe,Italy,Italy,1971-1995,865,university-teacher,university
http://www.wikidata.org/entity/Q9311348,Roch Sulima,1942,male,Lipa-Miklas,POINT (21.608333 51.1525),Eastern Europe,Poland,Poland,1971-1995,17583,university-teacher,university
http://www.wikidata.org/entity/Q93221104,Leonardo Cannavò,1950,male,Rome,POINT (12.482778 41.893056),Southern Europe,Italy,Italy,1971-1995,17592,university-teacher,organization
http://www.wikidata.org/entity/Q1085958,Christoph Stölzl,1944,male,Westheim,POINT (10.8133 48.3837),Western Europe,Germany,Germany,1971-1995,856,university-teacher,publisher
http://www.wikidata.org/entity/Q88663092,Linda K. George,1947,female,Wadsworth,POINT (-81.7297 41.0278),Northern America,United States,United States Can.,1971-1995,17274,other,education
http://www.wikidata.org/entity/Q88557841,Sylva Bártlová,1950,female,Brno,POINT (16.608333 49.195278),Eastern Europe,Czechia,Czechia,1971-1995,17268,university-teacher,publisher
http://www.wikidata.org/entity/Q110515213,Ғайсин Фәрит Әхмәт улы,1942,male,Aptrakovo,POINT (56.1639 52.8925),European Russia,Russian Federation,Russian Federation,1971-1995,1215,teacher,education
http://www.wikidata.org/entity/Q8045757,Y. Michal Bodemann,1944,male,Allgäu,POINT (10.192567 47.539456),Western Europe,Germany,Germany,1971-1995,16949,university-teacher,university
http://www.wikidata.org/entity/Q110310913,Licia do Prado Valladares,1946,female,Salvador,POINT (-38.492778 -12.983056),South America,Brazil,South America,1971-1995,1185,professor,education
http://www.wikidata.org/entity/Q813156,Beate Krais,1944,female,Leipzig,POINT (12.374733 51.340632),Western Europe,Germany,Germany,1971-1995,16974,university-teacher,university
http://www.wikidata.org/entity/Q7541149,Slobodan Inić,1946,male,Zrenjanin,POINT (20.386111 45.377778),Southern Europe,Serbia,Central Europe,1971-1995,16702,politician,publisher
http://www.wikidata.org/entity/Q7609640,Stephen K. Sanderson,1945,male,Springfield,POINT (-93.286111 37.195),Northern America,United States,United States Can.,1971-1995,16731,university-teacher,education
http://www.wikidata.org/entity/Q763107,Rodolfo Enrique Fogwill,1941,male,Quilmes,POINT (-58.266667 -34.716667),South America,Argentina,South America,1971-1995,16751,university-teacher,publisher
http://www.wikidata.org/entity/Q76688,Hans-Hermann Hoppe,1949,male,Peine,POINT (10.233611 52.320278),Western Europe,Germany,Germany,1971-1995,16776,university-teacher,education
http://www.wikidata.org/entity/Q76844,Ulrich Beck,1944,male,Słupsk,POINT (17.033333 54.466667),Eastern Europe,Poland,Poland,1971-1995,16786,university-teacher,education
http://www.wikidata.org/entity/Q823555,Bernd Hamm,1945,male,Groß-Gerau,POINT (8.481806 49.921389),Western Europe,Germany,Germany,1971-1995,16992,university-teacher,university
http://www.wikidata.org/entity/Q865223,Birgit Geissler,1949,female,Tann,POINT (10.016667 50.65),Western Europe,Germany,Germany,1971-1995,17180,university-teacher,publisher
http://www.wikidata.org/entity/Q86630,Ronald Daus,1943,male,Hanover,POINT (9.738611 52.374444),Western Europe,Germany,Germany,1971-1995,17181,university-teacher,publisher
http://www.wikidata.org/entity/Q86829,Josef Weidenholzer,1950,male,Sankt Florian am Inn,POINT (13.6 48.433333),Western Europe,Austria,Austria Hungary,1971-1995,17187,university-teacher,university
http://www.wikidata.org/entity/Q86891186,Rosamund Thorpe,1945,female,England,POINT (-1 53),Northern Europe,United Kingdom,United Kingdom,1971-1995,17191,other,publisher
http://www.wikidata.org/entity/Q109725,Karl-Siegbert Rehberg,1943,male,Aachen,POINT (6.083788 50.776207),Western Europe,Germany,Germany,1971-1995,1058,university-teacher,publisher
http://www.wikidata.org/entity/Q87092,Karin Knorr Cetina,1944,female,Graz,POINT (15.438611 47.070833),Western Europe,Austria,Austria Hungary,1971-1995,17195,university-teacher,education
http://www.wikidata.org/entity/Q87338232,Jens S. Dangschat,1948,male,Wiesbaden,POINT (8.24 50.0825),Western Europe,Germany,Germany,1971-1995,17203,university-teacher,institute
http://www.wikidata.org/entity/Q8245216,Beatriz Góis Dantas,1941,female,Lagarto,POINT (-37.65 -10.916945),South America,Brazil,South America,1971-1995,16996,writer,education
http://www.wikidata.org/entity/Q824719,Bernhard Badura,1943,male,Opole,POINT (17.924167 50.666667),Eastern Europe,Poland,Poland,1971-1995,16998,university-teacher,publisher
http://www.wikidata.org/entity/Q824857,Bernhard Claußen,1948,male,Hamburg,POINT (10 53.55),Western Europe,Germany,Germany,1971-1995,16999,university-teacher,university
http://www.wikidata.org/entity/Q825669,Bernhard Nauck,1945,male,Hildesheim,POINT (9.95 52.15),Western Europe,Germany,Germany,1971-1995,17003,university-teacher,publisher
http://www.wikidata.org/entity/Q109876798,John Orr,1943,male,Gillingham,POINT (0.5498 51.3792),Northern Europe,United Kingdom,United Kingdom,1971-1995,1112,university-teacher,publisher
http://www.wikidata.org/entity/Q109557919,Lygia Sigaud,1945,female,Rio de Janeiro,POINT (-43.205555 -22.911111),South America,Brazil,South America,1971-1995,1029,anthropologist,institute
http://www.wikidata.org/entity/Q109863,Wilhelm Heitmeyer,1945,male,Nettelstedt,POINT (8.7 52.3),Western Europe,Germany,Germany,1971-1995,1109,university-teacher,publisher
http://www.wikidata.org/entity/Q1097925,Claudia von Werlhof,1943,female,Stahnsdorf,POINT (13.21221 52.381339),Western Europe,Germany,Germany,1971-1995,1093,university-teacher,university
http://www.wikidata.org/entity/Q85518580,Gilles Houle,1947,male,Drummondville,POINT (-72.483333 45.883333),Northern America,Canada,United States Can.,1971-1995,17127,university-teacher,organization
http://www.wikidata.org/entity/Q85521,Elisabeth Beck-Gernsheim,1946,female,Freiburg im Breisgau,POINT (7.85 47.995),Western Europe,Germany,Germany,1971-1995,17129,university-teacher,organization
http://www.wikidata.org/entity/Q107745,Gerhard Stapelfeldt,1947,male,Hamburg,POINT (10 53.55),Western Europe,Germany,Germany,1971-1995,762,university-teacher,university
http://www.wikidata.org/entity/Q10333245,Muniz Sodré,1942,male,São Gonçalo dos Campos,POINT (-38.966944 -12.432778),South America,Brazil,South America,1971-1995,222,journalist,publisher
http://www.wikidata.org/entity/Q10325884,Maria Helena Guimarães de Castro,1946,female,Presidente Prudente,POINT (-51.388889 -22.125833),South America,Brazil,South America,1971-1995,208,teacher,publisher
http://www.wikidata.org/entity/Q10324025,Manuel Braga da Cruz,1946,male,Braga,POINT (-8.416667 41.533333),Southern Europe,Portugal,Spain Port.,1971-1995,204,university-teacher,university
http://www.wikidata.org/entity/Q1030404,David P. Farrington,1944,male,Ormskirk,POINT (-2.8869 53.5665),Northern Europe,United Kingdom,United Kingdom,1971-1995,177,university-teacher,education
http://www.wikidata.org/entity/Q104052848,Loredana Sciolla,1947,female,Turin,POINT (7.676111 45.079167),Southern Europe,Italy,Italy,1971-1995,275,university-teacher,publisher
http://www.wikidata.org/entity/Q10370239,Sergio Miceli,1945,male,Rio de Janeiro,POINT (-43.205555 -22.911111),South America,Brazil,South America,1971-1995,246,university-teacher,publisher
http://www.wikidata.org/entity/Q103680,Bernhard Mann,1950,male,Stuttgart,POINT (9.18 48.7775),Western Europe,Germany,Germany,1971-1995,244,university-teacher,education
http://www.wikidata.org/entity/Q960310,Jerzy Bahr,1944,male,Kraków,POINT (19.937222 50.061389),Eastern Europe,Poland,Poland,1971-1995,18751,university-teacher,institute
http://www.wikidata.org/entity/Q962030,Robert Groves,1948,male,Kansas City,POINT (-94.583333 39.05),Northern America,United States,United States Can.,1971-1995,18768,other,education
http://www.wikidata.org/entity/Q101242607,Lalo Leal,1948,male,Santos,POINT (-46.32864 -23.933599),South America,Brazil,South America,1971-1995,84,university-teacher,education
http://www.wikidata.org/entity/Q98113098,Sjoerd Karsten,1949,male,Rotterdam,POINT (4.48 51.92),Western Europe,Netherlands,Belgium Netherl.,1971-1995,18916,writer,institute
http://www.wikidata.org/entity/Q101102856,Detlef Garz,1949,male,Bermbach,POINT (10.595833 50.6775),Western Europe,Germany,Germany,1971-1995,78,other,publisher
http://www.wikidata.org/entity/Q98304,Gunther Teubner,1944,male,Herrnhut,POINT (14.741667 51.016667),Western Europe,Germany,Germany,1971-1995,18931,university-teacher,agency
http://www.wikidata.org/entity/Q100415916,Gerlinde Mehlhorn,1942,female,Gera,POINT (12.08242 50.87818),Western Europe,Germany,Germany,1971-1995,25,psychologist,publisher
http://www.wikidata.org/entity/Q100328765,Fátima Patriarca,1944,female,Couço,POINT (-8.27199 38.93604),Southern Europe,Portugal,Spain Port.,1971-1995,18,university-teacher,education
http://www.wikidata.org/entity/Q993340,Bruno Hildenbrand,1948,male,Oberkirch,POINT (8.078611 48.532222),Western Europe,Germany,Germany,1971-1995,18998,university-teacher,university
http://www.wikidata.org/entity/Q99514757,Bernardo Valli,1948,male,Urbino,POINT (12.6372 43.725239),Southern Europe,Italy,Italy,1971-1995,19009,university-teacher,publisher
http://www.wikidata.org/entity/Q1000348,Rainer Neu,1950,male,Wesel,POINT (6.617778 51.658611),Western Europe,Germany,Germany,1971-1995,2,university-teacher,university
http://www.wikidata.org/entity/Q977425,Manning Marable,1950,male,Dayton,POINT (-84.2 39.766667),Northern America,United States,United States Can.,1971-1995,18893,university-teacher,education
http://www.wikidata.org/entity/Q976109,Gerd Günter Voß,1950,male,Setterich,POINT (6.201944 50.921667),Western Europe,Germany,Germany,1971-1995,18882,university-teacher,university
http://www.wikidata.org/entity/Q10263971,Daniel Lins,1943,male,Canhotinho,POINT (-36.190833 -8.881944),South America,Brazil,South America,1971-1995,151,writer,education
http://www.wikidata.org/entity/Q962698,Howard Rheingold,1947,male,Phoenix,POINT (-112.073889 33.448333),Northern America,United States,United States Can.,1971-1995,18777,writer,education
http://www.wikidata.org/entity/Q963920,Warren Farrell,1943,male,Queens,POINT (-73.828055 40.713611),Northern America,United States,United States Can.,1971-1995,18783,writer,university
http://www.wikidata.org/entity/Q96762458,Endre Sik,1948,male,Budapest,POINT (19.040833 47.498333),Eastern Europe,Hungary,Austria Hungary,1971-1995,18804,economist,institute
http://www.wikidata.org/entity/Q96792,Gunnar Heinsohn,1943,male,Gdynia,POINT (18.54 54.5175),Eastern Europe,Poland,Poland,1971-1995,18808,university-teacher,university
http://www.wikidata.org/entity/Q971600,Franco Moretti,1950,male,Sondrio,POINT (9.87 46.16972),Southern Europe,Italy,Italy,1971-1995,18838,university-teacher,education
http://www.wikidata.org/entity/Q972233,Abram de Swaan,1942,male,Amsterdam,POINT (4.883333 52.366667),Western Europe,Netherlands,Belgium Netherl.,1971-1995,18852,university-teacher,institute
http://www.wikidata.org/entity/Q97274220,Elżbieta Watanabe,1948,female,Pabianice,POINT (19.35 51.664167),Eastern Europe,Poland,Poland,1971-1995,18856,university-teacher,publisher
http://www.wikidata.org/entity/Q97369408,Uliana Vinokurova,1947,female,Байдинский наслег,POINT (153.646975 67.585749),Asiatic Russia,Russian Federation,Russian Federation,1971-1995,18864,psychologist,education
http://www.wikidata.org/entity/Q97523,Joseph Huber,1948,male,Mannheim,POINT (8.466111 49.487778),Western Europe,Germany,Germany,1971-1995,18876,university-teacher,university
http://www.wikidata.org/entity/Q95317269,Jakob Rösel,1948,male,Mainz,POINT (8.273611 49.999444),Western Europe,Germany,Germany,1971-1995,18459,political-scientist,school
http://www.wikidata.org/entity/Q1044177,Carol Hagemann-White,1942,female,United States,POINT (-98.5795 39.828175),Northern America,United States,United States Can.,1971-1995,296,university-teacher,publisher
http://www.wikidata.org/entity/Q95086506,Oleg Suša,1947,male,Prague,POINT (14.421389 50.0875),Eastern Europe,Czechia,Czechia,1971-1995,17999,philosopher,institute
http://www.wikidata.org/entity/Q106261,Song Du-yul,1944,male,Tokyo,POINT (139.691667 35.689444),Eastern Asia,Japan,Japan,1971-1995,536,university-teacher,agency
http://www.wikidata.org/entity/Q106161,Dirk Kaesler,1944,male,Wiesbaden,POINT (8.24 50.0825),Western Europe,Germany,Germany,1971-1995,523,university-teacher,university
http://www.wikidata.org/entity/Q106547154,Laura Bovone,1946,female,Genoa,POINT (8.933983 44.407186),Southern Europe,Italy,Italy,1971-1995,580,university-teacher,university
http://www.wikidata.org/entity/Q1065595,Charles Murray,1943,male,Newton,POINT (-93.046944 41.698611),Northern America,United States,United States Can.,1971-1995,583,writer,organization
http://www.wikidata.org/entity/Q106563980,Pierre Roberge,1944,male,Lévis,POINT (-71.1833 46.8),Northern America,Canada,United States Can.,1971-1995,584,researcher,publisher
http://www.wikidata.org/entity/Q107488163,Don Dillman,1941,male,Lucas County,POINT (-93.328333 41.026111),Northern America,United States,United States Can.,1971-1995,736,university-teacher,education
http://www.wikidata.org/entity/Q942492,Lev Gudkov,1946,male,Moscow,POINT (37.6175 55.750556),European Russia,Russian Federation,Russian Federation,1971-1995,17852,university-teacher,publisher
http://www.wikidata.org/entity/Q943311,Randall Collins,1941,male,Knoxville,POINT (-83.923333 35.961667),Northern America,United States,United States Can.,1971-1995,17854,university-teacher,education
http://www.wikidata.org/entity/Q107315601,Piotr Hübner,1944,male,Warsaw,POINT (21.011111 52.23),Eastern Europe,Poland,Poland,1971-1995,712,university-teacher,publisher
http://www.wikidata.org/entity/Q107140732,Francesco Paolo Cerase,1941,male,Foggia,POINT (15.55188 41.45845),Southern Europe,Italy,Italy,1971-1995,681,university-teacher,publisher
http://www.wikidata.org/entity/Q105972499,Ванда Іванаўна Русецкая,1945,female,Toruń,POINT (18.6014 53.0144),Eastern Europe,Poland,Poland,1971-1995,503,scientist,institute
http://www.wikidata.org/entity/Q75238,Heinz Dieterich,1943,male,Rotenburg an der Wümme,POINT (9.410833 53.111389),Western Europe,Germany,Germany,1971-1995,16698,university-teacher,publisher
http://www.wikidata.org/entity/Q105945764,Maria Immacolata Macioti,1942,female,Rome,POINT (12.482778 41.893056),Southern Europe,Italy,Italy,1971-1995,498,university-teacher,organization
http://www.wikidata.org/entity/Q105028,Christoph Deutschmann,1946,male,Stuttgart,POINT (9.18 48.7775),Western Europe,Germany,Germany,1971-1995,370,university-teacher,publisher
http://www.wikidata.org/entity/Q104532419,David Thorns,1943,male,County Durham,POINT (-1.833333 54.666667),Northern Europe,United Kingdom,United Kingdom,1971-1995,314,other,education
http://www.wikidata.org/entity/Q105741,Heiner Keupp,1943,male,Kulmbach,POINT (11.455556 50.108055),Western Europe,Germany,Germany,1971-1995,458,university-teacher,university
http://www.wikidata.org/entity/Q105620824,Domenico Secondulfo,1950,male,Ravenna,POINT (12.201667 44.416111),Southern Europe,Italy,Italy,1971-1995,432,university-teacher,publisher
http://www.wikidata.org/entity/Q105087554,Endre J. Nagy,1941,male,Ózd,POINT (20.286944 48.219167),Eastern Europe,Hungary,Austria Hungary,1971-1995,375,university-teacher,university
http://www.wikidata.org/entity/Q112999715,Christa Wichterich,1949,female,Brühl,POINT (6.9 50.833333),Western Europe,Germany,Germany,1971-1995,4261,other,publisher
http://www.wikidata.org/entity/Q6053015,Orlandina de Oliveira,1943,female,Araguari,POINT (-48.186944 -18.648889),South America,Brazil,South America,1971-1995,15270,teacher,publisher
http://www.wikidata.org/entity/Q112873,Roland Girtler,1941,male,Ottakring,POINT (16.3106 48.2125),Western Europe,Austria,Austria Hungary,1971-1995,4244,university-teacher,university
http://www.wikidata.org/entity/Q112681337,Roy L. Moore,1947,male,Hazard,POINT (-83.195 37.2486),Northern America,United States,United States Can.,1971-1995,4232,university-teacher,education
http://www.wikidata.org/entity/Q60735,Axel Honneth,1949,male,Essen,POINT (7.013055 51.450833),Western Europe,Germany,Germany,1971-1995,15306,university-teacher,education
http://www.wikidata.org/entity/Q112671,Peter Flora,1944,male,Innsbruck,POINT (11.393333 47.268333),Western Europe,Austria,Austria Hungary,1971-1995,4228,university-teacher,university
http://www.wikidata.org/entity/Q60828399,Ernest Udina i Abelló,1941,male,Barcelona,POINT (2.176944 41.3825),Southern Europe,Spain,Spain Port.,1971-1995,15320,journalist,publisher
http://www.wikidata.org/entity/Q60829055,María Ángeles López Jiménez,1945,female,Pamplona,POINT (-1.65 42.816667),Southern Europe,Spain,Spain Port.,1971-1995,15321,university-teacher,publisher
http://www.wikidata.org/entity/Q6015496,Miguel Ángel Almodóvar,1950,male,Madrid,POINT (-3.703333 40.416944),Southern Europe,Spain,Spain Port.,1971-1995,15219,writer,organization
http://www.wikidata.org/entity/Q597248,Silvia Federici,1942,female,Parma,POINT (10.328 44.801472),Southern Europe,Italy,Italy,1971-1995,15141,university-teacher,education
http://www.wikidata.org/entity/Q5979729,Roger Matthews,1948,male,Kilburn,POINT (-0.2039 51.5366),Northern Europe,United Kingdom,United Kingdom,1971-1995,15153,university-teacher,education
http://www.wikidata.org/entity/Q5982472,Ludolfo Paramio,1948,male,Madrid,POINT (-3.703333 40.416944),Southern Europe,Spain,Spain Port.,1971-1995,15158,journalist,publisher
http://www.wikidata.org/entity/Q113493769,Ian Carter,1943,male,Luton,POINT (-0.414722 51.878333),Northern Europe,United Kingdom,United Kingdom,1971-1995,4374,other,organization
http://www.wikidata.org/entity/Q113463,Gerhard Schulze,1944,male,Neustadt an der Aisch,POINT (10.608889 49.58),Western Europe,Germany,Germany,1971-1995,4369,university-teacher,institute
http://www.wikidata.org/entity/Q599878,Brunon Synak,1943,male,Podjazy,POINT (17.80708 54.28101),Eastern Europe,Poland,Poland,1971-1995,15189,university-teacher,publisher
http://www.wikidata.org/entity/Q113397441,Gail Kligman,1949,female,Philadelphia,POINT (-75.163611 39.952778),Northern America,United States,United States Can.,1971-1995,4306,university-teacher,education
http://www.wikidata.org/entity/Q6094637,Jerzy Sarnecki,1947,male,Poland,POINT (19 52),Eastern Europe,Poland,Poland,1971-1995,15342,university-teacher,education
http://www.wikidata.org/entity/Q6170456,Jean Comaroff,1946,female,Edinburgh,POINT (-3.189167 55.953333),Northern Europe,United Kingdom,United Kingdom,1971-1995,15484,university-teacher,education
http://www.wikidata.org/entity/Q6174804,Lawrence W. Sherman,1949,male,Schenectady,POINT (-73.929167 42.804167),Northern America,United States,United States Can.,1971-1995,15499,other,education
http://www.wikidata.org/entity/Q62274494,Catherine Paradeise,1946,female,Paris,POINT (2.352222 48.856667),Western Europe,France,France,1971-1995,15592,university-teacher,education
http://www.wikidata.org/entity/Q112521752,Pierfranco Malizia,1947,male,Rome,POINT (12.482778 41.893056),Southern Europe,Italy,Italy,1971-1995,3548,university-teacher,university
http://www.wikidata.org/entity/Q61000395,Maria Lygia Quartim de Moraes,1943,female,São Paulo,POINT (-46.633947 -23.550394),South America,Brazil,South America,1971-1995,15356,university-teacher,publisher
http://www.wikidata.org/entity/Q61126891,Janet Aviad,1943,female,Philadelphia,POINT (-75.163611 39.952778),Northern America,United States,United States Can.,1971-1995,15393,university-teacher,university
http://www.wikidata.org/entity/Q6121582,Jadwiga Staniszkis,1942,female,Warsaw,POINT (21.011111 52.23),Eastern Europe,Poland,Poland,1971-1995,15420,university-teacher,publisher
http://www.wikidata.org/entity/Q6130493,James Burk,1948,male,Baltimore,POINT (-76.615 39.286389),Northern America,United States,United States Can.,1971-1995,15429,university-teacher,education
http://www.wikidata.org/entity/Q6149590,Jan Nederveen Pieterse,1946,male,Amsterdam,POINT (4.883333 52.366667),Western Europe,Netherlands,Belgium Netherl.,1971-1995,15456,university-teacher,education
http://www.wikidata.org/entity/Q569738,Ansgar Weymann,1945,male,Ahlen,POINT (7.891111 51.763333),Western Europe,Germany,Germany,1971-1995,14613,university-teacher,university
http://www.wikidata.org/entity/Q5698828,Antonio Lucas Marín,1945,male,Cieza,POINT (-1.418973 38.239122),Southern Europe,Spain,Spain Port.,1971-1995,14616,university-teacher,publisher
http://www.wikidata.org/entity/Q5726079,Benjamín González Rodríguez,1947,male,Santa Colomba de Sanabria,POINT (-6.70981 42.0586),Southern Europe,Spain,Spain Port.,1971-1995,14649,writer,publisher
http://www.wikidata.org/entity/Q57305756,Ivo Colozzi,1948,male,Cesena,POINT (12.233333 44.133333),Southern Europe,Italy,Italy,1971-1995,14657,researcher,publisher
http://www.wikidata.org/entity/Q5761098,Hilary Wainwright,1949,female,United Kingdom,POINT (-2 54.6),Northern Europe,United Kingdom,United Kingdom,1971-1995,14705,journalist,education
http://www.wikidata.org/entity/Q113779889,Anny Bloch,1944,female,Vialas,POINT (3.895833 44.333611),Western Europe,France,France,1971-1995,4784,other,publisher
http://www.wikidata.org/entity/Q56641638,Ullica Segerstråle,1945,female,Finland,POINT (27 65),Northern Europe,Finland,Baltic States Fin. Belar.,1971-1995,14552,university-teacher,education
http://www.wikidata.org/entity/Q5668611,Harry Edwards,1942,male,East St. Louis,POINT (-90.1575 38.625),Northern America,United States,United States Can.,1971-1995,14567,university-teacher,education
http://www.wikidata.org/entity/Q113792590,Philip M. Kayal,1943,male,Brooklyn,POINT (-73.949722 40.650833),Northern America,United States,United States Can.,1971-1995,4930,professor,education
http://www.wikidata.org/entity/Q56757410,Dorothee Alfermann,1949,female,Bonn,POINT (7.102222 50.735278),Western Europe,Germany,Germany,1971-1995,14585,other,publisher
http://www.wikidata.org/entity/Q58068397,Cornelia Flora,1943,female,Santa Monica,POINT (-118.481389 34.021944),Northern America,United States,United States Can.,1971-1995,14767,university-teacher,education
http://www.wikidata.org/entity/Q59392319,Hynek Jeřábek,1949,male,Prague,POINT (14.421389 50.0875),Eastern Europe,Czechia,Czechia,1971-1995,14974,teacher,publisher
http://www.wikidata.org/entity/Q5940872,José Juan Toharia,1942,male,Madrid,POINT (-3.703333 40.416944),Southern Europe,Spain,Spain Port.,1971-1995,14978,university-teacher,publisher
http://www.wikidata.org/entity/Q594320,Mark S. Granovetter,1943,male,Jersey City,POINT (-74.06 40.71),Northern America,United States,United States Can.,1971-1995,14988,university-teacher,education
http://www.wikidata.org/entity/Q59467284,Jiří Večerník,1941,male,Jičín,POINT (15.351653 50.437045),Eastern Europe,Czechia,Czechia,1971-1995,14995,economist,publisher
http://www.wikidata.org/entity/Q5938451,José Bengoa,1945,male,Valparaíso,POINT (-71.619722 -33.046111),South America,Chile,South America,1971-1995,14970,writer,publisher
http://www.wikidata.org/entity/Q5815191,Tine Hribar,1941,male,Goričica pri Ihanu,POINT (14.628125 46.122125),Southern Europe,Slovenia,Central Europe,1971-1995,14783,philosopher,publisher
http://www.wikidata.org/entity/Q5831161,Emilio Lamo de Espinosa Michels de Champourcin,1946,male,Madrid,POINT (-3.703333 40.416944),Southern Europe,Spain,Spain Port.,1971-1995,14824,university-teacher,university
http://www.wikidata.org/entity/Q113775303,Reinhold Knoll,1941,male,Vienna,POINT (16.3725 48.208333),Western Europe,Austria,Austria Hungary,1971-1995,4716,university-teacher,university
http://www.wikidata.org/entity/Q587966,Anton Amann,1943,male,Immenstadt im Allgäu,POINT (10.216667 47.566667),Western Europe,Germany,Germany,1971-1995,14880,university-teacher,university
http://www.wikidata.org/entity/Q5902375,Horacio González,1944,male,Buenos Aires,POINT (-58.381944 -34.599722),South America,Argentina,South America,1971-1995,14908,university-teacher,publisher
http://www.wikidata.org/entity/Q591030,Christopher Chase-Dunn,1944,male,Corvallis,POINT (-123.275997 44.570781),Northern America,United States,United States Can.,1971-1995,14915,university-teacher,education
http://www.wikidata.org/entity/Q113769641,Ursula Boos-Nünning,1944,female,Zell im Fichtelgebirge,POINT (11.820833 50.133333),Western Europe,Germany,Germany,1971-1995,4651,university-teacher,university
http://www.wikidata.org/entity/Q6257096,John Scott,1949,male,London,POINT (-0.1275 51.507222),Northern Europe,United Kingdom,United Kingdom,1971-1995,15631,other,education
http://www.wikidata.org/entity/Q7037389,Nils Petter Gleditsch,1942,male,Surrey,POINT (-0.45 51.25),Northern Europe,United Kingdom,United Kingdom,1971-1995,16330,university-teacher,publisher
http://www.wikidata.org/entity/Q704638,Teun A. van Dijk,1943,male,Naaldwijk,POINT (4.2133 51.9936),Western Europe,Netherlands,Belgium Netherl.,1971-1995,16336,researcher,institute
http://www.wikidata.org/entity/Q7052308,Norman H. Nie,1943,male,St. Louis,POINT (-90.199444 38.626389),Northern America,United States,United States Can.,1971-1995,16344,other,education
http://www.wikidata.org/entity/Q70568594,Ugo Ascoli,1949,male,Ancona,POINT (13.516667 43.616667),Southern Europe,Italy,Italy,1971-1995,16351,university-teacher,organization
http://www.wikidata.org/entity/Q705911,José Ignacio Wert,1950,male,Madrid,POINT (-3.703333 40.416944),Southern Europe,Spain,Spain Port.,1971-1995,16352,politician,university
http://www.wikidata.org/entity/Q7071482,Néstor Perlongher,1949,male,Avellaneda,POINT (-58.367778 -34.6625),South America,Argentina,South America,1971-1995,16361,university-teacher,publisher
http://www.wikidata.org/entity/Q708736,Michel Wieviorka,1946,male,Paris,POINT (2.352222 48.856667),Western Europe,France,France,1971-1995,16373,writer,publisher
http://www.wikidata.org/entity/Q7166378,Pepper Schwartz,1945,female,Chicago,POINT (-87.627778 41.881944),Northern America,United States,United States Can.,1971-1995,16427,other,university
http://www.wikidata.org/entity/Q112419946,Kenneth Plummer,1946,male,Palmers Green,POINT (-0.1092 51.6178),Northern Europe,United Kingdom,United Kingdom,1971-1995,2117,university-teacher,education
http://www.wikidata.org/entity/Q679597,Moishe Postone,1942,male,Edmonton,POINT (-113.5 53.533333),Northern America,Canada,United States Can.,1971-1995,16224,political-scientist,education
http://www.wikidata.org/entity/Q112439310,Hanan Frenk,1947,male,Rotterdam,POINT (4.48 51.92),Western Europe,Netherlands,Belgium Netherl.,1971-1995,2307,psychologist,publisher
http://www.wikidata.org/entity/Q6834209,Michael Schudson,1946,male,Milwaukee,POINT (-87.95 43.05),Northern America,United States,United States Can.,1971-1995,16254,other,education
http://www.wikidata.org/entity/Q6848268,Mike Oliver,1945,male,Chatham,POINT (0.523333 51.381944),Northern Europe,United Kingdom,United Kingdom,1971-1995,16259,other,education
http://www.wikidata.org/entity/Q68906650,Rainer Müller,1941,male,Hagen,POINT (7.475 51.359444),Western Europe,Germany,Germany,1971-1995,16276,other,university
http://www.wikidata.org/entity/Q6903757,Gerald Cromer,1944,male,London,POINT (-0.1275 51.507222),Northern Europe,United Kingdom,United Kingdom,1971-1995,16280,university-teacher,publisher
http://www.wikidata.org/entity/Q6957644,Nadežda Čačinovič,1947,female,Budapest,POINT (19.040833 47.498333),Eastern Europe,Hungary,Austria Hungary,1971-1995,16305,university-teacher,publisher
http://www.wikidata.org/entity/Q717621,Arvydas Virgilijus Matulionis,1946,male,Kaunas,POINT (23.933333 54.9),Eastern Europe,Lithuania,Baltic States Fin. Belar.,1971-1995,16446,university-teacher,publisher
http://www.wikidata.org/entity/Q7343289,Robert D. Bullard,1946,male,Elba,POINT (-86.077442 31.417263),Northern America,United States,United States Can.,1971-1995,16577,university-teacher,education
http://www.wikidata.org/entity/Q7364712,Ronald C. Kessler,1947,male,Bristol,POINT (-74.85183 40.10067),Northern America,United States,United States Can.,1971-1995,16598,other,education
http://www.wikidata.org/entity/Q73796,Holger Michaelis,1942,male,Halle (Saale),POINT (11.969722 51.482778),Western Europe,Germany,Germany,1971-1995,16615,professor,publisher
http://www.wikidata.org/entity/Q7411662,Samuel Heilman,1946,male,Karlsruhe,POINT (8.4 49.016667),Western Europe,Germany,Germany,1971-1995,16638,university-teacher,education
http://www.wikidata.org/entity/Q7421552,Sara Arber,1949,female,Chingford,POINT (0.016 51.631),Northern Europe,United Kingdom,United Kingdom,1971-1995,16641,writer,education
http://www.wikidata.org/entity/Q74648646,Ludmila Fialova,1947,female,Havlíčkův Brod,POINT (15.580728 49.6079),Eastern Europe,Czechia,Czechia,1971-1995,16661,university-teacher,publisher
http://www.wikidata.org/entity/Q111902719,Sergio Manghi,1947,male,Parma,POINT (10.328 44.801472),Southern Europe,Italy,Italy,1971-1995,1473,university-teacher,publisher
http://www.wikidata.org/entity/Q7493417,Shelby Steele,1946,male,Chicago,POINT (-87.627778 41.881944),Northern America,United States,United States Can.,1971-1995,16671,writer,education
http://www.wikidata.org/entity/Q73300,Wolfgang Sachs,1946,male,Munich,POINT (11.575 48.1375),Western Europe,Germany,Germany,1971-1995,16560,university-teacher,organization
http://www.wikidata.org/entity/Q718057,Jeffrey Weeks,1945,male,Rhondda,POINT (-3.417522 51.615939),Northern Europe,United Kingdom,United Kingdom,1971-1995,16456,historian,education
http://www.wikidata.org/entity/Q72453,Hans Joas,1948,male,Munich,POINT (11.575 48.1375),Western Europe,Germany,Germany,1971-1995,16487,university-teacher,education
http://www.wikidata.org/entity/Q679516,Tomáš Halík,1948,male,Prague,POINT (14.421389 50.0875),Eastern Europe,Czechia,Czechia,1971-1995,16223,university-teacher,publisher
http://www.wikidata.org/entity/Q112360245,Bert Thinius,1949,male,Groß Pankow,POINT (12.051528 53.119111),Western Europe,Germany,Germany,1971-1995,1616,other,publisher
http://www.wikidata.org/entity/Q112347981,Zdenka Mansfeldová,1950,female,Tábor,POINT (14.657836 49.414485),Eastern Europe,Czechia,Czechia,1971-1995,1589,psychologist,publisher
http://www.wikidata.org/entity/Q73137036,Dale Wayne Tomich,1946,male,Wauwatosa,POINT (-88.026111 43.058889),Northern America,United States,United States Can.,1971-1995,16529,university-teacher,education
http://www.wikidata.org/entity/Q7325643,Richard Felson,1950,male,Cincinnati,POINT (-84.5125 39.1),Northern America,United States,United States Can.,1971-1995,16547,university-teacher,university
http://www.wikidata.org/entity/Q7327177,Richard L. Daft,1941,male,Nebraska,POINT (-100 41.5),Northern America,United States,United States Can.,1971-1995,16550,other,education
http://www.wikidata.org/entity/Q6779922,Mary Jo Bang,1946,female,Waynesville,POINT (-92.2136 37.8203),Northern America,United States,United States Can.,1971-1995,16207,writer,education
http://www.wikidata.org/entity/Q6381682,Kazuo Yamaguchi,1946,male,Tokyo,POINT (139.691667 35.689444),Eastern Asia,Japan,Japan,1971-1995,15772,other,education
http://www.wikidata.org/entity/Q63845183,Blanka Brzozowska,1950,female,Łódź,POINT (19.466667 51.75),Eastern Europe,Poland,Poland,1971-1995,15776,other,publisher
http://www.wikidata.org/entity/Q64149231,János Mátyás Kovács,1950,male,Budapest,POINT (19.040833 47.498333),Eastern Europe,Hungary,Austria Hungary,1971-1995,15815,university-teacher,education
http://www.wikidata.org/entity/Q6419881,Klaus G. Troitzsch,1946,male,Oberg,POINT (10.2492 52.2564),Western Europe,Germany,Germany,1971-1995,15817,university-teacher,university
http://www.wikidata.org/entity/Q64265597,Andrzej Radziewicz-Winnicki,1945,male,Bydgoszcz,POINT (18 53.116667),Eastern Europe,Poland,Poland,1971-1995,15822,other,organization
http://www.wikidata.org/entity/Q64392269,Ian Gough,1942,male,Hitchin,POINT (-0.283 51.947),Northern Europe,United Kingdom,United Kingdom,1971-1995,15833,university-teacher,education
http://www.wikidata.org/entity/Q64563664,Anna Kossowska,1943,female,Piaseczno,POINT (21.027089 52.074738),Eastern Europe,Poland,Poland,1971-1995,15846,other,organization
http://www.wikidata.org/entity/Q6376657,Kathleen Barry,1941,female,Syracuse,POINT (-76.144423 43.046899),Northern America,United States,United States Can.,1971-1995,15765,university-teacher,education
http://www.wikidata.org/entity/Q63456259,Noel Cazenave,1948,male,"Washington, D.C.",POINT (-77.036667 38.895),Northern America,United States,United States Can.,1971-1995,15741,university-teacher,education
http://www.wikidata.org/entity/Q6304653,Judy Yung,1946,female,San Francisco,POINT (-122.419445 37.775),Northern America,United States,United States Can.,1971-1995,15672,historian,GLAM
http://www.wikidata.org/entity/Q63095345,Ewa Bérard,1946,female,Poland,POINT (19 52),Eastern Europe,Poland,Poland,1971-1995,15686,historian,publisher
http://www.wikidata.org/entity/Q63061524,Klaus Türk,1944,male,Ahrensburg,POINT (10.241111 53.674722),Western Europe,Germany,Germany,1971-1995,15678,university-teacher,publisher
http://www.wikidata.org/entity/Q112469884,Martin Thomas,1943,male,Berlin,POINT (13.383333 52.516667),Western Europe,Germany,Germany,1971-1995,2663,other,education
http://www.wikidata.org/entity/Q668920,Mel Boozer,1945,male,"Washington, D.C.",POINT (-77.036667 38.895),Northern America,United States,United States Can.,1971-1995,16115,university-teacher,education
http://www.wikidata.org/entity/Q66979303,Tilman Harlander,1946,male,Traunstein,POINT (12.643333 47.868333),Western Europe,Germany,Germany,1971-1995,16123,university-teacher,publisher
http://www.wikidata.org/entity/Q67201419,Maria Vasconcellos,1946,female,São Paulo,POINT (-46.633947 -23.550394),South America,Brazil,South America,1971-1995,16141,university-teacher,publisher
http://www.wikidata.org/entity/Q67710454,Eliška Novotná,1944,female,Prague,POINT (14.421389 50.0875),Eastern Europe,Czechia,Czechia,1971-1995,16188,university-teacher,organization
http://www.wikidata.org/entity/Q6776586,Martin Shaw,1947,male,Yorkshire,POINT (-1.083333 53.958333),Northern Europe,United Kingdom,United Kingdom,1971-1995,16200,university-teacher,education
http://www.wikidata.org/entity/Q112476088,Birgit Bolognese-Leuchtenmüller,1949,female,Vienna,POINT (16.3725 48.208333),Western Europe,Austria,Austria Hungary,1971-1995,2731,historian,university
http://www.wikidata.org/entity/Q6521749,Len Doyal,1944,male,Atlanta,POINT (-84.389722 33.754444),Northern America,United States,United States Can.,1971-1995,15944,university-teacher,education
http://www.wikidata.org/entity/Q6530515,Lesley Milroy,1944,female,Newcastle upon Tyne,POINT (-1.613333 54.977778),Northern Europe,United Kingdom,United Kingdom,1971-1995,15954,other,education
http://www.wikidata.org/entity/Q65496859,Fernando Pereira Marques,1948,male,Coruche,POINT (-8.533333 38.95),Southern Europe,Portugal,Spain Port.,1971-1995,15975,university-teacher,other
http://www.wikidata.org/entity/Q65923188,Allan Horwitz,1948,male,Minneapolis,POINT (-93.269167 44.981945),Northern America,United States,United States Can.,1971-1995,16010,university-teacher,college
http://www.wikidata.org/entity/Q112482056,Józef Lipiec,1942,male,Nowy Sącz,POINT (20.695555 49.625),Eastern Europe,Poland,Poland,1971-1995,2801,university-teacher,education
http://www.wikidata.org/entity/Q112477540,Judith Kegan Gardiner,1941,female,Chicago,POINT (-87.627778 41.881944),Northern America,United States,United States Can.,1971-1995,2751,university-teacher,education
http://www.wikidata.org/entity/Q66216,Wolf Lepenies,1941,male,Olsztyn,POINT (20.494167 53.78),Eastern Europe,Poland,Poland,1971-1995,16052,university-teacher,education
http://www.wikidata.org/entity/Q3109511,Rafael Ninyoles i Monllor,1943,male,Valencia,POINT (-0.376389 39.47),Southern Europe,Spain,Spain Port.,1971-1995,11956,professor,publisher
http://www.wikidata.org/entity/Q1446841,Hans-Jürgen Weißbach,1950,male,Lüdingworth,POINT (8.757472 53.799244),Western Europe,Germany,Germany,1971-1995,8365,university-teacher,education
http://www.wikidata.org/entity/Q1423236,Volker Gransow,1945,male,Gnarrenburg,POINT (9.005 53.386389),Western Europe,Germany,Germany,1971-1995,8333,university-teacher,publisher
http://www.wikidata.org/entity/Q1422020,Sharon Zukin,1946,female,Philadelphia,POINT (-75.163611 39.952778),Northern America,United States,United States Can.,1971-1995,8331,university-teacher,education
http://www.wikidata.org/entity/Q1744857,Klaus Allerbeck,1944,male,Seilershof,POINT (13.1658 53.0761),Western Europe,Germany,Germany,1971-1995,9435,university-teacher,agency
http://www.wikidata.org/entity/Q19630004,François Dupuy,1947,male,Beaulieu-sur-Loire,POINT (2.816945 47.5425),Western Europe,France,France,1971-1995,9923,university-teacher,education
http://www.wikidata.org/entity/Q1425193,Michael Mann,1942,male,Manchester,POINT (-2.233333 53.466667),Northern Europe,United Kingdom,United Kingdom,1971-1995,8336,university-teacher,education
http://www.wikidata.org/entity/Q1589285,Hauke Brunkhorst,1945,male,Marne,POINT (9 53.95),Western Europe,Germany,Germany,1971-1995,8729,university-teacher,publisher
http://www.wikidata.org/entity/Q13138751,Yme Kuiper,1949,male,Heerenveen,POINT (5.933333 52.95),Western Europe,Netherlands,Belgium Netherl.,1971-1995,7505,university-teacher,university
http://www.wikidata.org/entity/Q131426838,Octávio Henrique Ribeiro de Medeiros,1944,male,Lomba do Botão,POINT (-25.25 37.766667),Southern Europe,Portugal,Spain Port.,1971-1995,7516,university-teacher,university
http://www.wikidata.org/entity/Q1745773,Klaus Tenfelde,1944,male,Erkelenz,POINT (6.315556 51.08),Western Europe,Germany,Germany,1971-1995,9447,university-teacher,publisher
http://www.wikidata.org/entity/Q131433060,Maria Célia Pinheiro Machado Paoli,1942,female,Curitiba,POINT (-49.271944 -25.429722),South America,Brazil,South America,1971-1995,7519,university-teacher,publisher
http://www.wikidata.org/entity/Q17478003,María Ángeles Durán,1942,female,Madrid,POINT (-3.703333 40.416944),Southern Europe,Spain,Spain Port.,1971-1995,9452,university-teacher,publisher
http://www.wikidata.org/entity/Q1587443,Hartmut Hirsch-Kreinsen,1948,male,Halle (Saale),POINT (11.969722 51.482778),Western Europe,Germany,Germany,1971-1995,8726,university-teacher,institute
http://www.wikidata.org/entity/Q2830356,Alain Viala,1947,male,Saint-Affrique,POINT (2.886389 43.958333),Western Europe,France,France,1971-1995,11406,university-teacher,education
http://www.wikidata.org/entity/Q2190544,Kees Schuyt,1943,male,Leidschendam,POINT (4.4 52.083333),Western Europe,Netherlands,Belgium Netherl.,1971-1995,10531,university-teacher,organization
http://www.wikidata.org/entity/Q1451006,François Dubet,1946,male,Périgueux,POINT (0.718056 45.184167),Western Europe,France,France,1971-1995,8368,university-teacher,institute
http://www.wikidata.org/entity/Q1445783,Franz-Hubert Robling,1946,male,Emsdetten,POINT (7.534444 52.172778),Western Europe,Germany,Germany,1971-1995,8361,university-teacher,publisher
http://www.wikidata.org/entity/Q2202147,Alan Sinfield,1941,male,Southgate,POINT (-0.1265 51.6316),Northern Europe,United Kingdom,United Kingdom,1971-1995,10550,other,education
http://www.wikidata.org/entity/Q28123988,Andrzej Kojder,1941,male,Grzęska,POINT (22.4667 50.0667),Eastern Europe,Poland,Poland,1971-1995,11381,university-teacher,university
http://www.wikidata.org/entity/Q1437188,Sibylle Tönnies,1944,female,Potsdam,POINT (13.066667 52.4),Western Europe,Germany,Germany,1971-1995,8346,university-teacher,organization
http://www.wikidata.org/entity/Q1658613,Ilja Srubar,1946,male,Teplice,POINT (13.816667 50.633333),Eastern Europe,Czechia,Czechia,1971-1995,9045,university-teacher,organization
http://www.wikidata.org/entity/Q28091744,Gianni Statera,1943,male,Rome,POINT (12.482778 41.893056),Southern Europe,Italy,Italy,1971-1995,11368,university-teacher,organization
http://www.wikidata.org/entity/Q1587415,Hartmut Esser,1943,male,Elend,POINT (10.686111 51.744722),Western Europe,Germany,Germany,1971-1995,8725,university-teacher,university
http://www.wikidata.org/entity/Q17484153,Paula England,1949,female,Rapid City,POINT (-103.228667 44.081056),Northern America,United States,United States Can.,1971-1995,9453,university-teacher,education
http://www.wikidata.org/entity/Q2281031,Sibylle Reinhardt,1941,female,Liberec,POINT (15.05 50.766667),Eastern Europe,Czechia,Czechia,1971-1995,10633,university-teacher,publisher
http://www.wikidata.org/entity/Q16514956,Aleksey Levinson,1944,male,Moscow,POINT (37.6175 55.750556),European Russia,Russian Federation,Russian Federation,1971-1995,9009,university-teacher,education
http://www.wikidata.org/entity/Q159876,Julia Kristeva,1941,female,Sliven,POINT (26.325963 42.678146),Eastern Europe,Bulgaria,Central Europe,1971-1995,8764,university-teacher,education
http://www.wikidata.org/entity/Q131709317,Аза Лариса Олександрівна,1942,female,Nizhny Tagil,POINT (59.966667 57.916667),Asiatic Russia,Russian Federation,Russian Federation,1971-1995,7561,university-teacher,education
http://www.wikidata.org/entity/Q2742104,Marie-Louise Bemelmans-Videc,1947,female,Brunssum,POINT (5.966667 50.95),Western Europe,Netherlands,Belgium Netherl.,1971-1995,11244,university-teacher,university
http://www.wikidata.org/entity/Q2289806,Christien Brinkgreve,1949,female,Amsterdam,POINT (4.883333 52.366667),Western Europe,Netherlands,Belgium Netherl.,1971-1995,10641,university-teacher,university
http://www.wikidata.org/entity/Q274893,Linda Gottfredson,1947,female,San Francisco,POINT (-122.419445 37.775),Northern America,United States,United States Can.,1971-1995,11255,university-teacher,education
http://www.wikidata.org/entity/Q1311385,Hartmut Häußermann,1943,male,Waiblingen,POINT (9.316945 48.830278),Western Europe,Germany,Germany,1971-1995,7465,university-teacher,publisher
http://www.wikidata.org/entity/Q1404411,Klaus Wahl,1944,male,Stuttgart,POINT (9.18 48.7775),Western Europe,Germany,Germany,1971-1995,8310,university-teacher,publisher
http://www.wikidata.org/entity/Q1417701,Jo Reichertz,1949,male,Trier,POINT (6.63935 49.75565),Western Europe,Germany,Germany,1971-1995,8327,university-teacher,university
http://www.wikidata.org/entity/Q1415785,Joachim Kersten,1948,male,Neuss,POINT (6.693889 51.200278),Western Europe,Germany,Germany,1971-1995,8325,university-teacher,education
http://www.wikidata.org/entity/Q1409691,Peter Weingart,1941,male,Marburg,POINT (8.766667 50.816667),Western Europe,Germany,Germany,1971-1995,8319,university-teacher,publisher
http://www.wikidata.org/entity/Q1756969,Michael Kunczik,1945,male,Colditz,POINT (12.816667 51.116667),Western Europe,Germany,Germany,1971-1995,9467,university-teacher,publisher
http://www.wikidata.org/entity/Q2263060,Sebastian Scheerer,1950,male,Lübeck,POINT (10.686389 53.869722),Western Europe,Germany,Germany,1971-1995,10616,university-teacher,university
http://www.wikidata.org/entity/Q1957088,Mário Vieira de Carvalho,1943,male,Coimbra,POINT (-8.428889 40.211111),Southern Europe,Portugal,Spain Port.,1971-1995,9908,university-teacher,publisher
http://www.wikidata.org/entity/Q2267452,Han Entzinger,1947,male,The Hague,POINT (4.31 52.08),Western Europe,Netherlands,Belgium Netherl.,1971-1995,10620,university-teacher,organization
http://www.wikidata.org/entity/Q1953672,Bart Tromp,1944,male,Sneek,POINT (5.66 53.0325),Western Europe,Netherlands,Belgium Netherl.,1971-1995,9900,university-teacher,institute
http://www.wikidata.org/entity/Q1596156,Heiner Meulemann,1944,male,Wörth an der Donau,POINT (12.401111 49.000833),Western Europe,Germany,Germany,1971-1995,8750,university-teacher,publisher
http://www.wikidata.org/entity/Q1762009,Reinhard Wittenberg,1945,male,Hildesheim,POINT (9.95 52.15),Western Europe,Germany,Germany,1971-1995,9475,university-teacher,organization
http://www.wikidata.org/entity/Q1405664,Jörg Bergmann,1946,male,Landsberg am Lech,POINT (10.868931 48.052769),Western Europe,Germany,Germany,1971-1995,8312,university-teacher,publisher
http://www.wikidata.org/entity/Q15965072,Volker Ronge,1943,male,Góra,POINT (16.539444 51.668056),Eastern Europe,Poland,Poland,1971-1995,8751,university-teacher,publisher
http://www.wikidata.org/entity/Q1596739,Heinrich Best,1949,male,Cologne,POINT (6.957778 50.942222),Western Europe,Germany,Germany,1971-1995,8752,university-teacher,publisher
http://www.wikidata.org/entity/Q2751120,Hebe Vessuri,1942,female,Buenos Aires,POINT (-58.381944 -34.599722),South America,Argentina,South America,1971-1995,11260,university-teacher,publisher
http://www.wikidata.org/entity/Q2719795,José María Maravall Herrero,1942,male,Madrid,POINT (-3.703333 40.416944),Southern Europe,Spain,Spain Port.,1971-1995,11228,politician,university
http://www.wikidata.org/entity/Q1506277,Georg Vobruba,1948,male,Vienna,POINT (16.3725 48.208333),Western Europe,Austria,Austria Hungary,1971-1995,8435,university-teacher,publisher
http://www.wikidata.org/entity/Q28777817,Norbert Seitz,1950,male,Wiesbaden,POINT (8.24 50.0825),Western Europe,Germany,Germany,1971-1995,11515,journalist,publisher
http://www.wikidata.org/entity/Q1506086,Georg Stauth,1942,male,Otterberg,POINT (7.771111 49.504444),Western Europe,Germany,Germany,1971-1995,8433,university-teacher,publisher
http://www.wikidata.org/entity/Q130064,Theda Skocpol,1947,female,Detroit,POINT (-83.0475 42.331667),Northern America,United States,United States Can.,1971-1995,7353,university-teacher,education
http://www.wikidata.org/entity/Q1293632,Edward Shorter,1941,male,Evanston,POINT (-87.690059 42.041141),Northern America,United States,United States Can.,1971-1995,7330,university-teacher,school
http://www.wikidata.org/entity/Q19874006,Geoffrey Hawthorn,1941,male,Slough,POINT (-0.593056 51.509722),Northern Europe,United Kingdom,United Kingdom,1971-1995,9985,writer,education
http://www.wikidata.org/entity/Q2156108,Rob Tielman,1946,male,Hilversum,POINT (5.18 52.23),Western Europe,Netherlands,Belgium Netherl.,1971-1995,10448,university-teacher,university
http://www.wikidata.org/entity/Q1504123,Georg Elwert,1947,male,Munich,POINT (11.575 48.1375),Western Europe,Germany,Germany,1971-1995,8427,university-teacher,publisher
http://www.wikidata.org/entity/Q28726948,Baldo Blinkert,1942,male,Ligota Dolna,POINT (18.120556 50.490833),Eastern Europe,Poland,Poland,1971-1995,11508,university-teacher,publisher
http://www.wikidata.org/entity/Q1730929,Karl F. Schumann,1941,male,Bautzen,POINT (14.423889 51.181389),Western Europe,Germany,Germany,1971-1995,9378,university-teacher,university
http://www.wikidata.org/entity/Q1503904,Wolf R. Dombrowsky,1948,male,Thum,POINT (12.951389 50.671111),Western Europe,Germany,Germany,1971-1995,8424,university-teacher,agency
http://www.wikidata.org/entity/Q28871993,Marcel Fournier,1945,male,Plessisville,POINT (-71.7833 46.2167),Northern America,Canada,United States Can.,1971-1995,11543,university-teacher,organization
http://www.wikidata.org/entity/Q2897924,Bernard Friot,1946,male,Neufchâteau,POINT (5.696111 48.355556),Western Europe,France,France,1971-1995,11574,university-teacher,university
http://www.wikidata.org/entity/Q19959118,John S. Butler,1947,male,New Orleans,POINT (-90.078333 29.976111),Northern America,United States,United States Can.,1971-1995,10010,university-teacher,education
http://www.wikidata.org/entity/Q1668865,Karl-Heinz Reuband,1946,male,Hamburg,POINT (10 53.55),Western Europe,Germany,Germany,1971-1995,9091,university-teacher,university
http://www.wikidata.org/entity/Q1512299,Gerhard Preyer,1945,male,Schlimpfhof,POINT (9.97263 50.2177),Western Europe,Germany,Germany,1971-1995,8465,university-teacher,agency
http://www.wikidata.org/entity/Q1578327,Hans-Werner Prahl,1944,male,Nusse,POINT (10.578889 53.658055),Western Europe,Germany,Germany,1971-1995,8684,university-teacher,agency
http://www.wikidata.org/entity/Q28962754,James David Wright,1947,male,Logansport,POINT (-86.3606 40.7536),Northern America,United States,United States Can.,1971-1995,11566,university-teacher,education
http://www.wikidata.org/entity/Q1511358,Gerhard Bosch,1947,male,Bamberg,POINT (10.891667 49.891667),Western Europe,Germany,Germany,1971-1995,8460,university-teacher,university
http://www.wikidata.org/entity/Q2894504,Michael W. Apple,1942,male,Paterson,POINT (-74.172222 40.916667),Northern America,United States,United States Can.,1971-1995,11561,other,education
http://www.wikidata.org/entity/Q1578685,Hans Bertram,1946,male,Soest,POINT (8.109167 51.571111),Western Europe,Germany,Germany,1971-1995,8687,university-teacher,publisher
http://www.wikidata.org/entity/Q2892939,Barry Wellman,1942,male,The Bronx,POINT (-73.873333 40.846667),Northern America,United States,United States Can.,1971-1995,11554,university-teacher,school
http://www.wikidata.org/entity/Q1729521,Karin Priester,1941,female,Gliwice,POINT (18.665833 50.294167),Eastern Europe,Poland,Poland,1971-1995,9370,university-teacher,agency
http://www.wikidata.org/entity/Q2890271,Eduardo P. Archetti,1943,male,Santiago del Estero,POINT (-64.266945 -27.784444),South America,Argentina,South America,1971-1995,11549,anthropologist,publisher
http://www.wikidata.org/entity/Q19906828,Svetlana Ayvazova,1944,female,Moscow,POINT (37.6175 55.750556),European Russia,Russian Federation,Russian Federation,1971-1995,9995,political-scientist,institute
http://www.wikidata.org/entity/Q1731189,Karl Gabriel,1943,male,Rapotín,POINT (17.019013 50.000764),Eastern Europe,Czechia,Czechia,1971-1995,9379,university-teacher,agency
http://www.wikidata.org/entity/Q1302653,Helmut Dubiel,1946,male,Essen,POINT (7.013055 51.450833),Western Europe,Germany,Germany,1971-1995,7361,university-teacher,university
http://www.wikidata.org/entity/Q1304249,Thomas Malsch,1946,male,Hamburg,POINT (10 53.55),Western Europe,Germany,Germany,1971-1995,7394,university-teacher,institute
http://www.wikidata.org/entity/Q1479632,Rainer Rilling,1945,male,Kernen im Remstal,POINT (9.321667 48.806667),Western Europe,Germany,Germany,1971-1995,8399,university-teacher,university
http://www.wikidata.org/entity/Q1581672,Hans Peter Henecka,1941,male,Karlsruhe,POINT (8.4 49.016667),Western Europe,Germany,Germany,1971-1995,8702,university-teacher,publisher
http://www.wikidata.org/entity/Q2165623,Ronald Hitzler,1950,male,Königsbronn,POINT (10.113611 48.742778),Western Europe,Germany,Germany,1971-1995,10485,university-teacher,institute
http://www.wikidata.org/entity/Q15818849,Günther Cloerkes,1944,male,Aleksandrów Łódzki,POINT (19.3 51.816667),Eastern Europe,Poland,Poland,1971-1995,8703,university-teacher,education
http://www.wikidata.org/entity/Q1465898,Fritz Böhle,1945,male,Oberstdorf,POINT (10.279167 47.409722),Western Europe,Germany,Germany,1971-1995,8386,university-teacher,university
http://www.wikidata.org/entity/Q1663165,Ingo Mörth,1949,male,Grades,POINT (14.2547 46.9792),Western Europe,Austria,Austria Hungary,1971-1995,9063,university-teacher,university
http://www.wikidata.org/entity/Q14629232,Krzysztof Jasiewicz,1949,male,Poland,POINT (19 52),Eastern Europe,Poland,Poland,1971-1995,8381,university-teacher,education
http://www.wikidata.org/entity/Q21715510,Howard Abadinsky,1941,male,Brooklyn,POINT (-73.949722 40.650833),Northern America,United States,United States Can.,1971-1995,10511,university-teacher,education
http://www.wikidata.org/entity/Q28316798,Karen Cook,1946,female,Austin,POINT (-97.733333 30.3),Northern America,United States,United States Can.,1971-1995,11411,university-teacher,education
http://www.wikidata.org/entity/Q1457224,Friedhelm Kröll,1945,male,Tirschenreuth,POINT (12.336889 49.878889),Western Europe,Germany,Germany,1971-1995,8372,university-teacher,university
http://www.wikidata.org/entity/Q1661707,Lothar Böhnisch,1944,male,Trutnov,POINT (15.912799 50.561046),Eastern Europe,Czechia,Czechia,1971-1995,9057,university-teacher,university
http://www.wikidata.org/entity/Q1488905,Kurt W. Fischer,1943,male,Baltimore,POINT (-76.615 39.286389),Northern America,United States,United States Can.,1971-1995,8403,university-teacher,education
http://www.wikidata.org/entity/Q16640889,Valery Gurov,1949,male,Mayak,POINT (54.930389 53.714194),European Russia,Russian Federation,Russian Federation,1971-1995,9073,scientist,education
http://www.wikidata.org/entity/Q19803270,Judith Astelarra,1943,female,Buenos Aires,POINT (-58.381944 -34.599722),South America,Argentina,South America,1971-1995,9975,university-teacher,publisher
http://www.wikidata.org/entity/Q1497091,Wolfgang Trautmann,1944,male,Georgenthal,POINT (10.662231 50.831177),Western Europe,Germany,Germany,1971-1995,8417,university-teacher,education
http://www.wikidata.org/entity/Q130284730,Thomas J Bernard,1945,male,Springfield,POINT (-89.645 39.7975),Northern America,United States,United States Can.,1971-1995,7367,university-teacher,university
http://www.wikidata.org/entity/Q21612538,Ellis Cashmore,1949,male,Staffordshire,POINT (-2.116111 52.806944),Northern Europe,United Kingdom,United Kingdom,1971-1995,10468,university-teacher,education
http://www.wikidata.org/entity/Q2861238,Arie Rip,1941,male,Kethel en Spaland,POINT (4.38694 51.9439),Western Europe,Netherlands,Belgium Netherl.,1971-1995,11480,university-teacher,organization
http://www.wikidata.org/entity/Q2857756,António Miguel Morais Barreto,1942,male,Porto,POINT (-8.610833 41.15),Southern Europe,Portugal,Spain Port.,1971-1995,11478,politician,publisher
http://www.wikidata.org/entity/Q17322467,Irene Dölling,1942,female,Leicester,POINT (-1.133055 52.636111),Northern Europe,United Kingdom,United Kingdom,1971-1995,9386,university-teacher,publisher
http://www.wikidata.org/entity/Q13029422,Vjačeslav Petrovič Orgiš,1949,male,Маркаўшчына,POINT (29.330375 53.511363),Eastern Europe,Belarus,Baltic States Fin. Belar.,1971-1995,7368,university-teacher,institute
http://www.wikidata.org/entity/Q1664536,Michael Brater,1944,male,Siebeldingen,POINT (8.051389 49.211389),Western Europe,Germany,Germany,1971-1995,9075,university-teacher,university
http://www.wikidata.org/entity/Q21624067,Francisco Garmendia,1946,male,Azpeitia,POINT (-2.265278 43.181944),Southern Europe,Spain,Spain Port.,1971-1995,10470,university-teacher,publisher
http://www.wikidata.org/entity/Q15805943,Dieter Grunow,1944,male,Papitz,POINT (14.2 51.7806),Western Europe,Germany,Germany,1971-1995,8694,university-teacher,university
http://www.wikidata.org/entity/Q15811751,Georg Lohmann,1948,male,Münster,POINT (7.625556 51.9625),Western Europe,Germany,Germany,1971-1995,8698,university-teacher,agency
http://www.wikidata.org/entity/Q17333600,Marta Mauras,1947,female,Santiago,POINT (-70.65 -33.4375),South America,Chile,South America,1971-1995,9391,other,other
http://www.wikidata.org/entity/Q1974658,Václav Bělohradský,1944,male,Prague,POINT (14.421389 50.0875),Eastern Europe,Czechia,Czechia,1971-1995,9965,university-teacher,organization
http://www.wikidata.org/entity/Q1492499,Klaus Eder,1946,male,Burgoberbach,POINT (10.592222 49.237778),Western Europe,Germany,Germany,1971-1995,8404,university-teacher,education
http://www.wikidata.org/entity/Q1974529,Boris Dubin,1946,male,Moscow,POINT (37.6175 55.750556),European Russia,Russian Federation,Russian Federation,1971-1995,9963,other,university
http://www.wikidata.org/entity/Q1974473,Viviana Zelizer,1946,female,Buenos Aires,POINT (-58.381944 -34.599722),South America,Argentina,South America,1971-1995,9962,economist,education
http://www.wikidata.org/entity/Q1322493,Miklós Tomka,1941,male,Budapest,POINT (19.040833 47.498333),Eastern Europe,Hungary,Austria Hungary,1971-1995,7599,university-teacher,publisher
http://www.wikidata.org/entity/Q134562130,József Saád,1945,male,Bergen-Belsen displaced persons camp,POINT (9.926256 52.778633),Western Europe,Germany,Germany,1971-1995,7866,university-teacher,enterprise
http://www.wikidata.org/entity/Q1890092,Manfred Wilke,1941,male,Kassel,POINT (9.497917 51.315778),Western Europe,Germany,Germany,1971-1995,9753,university-teacher,education
http://www.wikidata.org/entity/Q1889425,Manfred Güllner,1941,male,Remscheid,POINT (7.194354 51.179871),Western Europe,Germany,Germany,1971-1995,9751,university-teacher,publisher
http://www.wikidata.org/entity/Q1620845,Werner Bergmann,1950,male,Celle,POINT (10.0825 52.625556),Western Europe,Germany,Germany,1971-1995,8908,university-teacher,institute
http://www.wikidata.org/entity/Q2544507,Walter Grasskamp,1950,male,Kapellen,POINT (6.62222 51.1267),Western Europe,Germany,Germany,1971-1995,11020,university-teacher,education
http://www.wikidata.org/entity/Q1618350,Hildegard Maria Nickel,1948,female,Berlin,POINT (13.383333 52.516667),Western Europe,Germany,Germany,1971-1995,8898,university-teacher,publisher
http://www.wikidata.org/entity/Q24054887,Carlota Solé i Puig,1944,female,Barcelona,POINT (2.176944 41.3825),Southern Europe,Spain,Spain Port.,1971-1995,10842,university-teacher,publisher
http://www.wikidata.org/entity/Q23926331,Anne-Marie Duguet,1947,female,Paris,POINT (2.352222 48.856667),Western Europe,France,France,1971-1995,10810,teacher,university
http://www.wikidata.org/entity/Q239419,Saskia Sassen,1947,female,The Hague,POINT (4.31 52.08),Western Europe,Netherlands,Belgium Netherl.,1971-1995,10813,university-teacher,education
http://www.wikidata.org/entity/Q184750,Slavoj Žižek,1949,male,Ljubljana,POINT (14.506111 46.051389),Southern Europe,Slovenia,Central Europe,1971-1995,9617,university-teacher,education
http://www.wikidata.org/entity/Q23950507,Carol R. Ember,1948,female,New York,POINT (-75 43),Northern America,United States,United States Can.,1971-1995,10823,anthropologist,organization
http://www.wikidata.org/entity/Q2568666,Wieland Jäger,1944,male,Osnabrück,POINT (8.043056 52.278889),Western Europe,Germany,Germany,1971-1995,11065,university-teacher,publisher
http://www.wikidata.org/entity/Q136665045,Michael Peart Jackson,1947,male,Oldham,POINT (-2.118333 53.544722),Northern Europe,United Kingdom,United Kingdom,1971-1995,8103,university-teacher,organization
http://www.wikidata.org/entity/Q2561227,Werner Fuchs-Heinritz,1941,male,Teplice,POINT (13.816667 50.633333),Eastern Europe,Czechia,Czechia,1971-1995,11057,university-teacher,university
http://www.wikidata.org/entity/Q2561223,Werner Früh,1947,male,Gönnheim,POINT (8.238333 49.448056),Western Europe,Germany,Germany,1971-1995,11056,university-teacher,publisher
http://www.wikidata.org/entity/Q16061133,Cecilia L. Ridgeway,1947,female,Edinburg,POINT (-98.1639 26.3042),Northern America,United States,United States Can.,1971-1995,8830,university-teacher,education
http://www.wikidata.org/entity/Q1608981,Stephen Mennell,1944,male,Yorkshire,POINT (-1.083333 53.958333),Northern Europe,United Kingdom,United Kingdom,1971-1995,8856,university-teacher,education
http://www.wikidata.org/entity/Q2452752,François Ascher,1946,male,Metz,POINT (6.176944 49.119722),Western Europe,France,France,1971-1995,10917,university-teacher,education
http://www.wikidata.org/entity/Q2456726,Trutz Trotha,1946,male,Dieburg,POINT (8.838472 49.898472),Western Europe,Germany,Germany,1971-1995,10924,university-teacher,agency
http://www.wikidata.org/entity/Q1610890,Hermann Denz,1949,male,Kennelbach,POINT (9.766667 47.483056),Western Europe,Austria,Austria Hungary,1971-1995,8873,university-teacher,university
http://www.wikidata.org/entity/Q1356346,Ernest Hess-Lüttich,1949,male,Wiesbaden,POINT (8.24 50.0825),Western Europe,Germany,Germany,1971-1995,7977,university-teacher,publisher
http://www.wikidata.org/entity/Q24852186,Christoph Köhler,1950,male,Berlin,POINT (13.383333 52.516667),Western Europe,Germany,Germany,1971-1995,10961,university-teacher,university
http://www.wikidata.org/entity/Q24690412,Simon Langlois,1947,male,Montmagny,POINT (-70.55 46.983333),Northern America,Canada,United States Can.,1971-1995,10935,university-teacher,publisher
http://www.wikidata.org/entity/Q2476812,Ulrich Teichler,1942,male,Szczecin,POINT (14.555278 53.424722),Eastern Europe,Poland,Poland,1971-1995,10949,university-teacher,university
http://www.wikidata.org/entity/Q18645163,Sergej Flere,1944,male,Ljubljana,POINT (14.506111 46.051389),Southern Europe,Slovenia,Central Europe,1971-1995,9699,university-teacher,publisher
http://www.wikidata.org/entity/Q2473337,Udo Reifner,1948,male,Neukirchen-Vluyn,POINT (6.558333 51.441667),Western Europe,Germany,Germany,1971-1995,10943,university-teacher,university
http://www.wikidata.org/entity/Q2501814,Ursula Rabe-Kleberg,1948,female,Essen,POINT (7.013055 51.450833),Western Europe,Germany,Germany,1971-1995,10979,university-teacher,university
http://www.wikidata.org/entity/Q13410227,Ruut Veenhoven,1942,male,The Hague,POINT (4.31 52.08),Western Europe,Netherlands,Belgium Netherl.,1971-1995,7816,university-teacher,organization
http://www.wikidata.org/entity/Q18612933,Friedrich Pohlmann,1950,male,Bielefeld,POINT (8.533333 52.016667),Western Europe,Germany,Germany,1971-1995,9665,university-teacher,publisher
http://www.wikidata.org/entity/Q253407,Donna Haraway,1944,female,Denver,POINT (-104.984722 39.739167),Northern America,United States,United States Can.,1971-1995,11003,university-teacher,education
http://www.wikidata.org/entity/Q1350955,Erhard Stölting,1942,male,Freiburg im Breisgau,POINT (7.85 47.995),Western Europe,Germany,Germany,1971-1995,7916,university-teacher,publisher
http://www.wikidata.org/entity/Q2529253,Frans van Vught,1950,male,Montfoort,POINT (4.9508 52.045),Western Europe,Netherlands,Belgium Netherl.,1971-1995,11001,university-teacher,education
http://www.wikidata.org/entity/Q1351078,Gilles Lipovetsky,1944,male,Millau,POINT (3.077778 44.097778),Western Europe,France,France,1971-1995,7917,writer,university
http://www.wikidata.org/entity/Q18617226,Hermann Schwengel,1949,male,Rahden,POINT (8.613333 52.432778),Western Europe,Germany,Germany,1971-1995,9667,professor,publisher
http://www.wikidata.org/entity/Q2524412,Viktor Vanberg,1943,male,Aachen,POINT (6.083788 50.776207),Western Europe,Germany,Germany,1971-1995,10997,university-teacher,publisher
http://www.wikidata.org/entity/Q18619099,Pamela Abbott,1947,female,London,POINT (-0.1275 51.507222),Northern Europe,United Kingdom,United Kingdom,1971-1995,9668,researcher,organization
http://www.wikidata.org/entity/Q16102033,Max Haller,1947,male,Sterzing,POINT (11.43194 46.896324),Southern Europe,Italy,Italy,1971-1995,8862,university-teacher,publisher
http://www.wikidata.org/entity/Q18744681,Jean-Marie Charon,1948,male,Boulogne-Billancourt,POINT (2.241389 48.835278),Western Europe,France,France,1971-1995,9724,researcher,publisher
http://www.wikidata.org/entity/Q16106252,Guy Olivier Faure,1943,male,France,POINT (2 47),Western Europe,France,France,1971-1995,8869,political-scientist,institution
http://www.wikidata.org/entity/Q20638645,Margrit Brückner,1946,female,Rinteln,POINT (9.079169 52.186039),Western Europe,Germany,Germany,1971-1995,10183,university-teacher,education
http://www.wikidata.org/entity/Q18633645,Riitta Jallinoja,1943,female,Finland,POINT (27 65),Northern Europe,Finland,Baltic States Fin. Belar.,1971-1995,9681,writer,organization
http://www.wikidata.org/entity/Q267536,Nancy Fraser,1947,female,Baltimore,POINT (-76.615 39.286389),Northern America,United States,United States Can.,1971-1995,11170,university-teacher,education
http://www.wikidata.org/entity/Q2668049,J. Gordon Melton,1942,male,Birmingham,POINT (-86.809445 33.5175),Northern America,United States,United States Can.,1971-1995,11164,university-teacher,education
http://www.wikidata.org/entity/Q1806277,Lars Lambrecht,1944,male,Hamburg,POINT (10 53.55),Western Europe,Germany,Germany,1971-1995,9542,university-teacher,university
http://www.wikidata.org/entity/Q2336570,Stefan Hradil,1946,male,Frankenthal,POINT (8.35 49.533333),Western Europe,Germany,Germany,1971-1995,10709,university-teacher,publisher
http://www.wikidata.org/entity/Q132889023,Enzo Rutigliano,1944,male,Milan,POINT (9.19 45.466944),Southern Europe,Italy,Italy,1971-1995,7638,university-teacher,publisher
http://www.wikidata.org/entity/Q19296345,Michael Zöller,1946,male,Würzburg,POINT (9.929444 49.794444),Western Europe,Germany,Germany,1971-1995,9846,university-teacher,university
http://www.wikidata.org/entity/Q1601016,Heinz Steinert,1942,male,Cieszyn,POINT (18.633333 49.75),Eastern Europe,Poland,Poland,1971-1995,8796,university-teacher,agency
http://www.wikidata.org/entity/Q2337174,Stefan Müller-Doohm,1942,male,Frankfurt,POINT (8.682222 50.110556),Western Europe,Germany,Germany,1971-1995,10711,university-teacher,university
http://www.wikidata.org/entity/Q1633462,Hubert Treiber,1942,male,Geislingen an der Steige,POINT (9.830556 48.624445),Western Europe,Germany,Germany,1971-1995,8955,university-teacher,university
http://www.wikidata.org/entity/Q2341229,Anson D. Shupe,1948,male,Buffalo,POINT (-78.878056 42.886389),Northern America,United States,United States Can.,1971-1995,10716,other,education
http://www.wikidata.org/entity/Q133291261,Anete Brito Leal Ivo,1945,female,Salvador,POINT (-38.492778 -12.983056),South America,Brazil,South America,1971-1995,7688,other,education
http://www.wikidata.org/entity/Q16011888,Andrä Wolter,1950,male,Oldenburg,POINT (8.213889 53.143889),Western Europe,Germany,Germany,1971-1995,8798,university-teacher,publisher
http://www.wikidata.org/entity/Q2692011,Elmar Weingarten,1942,male,Gliwice,POINT (18.665833 50.294167),Eastern Europe,Poland,Poland,1971-1995,11184,university-teacher,publisher
http://www.wikidata.org/entity/Q23001474,Johann Behrens,1949,male,Hamburg,POINT (10 53.55),Western Europe,Germany,Germany,1971-1995,10657,university-teacher,university
http://www.wikidata.org/entity/Q1599983,Heinz Abels,1943,male,Wickrath,POINT (6.41072 51.1285),Western Europe,Germany,Germany,1971-1995,8774,university-teacher,university
http://www.wikidata.org/entity/Q23006292,Iteke Weeda,1943,female,Amstelveen,POINT (4.858056 52.301944),Western Europe,Netherlands,Belgium Netherl.,1971-1995,10659,university-teacher,university
http://www.wikidata.org/entity/Q2711710,Jeffrey C. Alexander,1947,male,Milwaukee,POINT (-87.95 43.05),Northern America,United States,United States Can.,1971-1995,11212,university-teacher,education
http://www.wikidata.org/entity/Q132295095,Cibele Saliba Rizek,1950,female,São Paulo,POINT (-46.633947 -23.550394),South America,Brazil,South America,1971-1995,7604,university-teacher,education
http://www.wikidata.org/entity/Q138665799,Halina Sekuła-Kwaśniewicz,1947,female,Wrocław,POINT (17.0325 51.11),Eastern Europe,Poland,Poland,1971-1995,8281,university-teacher,education
http://www.wikidata.org/entity/Q1641151,Robert Hettlage,1943,male,Königsberg,POINT (20.509306 54.711472),European Russia,Russian Federation,Russian Federation,1971-1995,8980,university-teacher,university
http://www.wikidata.org/entity/Q16403340,Andrus Saar,1946,male,Viljandi,POINT (25.595556 58.363333),Eastern Europe,Estonia,Baltic States Fin. Belar.,1971-1995,8966,journalist,university
http://www.wikidata.org/entity/Q2899562,Bertrand Hervieu,1948,male,La Houssaye,POINT (0.800278 48.993055),Western Europe,France,France,1971-1995,11578,other,publisher
http://www.wikidata.org/entity/Q2346989,Steve H. Murdock,1948,male,Fergus Falls,POINT (-96.077558 46.283015),Northern America,United States,United States Can.,1971-1995,10724,university-teacher,education
http://www.wikidata.org/entity/Q2592024,Wolfram Burisch,1941,male,Berlin,POINT (13.383333 52.516667),Western Europe,Germany,Germany,1971-1995,11097,university-teacher,university
http://www.wikidata.org/entity/Q23809832,Jost Halfmann,1947,male,Krefeld,POINT (6.566667 51.333333),Western Europe,Germany,Germany,1971-1995,10770,university-teacher,university
http://www.wikidata.org/entity/Q23817156,Reinhart Kößler,1949,male,Karlsruhe,POINT (8.4 49.016667),Western Europe,Germany,Germany,1971-1995,10772,university-teacher,publisher
http://www.wikidata.org/entity/Q2591531,Wolfgang Streeck,1946,male,Lengerich,POINT (7.8525 52.189722),Western Europe,Germany,Germany,1971-1995,11093,university-teacher,education
http://www.wikidata.org/entity/Q1337759,Emir Sader,1943,male,São Paulo,POINT (-46.633947 -23.550394),South America,Brazil,South America,1971-1995,7787,journalist,education
http://www.wikidata.org/entity/Q16267578,Joseph Yvon Thériault,1949,male,Caraquet,POINT (-64.959167 47.785278),Northern America,Canada,United States Can.,1971-1995,8930,university-teacher,organization
http://www.wikidata.org/entity/Q1370033,Werner Rammert,1949,male,Oelde,POINT (8.143611 51.825833),Western Europe,Germany,Germany,1971-1995,8139,university-teacher,institute
http://www.wikidata.org/entity/Q2590296,Wolfgang Krohn,1941,male,Hamburg,POINT (10 53.55),Western Europe,Germany,Germany,1971-1995,11086,university-teacher,publisher
http://www.wikidata.org/entity/Q136749060,Vanda Klabin,1947,female,Rio de Janeiro,POINT (-43.205555 -22.911111),South America,Brazil,South America,1971-1995,8117,writer,GLAM
http://www.wikidata.org/entity/Q23884009,Allan G. Johnson,1946,male,"Washington, D.C.",POINT (-77.036667 38.895),Northern America,United States,United States Can.,1971-1995,10794,writer,education
http://www.wikidata.org/entity/Q23890217,Werner von der Ohe,1945,male,Złoty Stok,POINT (16.87586 50.44472),Eastern Europe,Poland,Poland,1971-1995,10795,university-teacher,university
http://www.wikidata.org/entity/Q2589201,Wolfgang Bergsdorf,1941,male,Bensberg,POINT (7.157031 50.965633),Western Europe,Germany,Germany,1971-1995,11082,university-teacher,publisher
http://www.wikidata.org/entity/Q1895367,Margot Berghaus,1943,female,Kleve,POINT (6.14 51.79),Western Europe,Germany,Germany,1971-1995,9775,university-teacher,university
http://www.wikidata.org/entity/Q1338467,Alf Trojan,1944,male,Rendsburg,POINT (9.664445 54.304444),Western Europe,Germany,Germany,1971-1995,7801,university-teacher,university
http://www.wikidata.org/entity/Q1904334,Martin Kronauer,1949,male,Aichtal,POINT (9.237222 48.622778),Western Europe,Germany,Germany,1971-1995,9794,university-teacher,education
http://www.wikidata.org/entity/Q2347881,Stewart Clegg,1947,male,Bradford,POINT (-1.751 53.794),Northern Europe,United Kingdom,United Kingdom,1971-1995,10725,university-teacher,education
http://www.wikidata.org/entity/Q1904596,Martin Morlok,1949,male,Herrenberg,POINT (8.870833 48.596667),Western Europe,Germany,Germany,1971-1995,9796,university-teacher,university
http://www.wikidata.org/entity/Q2373527,Jean-Léon Beauvois,1943,male,Aix-en-Provence,POINT (5.445556 43.527778),Western Europe,France,France,1971-1995,10758,university-teacher,university
http://www.wikidata.org/entity/Q1629828,Horst Pöttker,1944,male,Bad Segeberg,POINT (10.309722 53.936111),Western Europe,Germany,Germany,1971-1995,8941,university-teacher,institute
http://www.wikidata.org/entity/Q1927236,Michael Daxner,1947,male,Vienna,POINT (16.3725 48.208333),Western Europe,Austria,Austria Hungary,1971-1995,9831,university-teacher,university
http://www.wikidata.org/entity/Q1927011,Michael Bock,1950,male,Altburg,POINT (8.7 48.7244),Western Europe,Germany,Germany,1971-1995,9829,university-teacher,publisher
http://www.wikidata.org/entity/Q18243139,Celina Vargas,1944,female,Rio de Janeiro,POINT (-43.205555 -22.911111),South America,Brazil,South America,1971-1995,9578,other,publisher
http://www.wikidata.org/entity/Q1629565,Robert Miles,1950,male,Dover,POINT (1.312222 51.1275),Northern Europe,United Kingdom,United Kingdom,1971-1995,8937,university-teacher,education
http://www.wikidata.org/entity/Q18274603,Carlos Hasenbalg,1942,male,Buenos Aires,POINT (-58.381944 -34.599722),South America,Argentina,South America,1971-1995,9582,university-teacher,education
http://www.wikidata.org/entity/Q23682282,Bernabé Sarabia,1944,male,Madrid,POINT (-3.703333 40.416944),Southern Europe,Spain,Spain Port.,1971-1995,10744,university-teacher,organization
http://www.wikidata.org/entity/Q2369299,Susanne Karstedt,1949,female,Lübeck,POINT (10.686389 53.869722),Western Europe,Germany,Germany,1971-1995,10748,university-teacher,education
http://www.wikidata.org/entity/Q26178986,Frédéric Bon,1943,male,Moûtiers,POINT (6.533889 45.485),Western Europe,France,France,1971-1995,11114,political-scientist,publisher
http://www.wikidata.org/entity/Q1335999,Ursula Apitzsch,1947,female,Bersenbrück,POINT (7.947181 52.555305),Western Europe,Germany,Germany,1971-1995,7734,university-teacher,agency
http://www.wikidata.org/entity/Q1372422,Eugen Buß,1943,male,Brunsbüttel,POINT (9.138611 53.896389),Western Europe,Germany,Germany,1971-1995,8160,university-teacher,university
http://www.wikidata.org/entity/Q1603839,Helmut Kuzmics,1949,male,Graz,POINT (15.438611 47.070833),Western Europe,Austria,Austria Hungary,1971-1995,8817,university-teacher,publisher
http://www.wikidata.org/entity/Q1904943,Derrick de Kerckhove,1944,male,Wanze,POINT (5.2133 50.5353),Western Europe,Belgium,Belgium Netherl.,1971-1995,9798,writer,publisher
http://www.wikidata.org/entity/Q2474825,Ulf Matthiesen,1943,male,Hamburg,POINT (10 53.55),Western Europe,Germany,Germany,1971-1995,10945,university-teacher,publisher
http://www.wikidata.org/entity/Q15630077,Alberto Febbrajo,1944,male,Vittorio Veneto,POINT (12.3 45.983333),Southern Europe,Italy,Italy,1971-1995,8642,university-teacher,university
http://www.wikidata.org/entity/Q3084998,François Jost,1949,male,Strasbourg,POINT (7.752222 48.573333),Western Europe,France,France,1971-1995,11885,university-teacher,publisher
http://www.wikidata.org/entity/Q3023014,Denise Bombardier,1941,female,Montreal,POINT (-73.586841 45.503343),Northern America,Canada,United States Can.,1971-1995,11769,writer,enterprise
http://www.wikidata.org/entity/Q20127890,Jonathan Bradshaw,1944,male,Windsor,POINT (-0.6 51.483333),Northern Europe,United Kingdom,United Kingdom,1971-1995,10096,university-teacher,education
http://www.wikidata.org/entity/Q1281258,Eckard König,1944,male,Königsberg,POINT (20.509306 54.711472),European Russia,Russian Federation,Russian Federation,1971-1995,7263,university-teacher,university
http://www.wikidata.org/entity/Q1530071,Arno Bammé,1944,male,Šumperk,POINT (16.970666 49.9653),Eastern Europe,Czechia,Czechia,1971-1995,8506,university-teacher,publisher
http://www.wikidata.org/entity/Q1684761,Jean-Claude Kaufmann,1948,male,Le Mans,POINT (0.196944 48.004167),Western Europe,France,France,1971-1995,9148,university-teacher,university
http://www.wikidata.org/entity/Q15452024,Dieter Sauer,1944,male,Karlovy Vary,POINT (12.8725 50.230555),Eastern Europe,Czechia,Czechia,1971-1995,8582,university-teacher,university
http://www.wikidata.org/entity/Q3017532,David Bloor,1942,male,Derby,POINT (-1.476667 52.921667),Northern Europe,United Kingdom,United Kingdom,1971-1995,11759,university-teacher,publisher
http://www.wikidata.org/entity/Q1570371,Herman Franke,1948,male,Groningen,POINT (6.5675 53.218889),Western Europe,Netherlands,Belgium Netherl.,1971-1995,8655,university-teacher,institute
http://www.wikidata.org/entity/Q2939162,Carlo Bordoni,1946,male,Carrara,POINT (10.1 44.083333),Southern Europe,Italy,Italy,1971-1995,11632,writer,GLAM
http://www.wikidata.org/entity/Q20017140,Luiz Antonio Cunha,1943,male,Araguari,POINT (-48.186944 -18.648889),South America,Brazil,South America,1971-1995,10042,writer,publisher
http://www.wikidata.org/entity/Q1576514,Hanns Peter Euler,1941,male,Schweinfurt,POINT (10.233333 50.05),Western Europe,Germany,Germany,1971-1995,8669,university-teacher,organization
http://www.wikidata.org/entity/Q30903224,Antoni Kamiński,1942,male,Warsaw,POINT (21.011111 52.23),Eastern Europe,Poland,Poland,1971-1995,11902,university-teacher,education
http://www.wikidata.org/entity/Q21272292,Marina D'Amato,1950,female,Rome,POINT (12.482778 41.893056),Southern Europe,Italy,Italy,1971-1995,10376,university-teacher,publisher
http://www.wikidata.org/entity/Q2033008,Oscar W. Gabriel,1947,male,Daun,POINT (6.831945 50.198611),Western Europe,Germany,Germany,1971-1995,10119,university-teacher,publisher
http://www.wikidata.org/entity/Q15735741,Pekka Sulkunen,1948,male,Jyväskylä,POINT (25.744444 62.240278),Northern Europe,Finland,Baltic States Fin. Belar.,1971-1995,8667,university-teacher,organization
http://www.wikidata.org/entity/Q2942102,Catherine Wihtol de Wenden,1950,female,Soissons,POINT (3.3225 49.381111),Western Europe,France,France,1971-1995,11641,university-teacher,publisher
http://www.wikidata.org/entity/Q167507,Werner Gephart,1949,male,Germany,POINT (10 51),Western Europe,Germany,Germany,1971-1995,9127,university-teacher,publisher
http://www.wikidata.org/entity/Q3086490,Françoise Gaspard,1945,female,Dreux,POINT (1.365556 48.736389),Western Europe,France,France,1971-1995,11891,politician,institute
http://www.wikidata.org/entity/Q1714232,Justin Stagl,1941,male,Klagenfurt am Wörthersee,POINT (14.3 46.616667),Western Europe,Austria,Austria Hungary,1971-1995,9272,university-teacher,publisher
http://www.wikidata.org/entity/Q3086321,François de Singly,1948,male,Dreux,POINT (1.365556 48.736389),Western Europe,France,France,1971-1995,11890,university-teacher,publisher
http://www.wikidata.org/entity/Q2073652,Peter Alheit,1946,male,Naumburg,POINT (9.166667 51.25),Western Europe,Germany,Germany,1971-1995,10222,university-teacher,organization
http://www.wikidata.org/entity/Q15449677,Klaus Ulich,1943,male,Kassel,POINT (9.497917 51.315778),Western Europe,Germany,Germany,1971-1995,8577,university-teacher,university
http://www.wikidata.org/entity/Q3035981,Donald Angus MacKenzie,1950,male,Inverness,POINT (-4.225833 57.483889),Northern Europe,United Kingdom,United Kingdom,1971-1995,11811,other,publisher
http://www.wikidata.org/entity/Q1558636,György Széll,1941,male,Budapest,POINT (19.040833 47.498333),Eastern Europe,Hungary,Austria Hungary,1971-1995,8621,university-teacher,publisher
http://www.wikidata.org/entity/Q1540329,Hannelore Bublitz,1947,female,Schleswig,POINT (9.569722 54.515278),Western Europe,Germany,Germany,1971-1995,8520,university-teacher,university
http://www.wikidata.org/entity/Q1704554,Josef Esser,1943,male,Aachen,POINT (6.083788 50.776207),Western Europe,Germany,Germany,1971-1995,9237,university-teacher,agency
http://www.wikidata.org/entity/Q1686046,Manfred Faßler,1949,male,Bonn,POINT (7.102222 50.735278),Western Europe,Germany,Germany,1971-1995,9157,university-teacher,publisher
http://www.wikidata.org/entity/Q3007694,Paul Schnabel,1948,male,Bergen op Zoom,POINT (4.3 51.5),Western Europe,Netherlands,Belgium Netherl.,1971-1995,11725,university-teacher,university
http://www.wikidata.org/entity/Q1701990,John Urry,1946,male,London,POINT (-0.1275 51.507222),Northern Europe,United Kingdom,United Kingdom,1971-1995,9228,university-teacher,education
http://www.wikidata.org/entity/Q20510158,Gevorg Poghosyan,1950,male,Yerevan,POINT (44.514445 40.181389),Western Asia,Armenia,Russian Federation,1971-1995,10151,university-teacher,institute
http://www.wikidata.org/entity/Q17022961,Maxine Baca Zinn,1942,female,New Mexico,POINT (-106 34),Northern America,United States,United States Can.,1971-1995,9231,university-teacher,education
http://www.wikidata.org/entity/Q20506147,Joaquín García Roca,1947,male,Barxeta,POINT (-0.415833 39.021111),Southern Europe,Spain,Spain Port.,1971-1995,10150,philosopher,publisher
http://www.wikidata.org/entity/Q210343,Chizuko Ueno,1948,female,Kamiichi,POINT (137.362444 36.698361),Eastern Asia,Japan,Japan,1971-1995,10322,university-teacher,publisher
http://www.wikidata.org/entity/Q30044509,Stephan Leibfried,1944,male,Göttingen,POINT (9.935555 51.533889),Western Europe,Germany,Germany,1971-1995,11719,university-teacher,university
http://www.wikidata.org/entity/Q1703901,Richard Münch,1945,male,Niefern-Öschelbronn,POINT (8.784167 48.916389),Western Europe,Germany,Germany,1971-1995,9235,university-teacher,publisher
http://www.wikidata.org/entity/Q20502863,Shulamit Reinharz,1946,female,Amsterdam,POINT (4.883333 52.366667),Western Europe,Netherlands,Belgium Netherl.,1971-1995,10149,university-teacher,education
http://www.wikidata.org/entity/Q15428884,Ulrich Widmaier,1944,male,Stuttgart,POINT (9.18 48.7775),Western Europe,Germany,Germany,1971-1995,8527,university-teacher,agency
http://www.wikidata.org/entity/Q15445646,Thomas Kluge,1948,male,Kiel,POINT (10.139445 54.323333),Western Europe,Germany,Germany,1971-1995,8569,university-teacher,university
http://www.wikidata.org/entity/Q20754974,Iñaki Martinez de Luna,1950,male,Vitoria-Gasteiz,POINT (-2.673055 42.846667),Southern Europe,Spain,Spain Port.,1971-1995,10241,other,publisher
http://www.wikidata.org/entity/Q3015146,Danièle Hervieu-Léger,1947,female,Paris,POINT (2.352222 48.856667),Western Europe,France,France,1971-1995,11755,university-teacher,institute
http://www.wikidata.org/entity/Q3075643,Juraj Schenk,1948,male,Bratislava,POINT (17.112778 48.144722),Eastern Europe,Slovakia,Central Europe,1971-1995,11872,politician,publisher
http://www.wikidata.org/entity/Q17154221,Patrick Guiol,1947,male,Vannes,POINT (-2.761667 47.655),Western Europe,France,France,1971-1995,9276,political-scientist,university
http://www.wikidata.org/entity/Q20085101,Andrey Zaytsev,1946,male,Kaluga,POINT (36.266667 54.533333),European Russia,Russian Federation,Russian Federation,1971-1995,10087,university-teacher,university
http://www.wikidata.org/entity/Q3013875,Daniel Colson,1943,male,Aubusson,POINT (2.1675 45.956111),Western Europe,France,France,1971-1995,11744,other,education
http://www.wikidata.org/entity/Q1717114,Jürgen E. Müller,1950,male,Berchtesgaden,POINT (13.004167 47.631389),Western Europe,Germany,Germany,1971-1995,9300,university-teacher,university
http://www.wikidata.org/entity/Q3048294,Eduard Mira,1945,male,Valencia,POINT (-0.376389 39.47),Southern Europe,Spain,Spain Port.,1971-1995,11821,writer,publisher
http://www.wikidata.org/entity/Q2965664,Christian Topalov,1944,male,Troyan,POINT (24.710508 42.891494),Eastern Europe,Bulgaria,Central Europe,1971-1995,11682,university-teacher,institute
http://www.wikidata.org/entity/Q15439041,Royston Greenwood,1944,male,Bradford,POINT (-1.751 53.794),Northern Europe,United Kingdom,United Kingdom,1971-1995,8560,university-teacher,publisher
http://www.wikidata.org/entity/Q12800523,Rudi Rizman,1944,male,Slovenska Bistrica,POINT (15.570726 46.394137),Southern Europe,Slovenia,Central Europe,1971-1995,7247,university-teacher,publisher
http://www.wikidata.org/entity/Q2966188,Christophe Dejours,1949,male,Paris,POINT (2.352222 48.856667),Western Europe,France,France,1971-1995,11687,other,education
http://www.wikidata.org/entity/Q2977327,Claude Dubar,1945,male,Lille,POINT (3.0575 50.631944),Western Europe,France,France,1971-1995,11690,other,education
http://www.wikidata.org/entity/Q3069188,Fernand Harvey,1943,male,Montreal,POINT (-73.586841 45.503343),Northern America,Canada,United States Can.,1971-1995,11862,university-teacher,organization
http://www.wikidata.org/entity/Q1560285,Günter Albrecht,1943,male,Duisburg,POINT (6.761111 51.432222),Western Europe,Germany,Germany,1971-1995,8625,university-teacher,publisher
http://www.wikidata.org/entity/Q2080862,James A. Beckford,1942,male,United Kingdom,POINT (-2 54.6),Northern Europe,United Kingdom,United Kingdom,1971-1995,10253,university-teacher,education
http://www.wikidata.org/entity/Q152728,Yukiko Kada,1950,female,Honjō-shi,POINT (139.190389 36.243583),Eastern Asia,Japan,Japan,1971-1995,8497,university-teacher,publisher
http://www.wikidata.org/entity/Q20961820,Joël-Marie Fauquet,1942,male,Nogent-le-Rotrou,POINT (0.821667 48.321667),Western Europe,France,France,1971-1995,10288,historian,publisher
http://www.wikidata.org/entity/Q15456568,Dieter Boris,1943,male,Bielsko-Biała,POINT (19.044445 49.8225),Eastern Europe,Poland,Poland,1971-1995,8593,university-teacher,university
http://www.wikidata.org/entity/Q20962866,Gábor Havas,1944,male,London,POINT (-0.1275 51.507222),Northern Europe,United Kingdom,United Kingdom,1971-1995,10290,university-teacher,organization
http://www.wikidata.org/entity/Q15436212,Richard Rosenfeld,1948,male,St. Louis,POINT (-90.199444 38.626389),Northern America,United States,United States Can.,1971-1995,8550,university-teacher,education
http://www.wikidata.org/entity/Q2093915,Pierre Rosanvallon,1948,male,Blois,POINT (1.327222 47.593056),Western Europe,France,France,1971-1995,10284,politician,education
http://www.wikidata.org/entity/Q1515330,Gert Schmidt,1943,male,Görlitz,POINT (14.987222 51.152778),Western Europe,Germany,Germany,1971-1995,8481,university-teacher,publisher
http://www.wikidata.org/entity/Q1576574,Hanns Wienold,1944,male,Großpostwitz,POINT (14.44044 51.11889),Western Europe,Germany,Germany,1971-1995,8670,university-teacher,agency
http://www.wikidata.org/entity/Q310161,Manuel Castells,1942,male,Hellín,POINT (-1.703333 38.512222),Southern Europe,Spain,Spain Port.,1971-1995,11929,writer,education
http://www.wikidata.org/entity/Q1672565,Irene Runge,1942,female,Washington Heights,POINT (-74.4111 41.4672),Northern America,United States,United States Can.,1971-1995,9101,university-teacher,publisher
http://www.wikidata.org/entity/Q1721434,Werner Durth,1949,male,Mengeringhausen,POINT (8.99 51.3667),Western Europe,Germany,Germany,1971-1995,9323,university-teacher,publisher
http://www.wikidata.org/entity/Q1681252,James Loewen,1942,male,Decatur,POINT (-88.944167 39.851667),Northern America,United States,United States Can.,1971-1995,9143,university-teacher,education
http://www.wikidata.org/entity/Q1682105,Jan Parys,1950,male,Warsaw,POINT (21.011111 52.23),Eastern Europe,Poland,Poland,1971-1995,9145,politician,publisher
http://www.wikidata.org/entity/Q2022636,Victor Ovcharenko,1943,male,Dimitrovgrad,POINT (49.583333 54.233333),European Russia,Russian Federation,Russian Federation,1971-1995,10107,historian,university
http://www.wikidata.org/entity/Q1514269,Marina Fischer-Kowalski,1946,female,Vienna,POINT (16.3725 48.208333),Western Europe,Austria,Austria Hungary,1971-1995,8476,researcher,education
http://www.wikidata.org/entity/Q2063164,Paul Windolf,1946,male,Düsseldorf,POINT (6.776667 51.225556),Western Europe,Germany,Germany,1971-1995,10181,university-teacher,publisher
http://www.wikidata.org/entity/Q20252757,Matti Rimpelä,1942,male,Siikainen,POINT (21.816667 61.883333),Northern Europe,Finland,Baltic States Fin. Belar.,1971-1995,10111,other,organization
http://www.wikidata.org/entity/Q3105261,Martin Bútora,1944,male,Bratislava,POINT (17.112778 48.144722),Eastern Europe,Slovakia,Central Europe,1971-1995,11942,university-teacher,publisher
http://www.wikidata.org/entity/Q20675496,Clifford Clogg,1949,male,Oberlin,POINT (-82.216667 41.288333),Northern America,United States,United States Can.,1971-1995,10199,university-teacher,university
http://www.wikidata.org/entity/Q1722938,Peter Fuchs,1949,male,Dinkelsbühl,POINT (10.319444 49.070833),Western Europe,Germany,Germany,1971-1995,9351,university-teacher,education
http://www.wikidata.org/entity/Q3103204,Georges Mink,1946,male,Issy-les-Moulineaux,POINT (2.269167 48.823056),Western Europe,France,France,1971-1995,11938,university-teacher,publisher
http://www.wikidata.org/entity/Q15456278,Ian Taylor,1944,male,Sheffield,POINT (-1.470278 53.380833),Northern Europe,United Kingdom,United Kingdom,1971-1995,8592,other,education
http://www.wikidata.org/entity/Q1285852,Jock Young,1942,male,Midlothian,POINT (-3.068611 55.894167),Northern Europe,United Kingdom,United Kingdom,1971-1995,7287,university-teacher,education
http://www.wikidata.org/entity/Q2060461,Paul Jorion,1946,male,Ixelles,POINT (4.366945 50.833056),Western Europe,Belgium,Belgium Netherl.,1971-1995,10174,university-teacher,education
http://www.wikidata.org/entity/Q19998243,Damià Mollà Beneyto,1946,male,Bocairent,POINT (-0.612778 38.765833),Southern Europe,Spain,Spain Port.,1971-1995,10027,professor,publisher
http://www.wikidata.org/entity/Q292340,Alexis Herman,1947,female,Mobile,POINT (-88.052672 30.727669),Northern America,United States,United States Can.,1971-1995,11618,politician,organization
http://www.wikidata.org/entity/Q2128349,Rainer Roth,1944,male,Tachov,POINT (12.633709 49.795398),Eastern Europe,Czechia,Czechia,1971-1995,10383,university-teacher,education
http://www.wikidata.org/entity/Q12849928,Ahmad Qasamoglu,1950,male,Vayxır,POINT (45.4675 39.349722),Western Asia,Azerbaijan,Russian Federation,1971-1995,7282,other,organization
http://www.wikidata.org/entity/Q15435471,Gertrud Pfister,1945,female,Ayxştet,POINT (11.183889 48.891944),Western Europe,Germany,Germany,1971-1995,8546,university-teacher,publisher
http://www.wikidata.org/entity/Q20712225,Sandra Kirby,1949,female,Calgary,POINT (-114.066667 51.05),Northern America,Canada,United States Can.,1971-1995,10211,other,organization
http://www.wikidata.org/entity/Q310106,Janko Prunk,1942,male,Loka pri Zidanem Mostu,POINT (15.208056 46.055556),Southern Europe,Slovenia,Central Europe,1971-1995,11927,university-teacher,publisher
http://www.wikidata.org/entity/Q11383691,Kenji Satō,1957,male,Takasaki,POINT (139.002361 36.323111),Eastern Asia,Japan,Japan,1996-2020,5158,university-teacher,university
http://www.wikidata.org/entity/Q19268922,Mirosław Pęczak,1956,male,Warsaw,POINT (21.011111 52.23),Eastern Europe,Poland,Poland,1996-2020,9826,university-teacher,university
http://www.wikidata.org/entity/Q23835912,Yasuo Baba,1957,male,Kamo,POINT (139.040222 37.666306),Eastern Asia,Japan,Japan,1996-2020,10778,university-teacher,publisher
http://www.wikidata.org/entity/Q87401243,Giorgio Triani,1951,male,Parma,POINT (10.328 44.801472),Southern Europe,Italy,Italy,1996-2020,17213,university-teacher,publisher
http://www.wikidata.org/entity/Q1097394,Claudia Dalbert,1954,female,Cologne,POINT (6.957778 50.942222),Western Europe,Germany,Germany,1996-2020,1061,university-teacher,education
http://www.wikidata.org/entity/Q64786459,Maria Stella Agnoli,1951,female,Fiuggi,POINT (13.216667 41.8),Southern Europe,Italy,Italy,1996-2020,15880,university-teacher,organization
http://www.wikidata.org/entity/Q1928614,Michael Messner,1952,male,Salinas,POINT (-121.655555 36.677778),Northern America,United States,United States Can.,1996-2020,9838,other,education
http://www.wikidata.org/entity/Q109486975,"Ананишнев, Владимир Максимович",1953,male,Chapayevsk,POINT (49.716667 52.983333),European Russia,Russian Federation,Russian Federation,1996-2020,998,university-teacher,university
http://www.wikidata.org/entity/Q109729781,Rita Biancheri,1954,female,Aulla,POINT (9.966667 44.216667),Southern Europe,Italy,Italy,1996-2020,1060,university-teacher,publisher
http://www.wikidata.org/entity/Q56508302,Xabier Aierdi Urraza,1957,male,Zeberio,POINT (-2.852422 43.146842),Southern Europe,Spain,Spain Port.,1996-2020,14533,university-teacher,publisher
http://www.wikidata.org/entity/Q112396851,David B. Bills,1953,male,Sheffield,POINT (-79.0339 41.7042),Northern America,United States,United States Can.,1996-2020,1903,professor,education
http://www.wikidata.org/entity/Q1379975,Frank Ettrich,1958,male,Königstein,POINT (14.071389 50.918889),Western Europe,Germany,Germany,1996-2020,8237,university-teacher,publisher
http://www.wikidata.org/entity/Q109459837,Ivana Matteucci,1958,female,Camerino,POINT (13.066667 43.133333),Southern Europe,Italy,Italy,1996-2020,994,university-teacher,publisher
http://www.wikidata.org/entity/Q2027067,Pavel Polian,1952,male,Moscow,POINT (37.6175 55.750556),European Russia,Russian Federation,Russian Federation,1996-2020,10115,historian,university
http://www.wikidata.org/entity/Q2032293,Ortwin Renn,1951,male,Schmidtheim,POINT (6.56056 50.4161),Western Europe,Germany,Germany,1996-2020,10118,university-teacher,publisher
http://www.wikidata.org/entity/Q1903689,Martin Endreß,1960,male,Bochum,POINT (7.216667 51.483333),Western Europe,Germany,Germany,1996-2020,9791,university-teacher,university
http://www.wikidata.org/entity/Q88462843,Sergio Belardinelli,1952,male,Sassoferrato,POINT (12.856519 43.427469),Southern Europe,Italy,Italy,1996-2020,17264,university-teacher,publisher
http://www.wikidata.org/entity/Q1910024,Matthias Junge,1960,male,Bonn,POINT (7.102222 50.735278),Western Europe,Germany,Germany,1996-2020,9806,university-teacher,university
http://www.wikidata.org/entity/Q109611382,Roberto Serpieri,1955,male,Bari,POINT (16.866667 41.125278),Southern Europe,Italy,Italy,1996-2020,1037,university-teacher,publisher
http://www.wikidata.org/entity/Q8772477,Edurne Uriarte,1960,female,Fruiz,POINT (-2.789501 43.327652),Southern Europe,Spain,Spain Port.,1996-2020,17228,university-teacher,publisher
http://www.wikidata.org/entity/Q2338687,Steffen Kühnel,1956,male,Hamburg,POINT (10 53.55),Western Europe,Germany,Germany,1996-2020,10712,university-teacher,organization
http://www.wikidata.org/entity/Q109621969,Daniel Dagenais,1956,male,Montreal,POINT (-73.586841 45.503343),Northern America,Canada,United States Can.,1996-2020,1039,university-teacher,publisher
http://www.wikidata.org/entity/Q87400380,Paola Di Nicola,1951,female,Spoltore,POINT (14.13988 42.45501),Southern Europe,Italy,Italy,1996-2020,17207,university-teacher,publisher
http://www.wikidata.org/entity/Q1370828,Jörg Strübing,1959,male,Hamburg,POINT (10 53.55),Western Europe,Germany,Germany,1996-2020,8147,university-teacher,publisher
http://www.wikidata.org/entity/Q705633,David M. Halperin,1952,male,Chicago,POINT (-87.627778 41.881944),Northern America,United States,United States Can.,1996-2020,16350,university-teacher,education
http://www.wikidata.org/entity/Q1564311,Michael Baurmann,1952,male,Aachen,POINT (6.083788 50.776207),Western Europe,Germany,Germany,1996-2020,8646,university-teacher,university
http://www.wikidata.org/entity/Q19206420,Todor Tanev,1957,male,Sofia,POINT (23.321726 42.697886),Eastern Europe,Bulgaria,Central Europe,1996-2020,9819,politician,publisher
http://www.wikidata.org/entity/Q112493533,Neil Davidson,1957,male,Aberdeen,POINT (-2.1 57.15),Northern Europe,United Kingdom,United Kingdom,1996-2020,2992,university-teacher,publisher
http://www.wikidata.org/entity/Q6539433,Liah Greenfeld,1954,female,Vladivostok,POINT (131.885278 43.115),Asiatic Russia,Russian Federation,Russian Federation,1996-2020,15966,political-scientist,education
http://www.wikidata.org/entity/Q1927016,Michael Bommes,1954,male,Düsseldorf,POINT (6.776667 51.225556),Western Europe,Germany,Germany,1996-2020,9830,university-teacher,university
http://www.wikidata.org/entity/Q55999690,Pierre-Noël Denieuil,1951,male,Saint-Étienne,POINT (4.389722 45.433889),Western Europe,France,France,1996-2020,14446,other,publisher
http://www.wikidata.org/entity/Q55999931,Guillermo Márquez Cruz,1952,male,Almería,POINT (-2.463889 36.841667),Southern Europe,Spain,Spain Port.,1996-2020,14447,professor,publisher
http://www.wikidata.org/entity/Q2141401,Reinhold Hedtke,1953,male,Lengerich,POINT (7.8525 52.189722),Western Europe,Germany,Germany,1996-2020,10407,university-teacher,publisher
http://www.wikidata.org/entity/Q114976,Christian Fleck,1954,male,Graz,POINT (15.438611 47.070833),Western Europe,Austria,Austria Hungary,1996-2020,5368,university-teacher,publisher
http://www.wikidata.org/entity/Q9145656,Aleksander Lasik,1953,male,Szubin,POINT (17.7423 53.0096),Eastern Europe,Poland,Poland,1996-2020,17445,historian,publisher
http://www.wikidata.org/entity/Q108921456,Rocco Barbaro,1958,male,Reggio Calabria,POINT (15.65 38.114439),Southern Europe,Italy,Italy,1996-2020,929,other,institution
http://www.wikidata.org/entity/Q9152157,Andrzej Gwóźdź,1953,male,Siemianowice Śląskie,POINT (19.0232 50.31231),Eastern Europe,Poland,Poland,1996-2020,17456,other,publisher
http://www.wikidata.org/entity/Q15491227,Gary Kinsman,1955,male,Toronto,POINT (-79.386667 43.670278),Northern America,Canada,United States Can.,1996-2020,8605,other,organization
http://www.wikidata.org/entity/Q91448,Ines Geipel,1960,female,Dresden,POINT (13.738144 51.049329),Western Europe,Germany,Germany,1996-2020,17443,university-teacher,education
http://www.wikidata.org/entity/Q547149,Beverly J. Silver,1957,female,Detroit,POINT (-83.0475 42.331667),Northern America,United States,United States Can.,1996-2020,14063,economist,education
http://www.wikidata.org/entity/Q6681474,Lorne L. Dawson,1954,male,Regina,POINT (-104.606667 50.454722),Northern America,Canada,United States Can.,1996-2020,16110,university-teacher,publisher
http://www.wikidata.org/entity/Q55081459,Scott Lipton,1959,male,California,POINT (-120 37),Northern America,United States,United States Can.,1996-2020,14111,other,education
http://www.wikidata.org/entity/Q1148314,Udo Kelle,1960,male,Hanover,POINT (9.738611 52.374444),Western Europe,Germany,Germany,1996-2020,5349,university-teacher,university
http://www.wikidata.org/entity/Q5478321,France Winddance Twine,1960,female,Chicago,POINT (-87.627778 41.881944),Northern America,United States,United States Can.,1996-2020,14071,writer,education
http://www.wikidata.org/entity/Q11496984,Yoshiharu Tezuka,1958,male,Tokyo,POINT (139.691667 35.689444),Eastern Asia,Japan,Japan,1996-2020,5366,other,publisher
http://www.wikidata.org/entity/Q2073566,Peter A. Kraus,1960,male,Barcelona,POINT (2.176944 41.3825),Southern Europe,Spain,Spain Port.,1996-2020,10220,university-teacher,organization
http://www.wikidata.org/entity/Q2073557,Peter A. Berger,1955,male,Velden,POINT (12.25 48.366667),Western Europe,Germany,Germany,1996-2020,10219,university-teacher,university
http://www.wikidata.org/entity/Q54105550,Heiner Barz,1957,male,Bad Cannstatt,POINT (9.2141 48.8056),Western Europe,Germany,Germany,1996-2020,14028,university-teacher,university
http://www.wikidata.org/entity/Q18704566,Vladimir Abushenko,1957,male,Pinsk,POINT (26.103055 52.115278),Eastern Europe,Belarus,Baltic States Fin. Belar.,1996-2020,9713,philosopher,facility
http://www.wikidata.org/entity/Q53534187,Laurence Gavarini,1952,female,Saint-Jean-de-Maurienne,POINT (6.345 45.276667),Western Europe,France,France,1996-2020,13977,other,university
http://www.wikidata.org/entity/Q6766031,Mariusz Maszkiewicz,1959,male,Iława,POINT (19.565556 53.596389),Eastern Europe,Poland,Poland,1996-2020,16183,economist,other
http://www.wikidata.org/entity/Q532816,Angela Keppler,1954,female,Niederstetten,POINT (9.918055 49.400833),Western Europe,Germany,Germany,1996-2020,13965,university-teacher,university
http://www.wikidata.org/entity/Q532245,Carol Queen,1957,female,United States,POINT (-98.5795 39.828175),Northern America,United States,United States Can.,1996-2020,13961,writer,enterprise
http://www.wikidata.org/entity/Q6782378,Masahiro Morioka,1958,male,Kochi,POINT (133.531222 33.558833),Eastern Asia,Japan,Japan,1996-2020,16212,writer,education
http://www.wikidata.org/entity/Q91780,Martin Kusch,1959,male,Austria,POINT (14 48),Western Europe,Austria,Austria Hungary,1996-2020,17497,university-teacher,education
http://www.wikidata.org/entity/Q1548440,Wolfgang Bonß,1952,male,Hagen,POINT (7.475 51.359444),Western Europe,Germany,Germany,1996-2020,8603,university-teacher,other
http://www.wikidata.org/entity/Q9154157,Andrzej Zybertowicz,1954,male,Bydgoszcz,POINT (18 53.116667),Eastern Europe,Poland,Poland,1996-2020,17469,university-teacher,publisher
http://www.wikidata.org/entity/Q675969,Rogers Brubaker,1956,male,Evanston,POINT (-87.690059 42.041141),Northern America,United States,United States Can.,1996-2020,16169,university-teacher,education
http://www.wikidata.org/entity/Q115264608,Luigi Pannarale,1954,male,Barletta,POINT (16.283333 41.316667),Southern Europe,Italy,Italy,1996-2020,5426,university-teacher,university
http://www.wikidata.org/entity/Q9165355,Barbara Fatyga,1953,female,Wrocław,POINT (17.0325 51.11),Eastern Europe,Poland,Poland,1996-2020,17484,anthropologist,publisher
http://www.wikidata.org/entity/Q537965,Svetlana Tatunts,1953,female,Baku,POINT (49.835183 40.366656),Western Asia,Azerbaijan,Russian Federation,1996-2020,14001,university-teacher,university
http://www.wikidata.org/entity/Q916122,Brigitte Aulenbacher,1959,female,Quierschied,POINT (7.05 49.3167),Western Europe,Germany,Germany,1996-2020,17479,university-teacher,university
http://www.wikidata.org/entity/Q109378294,Cecilia Costa,1954,female,Rome,POINT (12.482778 41.893056),Southern Europe,Italy,Italy,1996-2020,974,university-teacher,university
http://www.wikidata.org/entity/Q556447,Vaidutis Laurėnas,1958,male,Ožionys,POINT (26.38 55.384),Eastern Europe,Lithuania,Baltic States Fin. Belar.,1996-2020,14298,university-teacher,publisher
http://www.wikidata.org/entity/Q109302050,Teresa Doni,1959,female,Cisterna di Latina,POINT (12.830556 41.588889),Southern Europe,Italy,Italy,1996-2020,964,university-teacher,other
http://www.wikidata.org/entity/Q89921170,Salvatore Abbruzzese,1954,male,Arce,POINT (13.583333 41.583333),Southern Europe,Italy,Italy,1996-2020,17356,university-teacher,publisher
http://www.wikidata.org/entity/Q688123,Armin Nassehi,1960,male,Tübingen,POINT (9.055556 48.52),Western Europe,Germany,Germany,1996-2020,16271,university-teacher,university
http://www.wikidata.org/entity/Q112484028,Claudio Marra,1959,male,Naples,POINT (14.248611 40.835833),Southern Europe,Italy,Italy,1996-2020,2834,university-teacher,university
http://www.wikidata.org/entity/Q18955382,Andreu Domingo i Valls,1958,male,Saus,POINT (2.97759 42.1325),Southern Europe,Spain,Spain Port.,1996-2020,9776,historian,publisher
http://www.wikidata.org/entity/Q1894952,Margarete Boos,1954,female,Reutlingen,POINT (9.216667 48.483333),Western Europe,Germany,Germany,1996-2020,9774,university-teacher,organization
http://www.wikidata.org/entity/Q11453996,Yoshihiko Miyagi,1960,male,Naha,POINT (127.679167 26.212222),Eastern Asia,Japan,Japan,1996-2020,5290,teacher,university
http://www.wikidata.org/entity/Q55701164,Vaqif Bayramov,1957,male,Tbilisi,POINT (44.7925 41.7225),Western Asia,Georgia,Russian Federation,1996-2020,14325,scientist,academy
http://www.wikidata.org/entity/Q1894631,Marek Prawda,1956,male,Kielce,POINT (20.631945 50.8725),Eastern Europe,Poland,Poland,1996-2020,9773,researcher,education
http://www.wikidata.org/entity/Q55688828,Julen Zabalo Bilbao,1957,male,Basauri,POINT (-2.89 43.236667),Southern Europe,Spain,Spain Port.,1996-2020,14322,university-teacher,publisher
http://www.wikidata.org/entity/Q136528029,Pilar Maldonado Moya,1957,female,Alcañiz,POINT (-0.132957 41.050254),Southern Europe,Spain,Spain Port.,1996-2020,8080,other,agency
http://www.wikidata.org/entity/Q15452125,Michael Meuser,1952,male,Cologne,POINT (6.957778 50.942222),Western Europe,Germany,Germany,1996-2020,8583,university-teacher,institute
http://www.wikidata.org/entity/Q16065124,Helmut Staubmann,1956,male,Judenburg,POINT (14.660278 47.1725),Western Europe,Austria,Austria Hungary,1996-2020,8835,university-teacher,university
http://www.wikidata.org/entity/Q6832604,Michael Mayerfeld Bell,1957,male,Providence,POINT (-71.41283 41.82399),Northern America,United States,United States Can.,1996-2020,16250,university-teacher,education
http://www.wikidata.org/entity/Q6833247,Michael Omi,1951,male,Berkeley,POINT (-122.268056 37.870278),Northern America,United States,United States Can.,1996-2020,16251,writer,education
http://www.wikidata.org/entity/Q1363673,Thomas Voss,1955,male,Wuppertal,POINT (7.183333 51.266667),Western Europe,Germany,Germany,1996-2020,8049,university-teacher,publisher
http://www.wikidata.org/entity/Q6830135,Michael Eric Dyson,1958,male,Detroit,POINT (-83.0475 42.331667),Northern America,United States,United States Can.,1996-2020,16246,university-teacher,education
http://www.wikidata.org/entity/Q2419536,Theresa Wobbe,1952,female,Borken,POINT (6.858333 51.843889),Western Europe,Germany,Germany,1996-2020,10863,university-teacher,publisher
http://www.wikidata.org/entity/Q2423787,Thomas Faist,1959,male,Wolfach,POINT (8.222778 48.299444),Western Europe,Germany,Germany,1996-2020,10869,university-teacher,publisher
http://www.wikidata.org/entity/Q109075246,Enrica Amaturo,1955,female,Naples,POINT (14.248611 40.835833),Southern Europe,Italy,Italy,1996-2020,939,university-teacher,publisher
http://www.wikidata.org/entity/Q6862952,Motti Regev,1954,male,Buenos Aires,POINT (-58.381944 -34.599722),South America,Argentina,South America,1996-2020,16264,researcher,publisher
http://www.wikidata.org/entity/Q11460226,Shigeru Kojima,1952,male,Tokyo,POINT (139.691667 35.689444),Eastern Asia,Japan,Japan,1996-2020,5297,other,university
http://www.wikidata.org/entity/Q1146164,Norbert F. Schneider,1955,male,Rehau,POINT (12.0354 50.2486),Western Europe,Germany,Germany,1996-2020,5298,university-teacher,publisher
http://www.wikidata.org/entity/Q66474808,Ingrid Breckner,1954,female,Mediaș,POINT (24.350833 46.163889),Eastern Europe,Romania,Central Europe,1996-2020,16074,university-teacher,university
http://www.wikidata.org/entity/Q15448746,Johannes Weyer,1956,male,Idar-Oberstein,POINT (7.325278 49.701944),Western Europe,Germany,Germany,1996-2020,8575,university-teacher,institute
http://www.wikidata.org/entity/Q55317178,Jan Latten,1952,male,Eygelshoven,POINT (6.0592 50.8925),Western Europe,Netherlands,Belgium Netherl.,1996-2020,14163,university-teacher,institute
http://www.wikidata.org/entity/Q90422187,Karen Mossberger,1954,female,Detroit,POINT (-83.0475 42.331667),Northern America,United States,United States Can.,1996-2020,17382,university-teacher,education
http://www.wikidata.org/entity/Q90181,Manfred Füllsack,1960,male,Vienna,POINT (16.3725 48.208333),Western Europe,Austria,Austria Hungary,1996-2020,17369,university-teacher,publisher
http://www.wikidata.org/entity/Q111273257,Antonella Cagnolati,1957,female,La Spezia,POINT (9.828881 44.108044),Southern Europe,Italy,Italy,1996-2020,1354,university-teacher,organization
http://www.wikidata.org/entity/Q2173895,Rudolf Stichweh,1951,male,Lemgo,POINT (8.9043 52.027681),Western Europe,Germany,Germany,1996-2020,10514,university-teacher,publisher
http://www.wikidata.org/entity/Q62559683,Nick Couldry,1958,male,London,POINT (-0.1275 51.507222),Northern Europe,United Kingdom,United Kingdom,1996-2020,15626,university-teacher,education
http://www.wikidata.org/entity/Q211771,Iveta Radičová,1956,female,Bratislava,POINT (17.112778 48.144722),Eastern Europe,Slovakia,Central Europe,1996-2020,10364,politician,publisher
http://www.wikidata.org/entity/Q14634567,Caroline Y. Robertson-von Trotha,1951,female,Glasgow,POINT (-4.25 55.861111),Northern Europe,United Kingdom,United Kingdom,1996-2020,8382,university-teacher,organization
http://www.wikidata.org/entity/Q112522338,Antonio La Spina,1959,male,Palermo,POINT (13.361262 38.115658),Southern Europe,Italy,Italy,1996-2020,3563,university-teacher,publisher
http://www.wikidata.org/entity/Q21264644,Shalini Randeria,1955,female,"Washington, D.C.",POINT (-77.036667 38.895),Northern America,United States,United States Can.,1996-2020,10374,university-teacher,education
http://www.wikidata.org/entity/Q62389051,Patrice Berger,1951,male,7th arrondissement of Lyon,POINT (4.840408 45.730869),Western Europe,France,France,1996-2020,15602,other,publisher
http://www.wikidata.org/entity/Q21258453,Dorothea Jansen,1956,female,Cologne,POINT (6.957778 50.942222),Western Europe,Germany,Germany,1996-2020,10370,university-teacher,university
http://www.wikidata.org/entity/Q112873024,Károly Bárd,1951,male,Budapest,POINT (19.040833 47.498333),Eastern Europe,Hungary,Austria Hungary,1996-2020,4245,other,publisher
http://www.wikidata.org/entity/Q77703158,Chiara Giaccardi,1959,female,Forlì,POINT (12.041389 44.222778),Southern Europe,Italy,Italy,1996-2020,16816,university-teacher,university
http://www.wikidata.org/entity/Q1584815,Harald Wenzel,1955,male,Bruchsal,POINT (8.6 49.133333),Western Europe,Germany,Germany,1996-2020,8719,university-teacher,publisher
http://www.wikidata.org/entity/Q7851866,Tukufu Zuberi,1959,male,Oakland,POINT (-122.25 37.8),Northern America,United States,United States Can.,1996-2020,16855,university-teacher,education
http://www.wikidata.org/entity/Q22069301,Stefano Allievi,1958,male,Milan,POINT (9.19 45.466944),Southern Europe,Italy,Italy,1996-2020,10555,university-teacher,organization
http://www.wikidata.org/entity/Q21133465,"Шарков, Феликс Изосимович",1951,male,Карабаши,POINT (47.911944 55.961111),European Russia,Russian Federation,Russian Federation,1996-2020,10350,scientist,education
http://www.wikidata.org/entity/Q112352348,Claudio Baraldi,1959,male,Modena,POINT (10.92572 44.64582),Southern Europe,Italy,Italy,1996-2020,1600,university-teacher,university
http://www.wikidata.org/entity/Q63034349,Richard Breen,1954,male,Leeds,POINT (-1.543611 53.7975),Northern Europe,United Kingdom,United Kingdom,1996-2020,15668,economist,education
http://www.wikidata.org/entity/Q78883,Arno Tausch,1951,male,Salzburg,POINT (13.045 47.8),Western Europe,Austria,Austria Hungary,1996-2020,16872,university-teacher,education
http://www.wikidata.org/entity/Q1966295,Natan Sznaider,1954,male,Mannheim,POINT (8.466111 49.487778),Western Europe,Germany,Germany,1996-2020,9933,university-teacher,education
http://www.wikidata.org/entity/Q113573839,Hannu Itkonen,1956,male,Varkaus,POINT (27.893055 62.313889),Northern Europe,Finland,Baltic States Fin. Belar.,1996-2020,4385,university-teacher,publisher
http://www.wikidata.org/entity/Q59827451,Stephen Turner,1951,male,Chicago,POINT (-87.627778 41.881944),Northern America,United States,United States Can.,1996-2020,15164,philosopher,education
http://www.wikidata.org/entity/Q6274485,Jonathan Spencer,1954,male,Dorking,POINT (-0.330556 51.2325),Northern Europe,United Kingdom,United Kingdom,1996-2020,15652,university-teacher,education
http://www.wikidata.org/entity/Q19668652,Sally Wyatt,1959,female,Canada,POINT (-109 56),Northern America,Canada,United States Can.,1996-2020,9944,university-teacher,organization
http://www.wikidata.org/entity/Q111079992,Julia Mirsky,1954,female,Saint Petersburg,POINT (30.316667 59.95),European Russia,Russian Federation,Russian Federation,1996-2020,1326,university-teacher,university
http://www.wikidata.org/entity/Q113585250,Әхмәҙиев Әлим Әхәт улы,1952,male,Yumaguzino,POINT (56.386667 52.8975),European Russia,Russian Federation,Russian Federation,1996-2020,4387,university-teacher,other
http://www.wikidata.org/entity/Q59697458,Carlo Sorrentino,1958,male,Naples,POINT (14.248611 40.835833),Southern Europe,Italy,Italy,1996-2020,15136,university-teacher,institution
http://www.wikidata.org/entity/Q79003878,Reinhard Müller,1954,male,Burgau,POINT (16.098889 47.143056),Western Europe,Austria,Austria Hungary,1996-2020,16875,historian,publisher
http://www.wikidata.org/entity/Q19973910,Arthur P.J. Mol,1960,male,Oss,POINT (5.516667 51.766667),Western Europe,Netherlands,Belgium Netherl.,1996-2020,10018,university-teacher,university
http://www.wikidata.org/entity/Q1990451,Pinchas Polonsky,1958,male,Moscow,POINT (37.6175 55.750556),European Russia,Russian Federation,Russian Federation,1996-2020,9994,university-teacher,publisher
http://www.wikidata.org/entity/Q111796542,Luigi Frezza,1952,male,Naples,POINT (14.248611 40.835833),Southern Europe,Italy,Italy,1996-2020,1461,university-teacher,university
http://www.wikidata.org/entity/Q111975875,Pierre Mouterde,1951,male,Metz,POINT (6.176944 49.119722),Western Europe,France,France,1996-2020,1487,journalist,organization
http://www.wikidata.org/entity/Q6128452,James Alan Fox,1951,male,Boston,POINT (-71.057778 42.360278),Northern America,United States,United States Can.,1996-2020,15427,other,education
http://www.wikidata.org/entity/Q747790,Paolo Virno,1952,male,Naples,POINT (14.248611 40.835833),Southern Europe,Italy,Italy,1996-2020,16664,philosopher,university
http://www.wikidata.org/entity/Q6151077,Jane Adams,1960,female,Leicester,POINT (-1.133055 52.636111),Northern Europe,United Kingdom,United Kingdom,1996-2020,15459,writer,education
http://www.wikidata.org/entity/Q1512709,Gerhard Wagner,1958,male,Donzdorf,POINT (9.816667 48.683333),Western Europe,Germany,Germany,1996-2020,8470,university-teacher,agency
http://www.wikidata.org/entity/Q21451382,Pearl Dykstra,1956,female,Sarnia,POINT (-82.4066 42.9745),Northern America,Canada,United States Can.,1996-2020,10413,university-teacher,organization
http://www.wikidata.org/entity/Q749704,Robert J. Sampson,1956,male,New York,POINT (-75 43),Northern America,United States,United States Can.,1996-2020,16674,university-teacher,education
http://www.wikidata.org/entity/Q7497592,Shinji Miyadai,1959,male,Sendai,POINT (140.869417 38.268222),Eastern Asia,Japan,Japan,1996-2020,16675,university-teacher,publisher
http://www.wikidata.org/entity/Q2140590,Reinhard Blomert,1951,male,Rheine,POINT (7.433333 52.283333),Western Europe,Germany,Germany,1996-2020,10402,university-teacher,publisher
http://www.wikidata.org/entity/Q1510045,Winfried Gebhardt,1954,male,Butenhajm,POINT (11.031667 49.803611),Western Europe,Germany,Germany,1996-2020,8455,university-teacher,university
http://www.wikidata.org/entity/Q111588661,Enrico Maria Tacchi,1951,male,Busto Arsizio,POINT (8.8518 45.611958),Southern Europe,Italy,Italy,1996-2020,1417,other,publisher
http://www.wikidata.org/entity/Q1498283,Michael Kimmel,1951,male,Brooklyn,POINT (-73.949722 40.650833),Northern America,United States,United States Can.,1996-2020,8419,university-teacher,education
http://www.wikidata.org/entity/Q73614,Wolfgang Sofsky,1952,male,Kaiserslautern,POINT (7.768889 49.444722),Western Europe,Germany,Germany,1996-2020,16594,university-teacher,organization
http://www.wikidata.org/entity/Q61983298,Kazim Azimov,1951,male,Archivan,POINT (48.833889 38.502778),Western Asia,Azerbaijan,Russian Federation,1996-2020,15545,university-teacher,university
http://www.wikidata.org/entity/Q62057946,Robert D. Mare,1951,male,North Vancouver,POINT (-123.066667 49.316667),Northern America,Canada,United States Can.,1996-2020,15559,university-teacher,education
http://www.wikidata.org/entity/Q112129103,Godfried Engbersen,1958,male,The Hague,POINT (4.31 52.08),Western Europe,Netherlands,Belgium Netherl.,1996-2020,1508,university-teacher,organization
http://www.wikidata.org/entity/Q62096468,Maya Keliyan,1957,female,Plovdiv,POINT (24.741454 42.142086),Eastern Europe,Bulgaria,Central Europe,1996-2020,15568,university-teacher,publisher
http://www.wikidata.org/entity/Q112533119,Alan Scott,1956,male,London,POINT (-0.1275 51.507222),Northern Europe,United Kingdom,United Kingdom,1996-2020,3739,university-teacher,education
http://www.wikidata.org/entity/Q6098542,Ivaylo Ditchev,1955,male,Sofia,POINT (23.321726 42.697886),Eastern Europe,Bulgaria,Central Europe,1996-2020,15350,university-teacher,publisher
http://www.wikidata.org/entity/Q61829564,Krzysztof Podemski,1953,male,Olsztyn,POINT (20.494167 53.78),Eastern Europe,Poland,Poland,1996-2020,15515,psychologist,education
http://www.wikidata.org/entity/Q3105266,John Paul Lederach,1955,male,United States,POINT (-98.5795 39.828175),Northern America,United States,United States Can.,1996-2020,11943,university-teacher,education
http://www.wikidata.org/entity/Q7385496,Ryūhō Ōkawa,1956,male,Kawashima,POINT (134.319472 34.060028),Eastern Asia,Japan,Japan,1996-2020,16622,writer,organization
http://www.wikidata.org/entity/Q111654969,Domenico Maddaloni,1960,male,Naples,POINT (14.248611 40.835833),Southern Europe,Italy,Italy,1996-2020,1429,university-teacher,university
http://www.wikidata.org/entity/Q15040884,David Batstone,1958,male,Illinois,POINT (-89.250278 40.000278),Northern America,United States,United States Can.,1996-2020,8426,philosopher,education
http://www.wikidata.org/entity/Q11261303,Masachi Osawa,1958,male,Matsumoto,POINT (137.971972 36.238),Eastern Asia,Japan,Japan,1996-2020,4223,philosopher,publisher
http://www.wikidata.org/entity/Q1999455,Norman Braun,1959,male,Neustadt an der Waldnaab,POINT (12.170555 49.730556),Western Europe,Germany,Germany,1996-2020,10024,university-teacher,university
http://www.wikidata.org/entity/Q23296493,Soledad Murillo,1956,female,Madrid,POINT (-3.703333 40.416944),Southern Europe,Spain,Spain Port.,1996-2020,10698,university-teacher,publisher
http://www.wikidata.org/entity/Q110835244,Miklós Sükösd,1960,male,Budapest,POINT (19.040833 47.498333),Eastern Europe,Hungary,Austria Hungary,1996-2020,1268,political-scientist,publisher
http://www.wikidata.org/entity/Q109852863,Arnold Windeler,1956,male,Wildeshausen,POINT (8.431389 52.893056),Western Europe,Germany,Germany,1996-2020,1102,university-teacher,institute
http://www.wikidata.org/entity/Q84319828,Claire Bidart,1960,female,Paris,POINT (2.352222 48.856667),Western Europe,France,France,1996-2020,17050,university-teacher,other
http://www.wikidata.org/entity/Q57985060,Sara Helman,1952,female,Córdoba,POINT (-64.183333 -31.416667),South America,Argentina,South America,1996-2020,14754,researcher,school
http://www.wikidata.org/entity/Q57982509,Kène Henkens,1960,male,Groningen,POINT (6.5675 53.218889),Western Europe,Netherlands,Belgium Netherl.,1996-2020,14751,university-teacher,institute
http://www.wikidata.org/entity/Q15434616,Georg Kneer,1960,male,Schwartmecke,POINT (8.1655 51.093),Western Europe,Germany,Germany,1996-2020,8544,university-teacher,education
http://www.wikidata.org/entity/Q19365931,Yury Popkov,1954,male,Undory,POINT (48.39276 54.60849),European Russia,Russian Federation,Russian Federation,1996-2020,9872,philosopher,publisher
http://www.wikidata.org/entity/Q84167643,Laura Corradi,1960,female,Milan,POINT (9.19 45.466944),Southern Europe,Italy,Italy,1996-2020,17043,university-teacher,GLAM
http://www.wikidata.org/entity/Q15975516,Hans-Peter Müller,1951,male,Erfurt,POINT (11.028889 50.978056),Western Europe,Germany,Germany,1996-2020,8758,university-teacher,publisher
http://www.wikidata.org/entity/Q1099869,Clemens Albrecht,1959,male,Stuttgart,POINT (9.18 48.7775),Western Europe,Germany,Germany,1996-2020,1130,university-teacher,university
http://www.wikidata.org/entity/Q22813241,Joanne M. Cohoon,1954,female,Brooklyn,POINT (-73.949722 40.650833),Northern America,United States,United States Can.,1996-2020,10634,other,education
http://www.wikidata.org/entity/Q63859199,Ben Agger,1952,male,Milwaukee,POINT (-87.95 43.05),Northern America,United States,United States Can.,1996-2020,15779,university-teacher,education
http://www.wikidata.org/entity/Q2284731,Sighard Neckel,1956,male,Gifhorn,POINT (10.546389 52.488611),Western Europe,Germany,Germany,1996-2020,10637,university-teacher,publisher
http://www.wikidata.org/entity/Q8353655,Daniel Raventós Pañella,1958,male,Barcelona,POINT (2.176944 41.3825),Southern Europe,Spain,Spain Port.,1996-2020,17025,university-teacher,education
http://www.wikidata.org/entity/Q15653858,Neil Fligstein,1951,male,Seattle,POINT (-122.33 47.605),Northern America,United States,United States Can.,1996-2020,8652,economist,education
http://www.wikidata.org/entity/Q138607847,Светлана Валентиновна Лапина,1953,female,Babruysk,POINT (29.233333 53.15),Eastern Europe,Belarus,Baltic States Fin. Belar.,1996-2020,8275,university-teacher,university
http://www.wikidata.org/entity/Q64592278,Dalia Leinartė,1958,female,Trakai,POINT (24.933333 54.633333),Eastern Europe,Lithuania,Baltic States Fin. Belar.,1996-2020,15850,university-teacher,publisher
http://www.wikidata.org/entity/Q712041,Fons Trompenaars,1953,male,Amsterdam,POINT (4.883333 52.366667),Western Europe,Netherlands,Belgium Netherl.,1996-2020,16391,anthropologist,university
http://www.wikidata.org/entity/Q2325491,Bea Cantillon,1956,female,Wilrijk,POINT (4.383333 51.166667),Western Europe,Belgium,Belgium Netherl.,1996-2020,10695,university-teacher,education
http://www.wikidata.org/entity/Q57011433,Sergio Severino,1960,male,Enna,POINT (14.266667 37.566667),Southern Europe,Italy,Italy,1996-2020,14619,university-teacher,university
http://www.wikidata.org/entity/Q7159489,Pedro Brieger,1955,male,Buenos Aires,POINT (-58.381944 -34.599722),South America,Argentina,South America,1996-2020,16421,journalist,publisher
http://www.wikidata.org/entity/Q7156231,Paweł Śpiewak,1951,male,Warsaw,POINT (21.011111 52.23),Eastern Europe,Poland,Poland,1996-2020,16419,university-teacher,education
http://www.wikidata.org/entity/Q57705468,Elena Esposito,1960,female,Milan,POINT (9.19 45.466944),Southern Europe,Italy,Italy,1996-2020,14714,university-teacher,publisher
http://www.wikidata.org/entity/Q848723,András Bozóki,1959,male,Budapest,POINT (19.040833 47.498333),Eastern Europe,Hungary,Austria Hungary,1996-2020,17082,university-teacher,education
http://www.wikidata.org/entity/Q1600090,Heinz Bude,1954,male,Wuppertal,POINT (7.183333 51.266667),Western Europe,Germany,Germany,1996-2020,8775,university-teacher,publisher
http://www.wikidata.org/entity/Q1600191,Heinz Fassmann,1955,male,Düsseldorf,POINT (6.776667 51.225556),Western Europe,Germany,Germany,1996-2020,8778,university-teacher,institute
http://www.wikidata.org/entity/Q23011316,François Héran,1953,male,Laon,POINT (3.623611 49.563333),Western Europe,France,France,1996-2020,10661,anthropologist,education
http://www.wikidata.org/entity/Q23014907,Lyn Mikel Brown,1956,female,Vanceboro,POINT (-67.429722 45.563333),Northern America,United States,United States Can.,1996-2020,10663,university-teacher,education
http://www.wikidata.org/entity/Q20968749,Inka Słodkowska,1956,female,Warsaw,POINT (21.011111 52.23),Eastern Europe,Poland,Poland,1996-2020,10293,political-scientist,institute
http://www.wikidata.org/entity/Q7150949,Paul Gootenberg,1954,male,"Washington, D.C.",POINT (-77.036667 38.895),Northern America,United States,United States Can.,1996-2020,16409,university-teacher,education
http://www.wikidata.org/entity/Q7150264,Paul DiMaggio,1951,male,Philadelphia,POINT (-75.163611 39.952778),Northern America,United States,United States Can.,1996-2020,16408,other,education
http://www.wikidata.org/entity/Q85261,Lutz Hachmeister,1959,male,Minden,POINT (8.916667 52.288333),Western Europe,Germany,Germany,1996-2020,17111,university-teacher,institute
http://www.wikidata.org/entity/Q59542429,Michael Jäckel,1959,male,Oberwesel,POINT (7.726389 50.1075),Western Europe,Germany,Germany,1996-2020,15077,university-teacher,university
http://www.wikidata.org/entity/Q21084262,Larysa Tsitarenka,1953,female,Minsk,POINT (27.561837 53.902246),Eastern Europe,Belarus,Baltic States Fin. Belar.,1996-2020,10340,university-teacher,university
http://www.wikidata.org/entity/Q72686461,Barbara Rendtorff,1951,female,Heidelberg,POINT (8.71 49.412222),Western Europe,Germany,Germany,1996-2020,16497,university-teacher,university
http://www.wikidata.org/entity/Q110657547,Jürgen Theo Tenckhoff,1955,male,Bochum,POINT (7.216667 51.483333),Western Europe,Germany,Germany,1996-2020,1231,other,publisher
http://www.wikidata.org/entity/Q1106507,Philippe Breton,1951,male,Béthune,POINT (2.639326 50.53095),Western Europe,France,France,1996-2020,1229,university-teacher,university
http://www.wikidata.org/entity/Q110572186,Gustavo Venturi,1958,male,São Paulo,POINT (-46.633947 -23.550394),South America,Brazil,South America,1996-2020,1219,university-teacher,publisher
http://www.wikidata.org/entity/Q79422020,Núria Puig i Barata,1951,female,Aiguafreda,POINT (2.251498 41.768111),Southern Europe,Spain,Spain Port.,1996-2020,16897,other,school
http://www.wikidata.org/entity/Q6305233,Kimmo Kiljunen,1951,male,Ruokolahti,POINT (28.816667 61.291667),Northern Europe,Finland,Baltic States Fin. Belar.,1996-2020,15674,politician,organization
http://www.wikidata.org/entity/Q1530679,Hans-Gerd Jaschke,1952,male,Oberdreis,POINT (7.664167 50.629167),Western Europe,Germany,Germany,1996-2020,8511,university-teacher,education
http://www.wikidata.org/entity/Q7932887,Vintilă Mihăilescu,1951,male,Bucharest,POINT (26.097778 44.413361),Eastern Europe,Romania,Central Europe,1996-2020,16888,university-teacher,publisher
http://www.wikidata.org/entity/Q794087,Azouz Begag,1957,male,3rd arrondissement of Lyon,POINT (4.855822 45.7586),Western Europe,France,France,1996-2020,16894,university-teacher,education
http://www.wikidata.org/entity/Q113738847,Ferenc Moksony,1959,male,Budapest,POINT (19.040833 47.498333),Eastern Europe,Hungary,Austria Hungary,1996-2020,4539,university-teacher,publisher
http://www.wikidata.org/entity/Q22679512,Wenzel Matiaske,1958,male,Iserlohn,POINT (7.666667 51.383333),Western Europe,Germany,Germany,1996-2020,10621,university-teacher,school
http://www.wikidata.org/entity/Q8201129,Antonio Ariño Villarroya,1953,male,Allepuz,POINT (-0.72908 40.492453),Southern Europe,Spain,Spain Port.,1996-2020,16986,professor,publisher
http://www.wikidata.org/entity/Q22695633,Michael Häder,1952,male,Berlin,POINT (13.383333 52.516667),Western Europe,Germany,Germany,1996-2020,10625,economist,university
http://www.wikidata.org/entity/Q58812893,Edward Telles,1956,male,Whittier,POINT (-118.024445 33.965556),Northern America,United States,United States Can.,1996-2020,14882,writer,education
http://www.wikidata.org/entity/Q15428913,Reinhard Stockmann,1955,male,Bürstadt,POINT (8.454584 49.641389),Western Europe,Germany,Germany,1996-2020,8528,university-teacher,publisher
http://www.wikidata.org/entity/Q824339,Bernd Ulrich,1960,male,Essen,POINT (7.013055 51.450833),Western Europe,Germany,Germany,1996-2020,16995,journalist,other
http://www.wikidata.org/entity/Q1420590,Stefan Immerfall,1958,male,Deggendorf,POINT (12.964444 48.835278),Western Europe,Germany,Germany,1996-2020,8329,university-teacher,education
http://www.wikidata.org/entity/Q1418051,Volker Kruse,1954,male,Helmstedt,POINT (11.010556 52.228056),Western Europe,Germany,Germany,1996-2020,8328,university-teacher,publisher
http://www.wikidata.org/entity/Q19587623,Gert Hekma,1951,male,Bedum,POINT (6.6025 53.3003),Western Europe,Netherlands,Belgium Netherl.,1996-2020,9912,university-teacher,institute
http://www.wikidata.org/entity/Q1957483,Pauline Meurs,1953,female,Le Vésinet,POINT (2.132222 48.893889),Western Europe,France,France,1996-2020,9909,university-teacher,organization
http://www.wikidata.org/entity/Q8058672,Piotr Łukasiewicz,1954,male,Warsaw,POINT (21.011111 52.23),Eastern Europe,Poland,Poland,1996-2020,16957,politician,publisher
http://www.wikidata.org/entity/Q5180793,Craig Calhoun,1952,male,Watseka,POINT (-87.736389 40.776111),Northern America,United States,United States Can.,1996-2020,13813,university-teacher,education
http://www.wikidata.org/entity/Q2475630,Ulrich Bröckling,1959,male,Paderborn,POINT (8.766667 51.716667),Western Europe,Germany,Germany,1996-2020,10947,university-teacher,publisher
http://www.wikidata.org/entity/Q3309827,Michel Grossetti,1957,male,Toulouse,POINT (1.443333 43.604444),Western Europe,France,France,1996-2020,12265,researcher,publisher
http://www.wikidata.org/entity/Q33102560,Philippe Lamy,1956,male,Brunoy,POINT (2.503333 48.698056),Western Europe,France,France,1996-2020,12268,other,other
http://www.wikidata.org/entity/Q96768135,Wesley Shrum,1953,male,Okmulgee,POINT (-95.960333 35.623472),Northern America,United States,United States Can.,1996-2020,18805,university-teacher,education
http://www.wikidata.org/entity/Q4186658,Aleksandr Zapesotsky,1954,male,Kursk,POINT (36.187222 51.737222),European Russia,Russian Federation,Russian Federation,1996-2020,12940,university-teacher,education
http://www.wikidata.org/entity/Q96741667,Nísia Trindade Lima,1958,female,Rio de Janeiro,POINT (-43.205555 -22.911111),South America,Brazil,South America,1996-2020,18800,researcher,education
http://www.wikidata.org/entity/Q95222798,Jürgen Danyel,1959,male,Mariánské Lázně,POINT (12.70125 49.964704),Eastern Europe,Czechia,Czechia,1996-2020,18302,historian,publisher
http://www.wikidata.org/entity/Q16569784,Krzysztof Krajewski,1953,male,Kraków,POINT (19.937222 50.061389),Eastern Europe,Poland,Poland,1996-2020,9038,other,institution
http://www.wikidata.org/entity/Q1745022,Klaus Dörre,1957,male,Külte,POINT (9.0739 51.4021),Western Europe,Germany,Germany,1996-2020,9436,university-teacher,university
http://www.wikidata.org/entity/Q28022026,Rita Maria Radl Philipp,1952,female,Germany,POINT (10 51),Western Europe,Germany,Germany,1996-2020,11344,researcher,publisher
http://www.wikidata.org/entity/Q968276,Gail Dines,1958,female,Manchester,POINT (-2.233333 53.466667),Northern Europe,United Kingdom,United Kingdom,1996-2020,18813,university-teacher,education
http://www.wikidata.org/entity/Q3027008,Didier Fassin,1955,male,Juvisy-sur-Orge,POINT (2.3775 48.688333),Western Europe,France,France,1996-2020,11779,university-teacher,education
http://www.wikidata.org/entity/Q4221205,Svetlana Kirdina,1955,female,Omsk,POINT (73.383333 54.966667),Asiatic Russia,Russian Federation,Russian Federation,1996-2020,12969,economist,education
http://www.wikidata.org/entity/Q1745585,Klaus R. Schroeter,1959,male,Schwerte,POINT (7.565278 51.445833),Western Europe,Germany,Germany,1996-2020,9446,university-teacher,agency
http://www.wikidata.org/entity/Q16560145,Giovanni Ragone,1951,male,Busto Arsizio,POINT (8.8518 45.611958),Southern Europe,Italy,Italy,1996-2020,9031,university-teacher,organization
http://www.wikidata.org/entity/Q3309644,Michel Forsé,1954,male,Paris,POINT (2.352222 48.856667),Western Europe,France,France,1996-2020,12263,other,publisher
http://www.wikidata.org/entity/Q1201326,Detlef Pollack,1955,male,Weimar,POINT (11.329445 50.981111),Western Europe,Germany,Germany,1996-2020,6196,university-teacher,agency
http://www.wikidata.org/entity/Q4149786,Aliaksandr Grytsanau,1958,male,Minsk,POINT (27.561837 53.902246),Eastern Europe,Belarus,Baltic States Fin. Belar.,1996-2020,12889,philosopher,education
http://www.wikidata.org/entity/Q4149652,Leonid Grinin,1958,male,Kamyshin,POINT (45.4 50.083333),European Russia,Russian Federation,Russian Federation,1996-2020,12888,historian,education
http://www.wikidata.org/entity/Q28105040,Daniel Mercure,1954,male,Quebec,POINT (-72 52),Northern America,Canada,United States Can.,1996-2020,11375,university-teacher,publisher
http://www.wikidata.org/entity/Q4078830,"Барыгин, Игорь Николаевич",1951,male,Saint Petersburg,POINT (30.316667 59.95),European Russia,Russian Federation,Russian Federation,1996-2020,12841,university-teacher,GLAM
http://www.wikidata.org/entity/Q120598974,Adolfo Braga,1955,male,Palagianello,POINT (16.966667 40.616667),Southern Europe,Italy,Italy,1996-2020,6267,university-teacher,university
http://www.wikidata.org/entity/Q104665645,Leszek Sibilski,1958,male,Poland,POINT (19 52),Eastern Europe,Poland,Poland,1996-2020,335,university-teacher,education
http://www.wikidata.org/entity/Q2831470,Albert Piette,1960,male,Namur,POINT (4.866667 50.466667),Western Europe,Belgium,Belgium Netherl.,1996-2020,11410,university-teacher,university
http://www.wikidata.org/entity/Q3018178,David Justino,1953,male,Oeiras,POINT (-9.301653 38.697044),Southern Europe,Portugal,Spain Port.,1996-2020,11761,politician,publisher
http://www.wikidata.org/entity/Q120646044,Karsta Frank,1959,female,Eckernförde,POINT (9.837778 54.474167),Western Europe,Germany,Germany,1996-2020,6279,writer,other
http://www.wikidata.org/entity/Q131153390,Geraldo do Nascimento Carvalho,1958,male,Piracuruca,POINT (-41.708889 -3.927778),South America,Brazil,South America,1996-2020,7467,university-teacher,education
http://www.wikidata.org/entity/Q42391996,Анатолий Владимирович Рубанов,1958,male,Minsk,POINT (27.561837 53.902246),Eastern Europe,Belarus,Baltic States Fin. Belar.,1996-2020,12997,scientist,institute
http://www.wikidata.org/entity/Q4085851,Olga Bessonova,1958,female,Novosibirsk,POINT (82.916667 55.033333),Asiatic Russia,Russian Federation,Russian Federation,1996-2020,12847,economist,institute
http://www.wikidata.org/entity/Q17402252,Milica Antić Gaber,1958,female,Peja,POINT (20.28828 42.65913),Southern Europe,Serbia,Central Europe,1996-2020,9422,university-teacher,publisher
http://www.wikidata.org/entity/Q3311640,Michèle Lamont,1957,female,Toronto,POINT (-79.386667 43.670278),Northern America,Canada,United States Can.,1996-2020,12284,researcher,education
http://www.wikidata.org/entity/Q1714580,Jutta Allmendinger,1956,female,Mannheim,POINT (8.466111 49.487778),Western Europe,Germany,Germany,1996-2020,9274,university-teacher,publisher
http://www.wikidata.org/entity/Q131285997,Terry Boswell,1955,male,California,POINT (-120 37),Northern America,United States,United States Can.,1996-2020,7477,university-teacher,education
http://www.wikidata.org/entity/Q4131056,Dmitry Gavra,1956,male,Saint Petersburg,POINT (30.316667 59.95),European Russia,Russian Federation,Russian Federation,1996-2020,12869,journalist,education
http://www.wikidata.org/entity/Q4123350,Sergey Volkov,1955,male,Moscow,POINT (37.6175 55.750556),European Russia,Russian Federation,Russian Federation,1996-2020,12865,scientist,education
http://www.wikidata.org/entity/Q4123297,Yevgeny Volkov,1956,male,Ivanovo,POINT (41 57),European Russia,Russian Federation,Russian Federation,1996-2020,12864,psychologist,university
http://www.wikidata.org/entity/Q1715246,Jörg Blasius,1957,male,Hamburg,POINT (10 53.55),Western Europe,Germany,Germany,1996-2020,9275,university-teacher,publisher
http://www.wikidata.org/entity/Q4104915,Valeriya Vasilkova,1956,female,Novosibirsk,POINT (82.916667 55.033333),Asiatic Russia,Russian Federation,Russian Federation,1996-2020,12859,scientist,publisher
http://www.wikidata.org/entity/Q4104012,Yelena Vartanova,1959,female,Sergiyev Posad,POINT (38.133333 56.3),European Russia,Russian Federation,Russian Federation,1996-2020,12857,university-teacher,school
http://www.wikidata.org/entity/Q95152171,Jiří Šubrt,1958,male,Prague,POINT (14.421389 50.0875),Eastern Europe,Czechia,Czechia,1996-2020,18068,university-teacher,publisher
http://www.wikidata.org/entity/Q4371751,Adam Pomorski,1956,male,Warsaw,POINT (21.011111 52.23),Eastern Europe,Poland,Poland,1996-2020,13114,university-teacher,institute
http://www.wikidata.org/entity/Q4369316,Nikita Pokrovsky,1951,male,Moscow,POINT (37.6175 55.750556),European Russia,Russian Federation,Russian Federation,1996-2020,13112,university-teacher,education
http://www.wikidata.org/entity/Q2745867,Peter G.M. van der Heijden,1959,male,Voorburg,POINT (4.355 52.07),Western Europe,Netherlands,Belgium Netherl.,1996-2020,11248,university-teacher,education
http://www.wikidata.org/entity/Q4354422,Markku Kivinen,1951,male,Helsinki,POINT (24.9375 60.170833),Northern Europe,Finland,Baltic States Fin. Belar.,1996-2020,13102,writer,organization
http://www.wikidata.org/entity/Q11817487,Piotr Gliński,1954,male,Warsaw,POINT (21.011111 52.23),Eastern Europe,Poland,Poland,1996-2020,6029,university-teacher,publisher
http://www.wikidata.org/entity/Q1765118,Pierre-Michel Menger,1953,male,Forbach,POINT (6.9 49.188056),Western Europe,France,France,1996-2020,9489,researcher,education
http://www.wikidata.org/entity/Q4338016,Aleksandr Anatolevitsj Oslon,1952,male,Zlatoust,POINT (59.666667 55.166667),Asiatic Russia,Russian Federation,Russian Federation,1996-2020,13086,university-teacher,education
http://www.wikidata.org/entity/Q3288191,Marc Lazar,1952,male,Paris,POINT (2.352222 48.856667),Western Europe,France,France,1996-2020,12196,university-teacher,publisher
http://www.wikidata.org/entity/Q106122537,Robert L. Powell,1956,male,Inglewood,POINT (-118.346111 33.9575),Northern America,United States,United States Can.,1996-2020,520,political-scientist,education
http://www.wikidata.org/entity/Q95137218,František Znebejánek,1951,male,Teplice,POINT (13.816667 50.633333),Eastern Europe,Czechia,Czechia,1996-2020,18033,university-teacher,publisher
http://www.wikidata.org/entity/Q3035522,Dominique Vinck,1959,male,Soignies,POINT (4.066667 50.566667),Western Europe,Belgium,Belgium Netherl.,1996-2020,11808,university-teacher,university
http://www.wikidata.org/entity/Q1177958,Ferenc Miszlivetz,1954,male,Budapest,POINT (19.040833 47.498333),Eastern Europe,Hungary,Austria Hungary,1996-2020,5986,historian,education
http://www.wikidata.org/entity/Q3035373,Dominique Pasquier,1952,female,15th arrondissement of Paris,POINT (2.300292 48.841328),Western Europe,France,France,1996-2020,11807,other,publisher
http://www.wikidata.org/entity/Q4418802,Tatiana Sidorina,1958,female,Moscow,POINT (37.6175 55.750556),European Russia,Russian Federation,Russian Federation,1996-2020,13145,other,education
http://www.wikidata.org/entity/Q131990799,Gabriele Di Francesco,1952,male,Sant'Omero,POINT (13.8 42.783333),Southern Europe,Italy,Italy,1996-2020,7588,university-teacher,university
http://www.wikidata.org/entity/Q4405623,Aleksandr Salagaev,1952,male,Kazan,POINT (49.114444 55.790833),European Russia,Russian Federation,Russian Federation,1996-2020,13138,professor,university
http://www.wikidata.org/entity/Q4396644,Nikolai Rozov,1958,male,Novosibirsk,POINT (82.916667 55.033333),Asiatic Russia,Russian Federation,Russian Federation,1996-2020,13129,university-teacher,publisher
http://www.wikidata.org/entity/Q4336617,Andrei Orlov,1960,male,Moscow,POINT (37.6175 55.750556),European Russia,Russian Federation,Russian Federation,1996-2020,13080,other,education
http://www.wikidata.org/entity/Q105514871,Angelika Paseka,1957,female,Vienna,POINT (16.3725 48.208333),Western Europe,Austria,Austria Hungary,1996-2020,422,university-teacher,university
http://www.wikidata.org/entity/Q42852915,Brigitte Nerlich,1956,female,Germany,POINT (10 51),Western Europe,Germany,Germany,1996-2020,13039,university-teacher,education
http://www.wikidata.org/entity/Q329624,Paul Gilroy,1956,male,Bethnal Green,POINT (-0.066 51.5275),Northern Europe,United Kingdom,United Kingdom,1996-2020,12228,university-teacher,education
http://www.wikidata.org/entity/Q27779407,Thomas Schroedter,1955,male,Kleve,POINT (6.14 51.79),Western Europe,Germany,Germany,1996-2020,11280,journalist,education
http://www.wikidata.org/entity/Q30323631,József Böröcz,1956,male,Budapest,POINT (19.040833 47.498333),Eastern Europe,Hungary,Austria Hungary,1996-2020,11789,university-teacher,college
http://www.wikidata.org/entity/Q17544430,Hans Zitko,1951,male,Hamburg,POINT (10 53.55),Western Europe,Germany,Germany,1996-2020,9463,university-teacher,education
http://www.wikidata.org/entity/Q124377669,Luigi Gui,1958,male,Padua,POINT (11.873333 45.407778),Southern Europe,Italy,Italy,1996-2020,6782,university-teacher,organization
http://www.wikidata.org/entity/Q2780421,Monika Wohlrab-Sahr,1957,female,Selb,POINT (12.133333 50.166667),Western Europe,Germany,Germany,1996-2020,11284,university-teacher,publisher
http://www.wikidata.org/entity/Q11946746,Salvador Cardús i Ros,1954,male,Terrassa,POINT (2.008055 41.561111),Southern Europe,Spain,Spain Port.,1996-2020,6132,university-teacher,publisher
http://www.wikidata.org/entity/Q4243053,Aleksandr Kryshtanovsky,1955,male,Saratov,POINT (46.035 51.53),European Russia,Russian Federation,Russian Federation,1996-2020,13007,university-teacher,education
http://www.wikidata.org/entity/Q4287991,Andrey Medushevsky,1960,male,Moscow,POINT (37.6175 55.750556),European Russia,Russian Federation,Russian Federation,1996-2020,13041,university-teacher,education
http://www.wikidata.org/entity/Q42911353,Mari Luz Esteban Galarza,1959,female,Pedrosa de Valdeporres,POINT (-3.74 43.0106),Southern Europe,Spain,Spain Port.,1996-2020,13045,university-teacher,publisher
http://www.wikidata.org/entity/Q3290015,Marcin Frybes,1957,male,Poland,POINT (19 52),Eastern Europe,Poland,Poland,1996-2020,12203,journalist,newspaper
http://www.wikidata.org/entity/Q105661,Franz Schultheis,1953,male,Bendorf,POINT (7.570278 50.429722),Western Europe,Germany,Germany,1996-2020,439,university-teacher,publisher
http://www.wikidata.org/entity/Q16778930,Gabriele Rosenthal,1954,female,Villingen-Schwenningen,POINT (8.492962 48.063152),Western Europe,Germany,Germany,1996-2020,9135,university-teacher,organization
http://www.wikidata.org/entity/Q3293590,Mario d'Angelo,1954,male,Hombourg,POINT (7.505556 47.758889),Western Europe,France,France,1996-2020,12219,university-teacher,institution
http://www.wikidata.org/entity/Q11887504,Pertti Alasuutari,1956,male,Rovaniemi,POINT (25.728479 66.50279),Northern Europe,Finland,Baltic States Fin. Belar.,1996-2020,6094,researcher,university
http://www.wikidata.org/entity/Q12408597,Lev Luis Grinberg,1953,male,Argentina,POINT (-64 -34),South America,Argentina,South America,1996-2020,6733,researcher,education
http://www.wikidata.org/entity/Q29029932,Rhonda Lenton,1956,female,Stratford,POINT (-80.966667 43.366667),Northern America,Canada,United States Can.,1996-2020,11587,university-teacher,organization
http://www.wikidata.org/entity/Q3574007,Yves Winkin,1953,male,Verviers,POINT (5.85 50.583333),Western Europe,Belgium,Belgium Netherl.,1996-2020,12567,university-teacher,education
http://www.wikidata.org/entity/Q3573673,Yves Gingras,1954,male,Montreal,POINT (-73.586841 45.503343),Northern America,Canada,United States Can.,1996-2020,12563,university-teacher,organization
http://www.wikidata.org/entity/Q2905119,Vladimir Tismăneanu,1951,male,Brașov,POINT (25.610556 45.652222),Eastern Europe,Romania,Central Europe,1996-2020,11598,university-teacher,education
http://www.wikidata.org/entity/Q3567958,Wiebe Bijker,1951,male,Delft,POINT (4.359167 52.011667),Western Europe,Netherlands,Belgium Netherl.,1996-2020,12554,university-teacher,organization
http://www.wikidata.org/entity/Q123261975,Monica Raiteri,1958,female,Genoa,POINT (8.933983 44.407186),Southern Europe,Italy,Italy,1996-2020,6547,university-teacher,university
http://www.wikidata.org/entity/Q2965956,Christine Musselin,1958,female,Fontenay-sous-Bois,POINT (2.477222 48.851667),Western Europe,France,France,1996-2020,11685,university-teacher,education
http://www.wikidata.org/entity/Q3538596,Trevor Pinch,1952,male,Lisnaskea,POINT (-7.442 54.25),Northern Europe,United Kingdom,United Kingdom,1996-2020,12532,university-teacher,education
http://www.wikidata.org/entity/Q3634676,Barbara Risman,1956,female,Lynn,POINT (-70.95 42.466667),Northern America,United States,United States Can.,1996-2020,12610,writer,education
http://www.wikidata.org/entity/Q102860680,Karen Bradley,1955,female,Newton,POINT (-71.209722 42.336944),Northern America,United States,United States Can.,1996-2020,162,university-teacher,education
http://www.wikidata.org/entity/Q10361287,Richard Guy Parker,1956,male,Wisconsin,POINT (-89.5 44.5),Northern America,United States,United States Can.,1996-2020,239,historian,education
http://www.wikidata.org/entity/Q123137855,Laura Leonardi,1956,female,Rome,POINT (12.482778 41.893056),Southern Europe,Italy,Italy,1996-2020,6510,university-teacher,GLAM
http://www.wikidata.org/entity/Q3591122,Éric Fassin,1959,male,France,POINT (2 47),Western Europe,France,France,1996-2020,12582,university-teacher,university
http://www.wikidata.org/entity/Q3591013,Éric Brian,1958,male,Bourges,POINT (2.395555 47.083611),Western Europe,France,France,1996-2020,12580,other,institute
http://www.wikidata.org/entity/Q3505585,Susan Leigh Star,1954,female,Rhode Island,POINT (-71.5 41.7),Northern America,United States,United States Can.,1996-2020,12514,historian,education
http://www.wikidata.org/entity/Q3479479,Serge Paugam,1960,male,Lesneven,POINT (-4.322222 48.571944),Western Europe,France,France,1996-2020,12479,researcher,publisher
http://www.wikidata.org/entity/Q10309889,José Manuel Pureza,1958,male,Coimbra,POINT (-8.428889 40.211111),Southern Europe,Portugal,Spain Port.,1996-2020,184,politician,publisher
http://www.wikidata.org/entity/Q12352812,Maria Montserrat Guibernau i Berdún,1960,female,Vilanova i la Geltrú,POINT (1.725905 41.224277),Southern Europe,Spain,Spain Port.,1996-2020,6613,university-teacher,education
http://www.wikidata.org/entity/Q1717191,Jürgen Gerhards,1955,male,Andernach,POINT (7.401667 50.439722),Western Europe,Germany,Germany,1996-2020,9302,university-teacher,publisher
http://www.wikidata.org/entity/Q1720422,Lutz Leisering,1953,male,Winterberg,POINT (8.53 51.195),Western Europe,Germany,Germany,1996-2020,9312,university-teacher,publisher
http://www.wikidata.org/entity/Q1717445,Jürgen Mansel,1955,male,Zweibrücken,POINT (7.360833 49.249444),Western Europe,Germany,Germany,1996-2020,9304,university-teacher,publisher
http://www.wikidata.org/entity/Q1284587,Helma Lutz,1953,female,Hildesheim,POINT (9.95 52.15),Western Europe,Germany,Germany,1996-2020,7281,university-teacher,agency
http://www.wikidata.org/entity/Q95375886,Blahoslav Rozbořil,1959,male,Rychnov nad Kněžnou,POINT (16.274955 50.162871),Eastern Europe,Czechia,Czechia,1996-2020,18590,other,university
http://www.wikidata.org/entity/Q10325269,Marco Antonio Villa,1955,male,São José do Rio Preto,POINT (-49.378889 -20.82),South America,Brazil,South America,1996-2020,205,university-teacher,other
http://www.wikidata.org/entity/Q29353498,Francis T. Cullen,1951,male,Boston,POINT (-71.057778 42.360278),Northern America,United States,United States Can.,1996-2020,11630,university-teacher,education
http://www.wikidata.org/entity/Q95440469,Miroslav Kunštát,1958,male,Prague,POINT (14.421389 50.0875),Eastern Europe,Czechia,Czechia,1996-2020,18649,university-teacher,publisher
http://www.wikidata.org/entity/Q3501583,Stéphane Beaud,1958,male,Annecy,POINT (6.129445 45.899167),Western Europe,France,France,1996-2020,12506,university-teacher,education
http://www.wikidata.org/entity/Q10308077,Jorge Caldeira,1955,male,São Paulo,POINT (-46.633947 -23.550394),South America,Brazil,South America,1996-2020,181,writer,organization
http://www.wikidata.org/entity/Q3500916,Jan van Dijk,1952,male,Boekel,POINT (5.674167 51.601111),Western Europe,Netherlands,Belgium Netherl.,1996-2020,12503,university-teacher,organization
http://www.wikidata.org/entity/Q29611671,Tuula Gordon,1952,female,Pernå,POINT (26.033333 60.45),Northern Europe,Finland,Baltic States Fin. Belar.,1996-2020,11669,university-teacher,organization
http://www.wikidata.org/entity/Q12365804,Jüri Ginter,1954,male,Tartu,POINT (26.7225 58.38),Eastern Europe,Estonia,Baltic States Fin. Belar.,1996-2020,6643,politician,university
http://www.wikidata.org/entity/Q123488,Gabriele Klein,1957,female,Wanne-Eickel,POINT (7.161667 51.5325),Western Europe,Germany,Germany,1996-2020,6601,university-teacher,university
http://www.wikidata.org/entity/Q3417286,Rafa Xambó,1954,male,Algemesí,POINT (-0.437778 39.189722),Southern Europe,Spain,Spain Port.,1996-2020,12420,other,publisher
http://www.wikidata.org/entity/Q2896108,Peter Turchin,1957,male,Moscow,POINT (37.6175 55.750556),European Russia,Russian Federation,Russian Federation,1996-2020,11564,other,education
http://www.wikidata.org/entity/Q2851465,Annemarie Mol,1958,female,Schaesberg,POINT (6.0158 50.8944),Western Europe,Netherlands,Belgium Netherl.,1996-2020,11470,university-teacher,organization
http://www.wikidata.org/entity/Q3351053,Olivier Galland,1951,male,Paris,POINT (2.352222 48.856667),Western Europe,France,France,1996-2020,12338,university-teacher,publisher
http://www.wikidata.org/entity/Q1732136,Karl Lenz,1955,male,Bockhorn,POINT (11.983333 48.316667),Western Europe,Germany,Germany,1996-2020,9384,university-teacher,university
http://www.wikidata.org/entity/Q2864873,Artemio Baigorri,1956,male,Mallén,POINT (-1.418889 41.900556),Southern Europe,Spain,Spain Port.,1996-2020,11486,university-teacher,publisher
http://www.wikidata.org/entity/Q16666254,Natalia Kosmarskaya,1951,female,Uzbekistan,POINT (66 41),Central Asia,Uzbekistan,Russian Federation,1996-2020,9082,economist,education
http://www.wikidata.org/entity/Q39389347,Vyacheslav Kuznetsov,1954,male,Moscow,POINT (37.6175 55.750556),European Russia,Russian Federation,Russian Federation,1996-2020,12783,scientist,institute
http://www.wikidata.org/entity/Q39387765,Irina Oukhvanova,1951,female,Minsk,POINT (27.561837 53.902246),Eastern Europe,Belarus,Baltic States Fin. Belar.,1996-2020,12781,scientist,university
http://www.wikidata.org/entity/Q1306233,Uwe Schimank,1955,male,Bielefeld,POINT (8.533333 52.016667),Western Europe,Germany,Germany,1996-2020,7418,university-teacher,publisher
http://www.wikidata.org/entity/Q392925,Katarzyna Skórzyńska,1959,female,Warsaw,POINT (21.011111 52.23),Eastern Europe,Poland,Poland,1996-2020,12772,politician,agency
http://www.wikidata.org/entity/Q3917468,Volha Abramava,1953,female,Minsk,POINT (27.561837 53.902246),Eastern Europe,Belarus,Baltic States Fin. Belar.,1996-2020,12767,politician,university
http://www.wikidata.org/entity/Q1044238,Carola Lentz,1954,female,Brunswick,POINT (10.521111 52.269167),Western Europe,Germany,Germany,1996-2020,297,university-teacher,education
http://www.wikidata.org/entity/Q3898119,Paweł Moczydłowski,1953,male,Gostynin,POINT (19.46194 52.42938),Eastern Europe,Poland,Poland,1996-2020,12761,other,university
http://www.wikidata.org/entity/Q3336600,Nathalie Heinich,1955,female,6th arrondissement of Marseille,POINT (5.380833 43.2875),Western Europe,France,France,1996-2020,12316,researcher,publisher
http://www.wikidata.org/entity/Q3713715,Donatella della Porta,1956,female,Catania,POINT (15.087269 37.502669),Southern Europe,Italy,Italy,1996-2020,12640,university-teacher,publisher
http://www.wikidata.org/entity/Q12268853,Vicenç Fisas,1952,male,Barcelona,POINT (2.176944 41.3825),Southern Europe,Spain,Spain Port.,1996-2020,6438,university-teacher,publisher
http://www.wikidata.org/entity/Q1227750,Dirk Baecker,1955,male,Karlsruhe,POINT (8.4 49.016667),Western Europe,Germany,Germany,1996-2020,6450,university-teacher,other
http://www.wikidata.org/entity/Q3370498,Paul Ariès,1959,male,Lyon,POINT (4.835 45.7675),Western Europe,France,France,1996-2020,12361,university-teacher,enterprise
http://www.wikidata.org/entity/Q1222118,Dieter Hermann,1951,male,Heilbronn,POINT (9.217953 49.140428),Western Europe,Germany,Germany,1996-2020,6406,university-teacher,publisher
http://www.wikidata.org/entity/Q2871869,Aurelio Angelini,1953,male,Catanzaro,POINT (16.5875 38.91),Southern Europe,Italy,Italy,1996-2020,11504,university-teacher,publisher
http://www.wikidata.org/entity/Q1222552,Dieter Neubert,1952,male,Mainz,POINT (8.273611 49.999444),Western Europe,Germany,Germany,1996-2020,6409,university-teacher,university
http://www.wikidata.org/entity/Q375612,Richard Florida,1957,male,Newark,POINT (-74.172222 40.735556),Northern America,United States,United States Can.,1996-2020,12668,university-teacher,education
http://www.wikidata.org/entity/Q3753758,Iñaki Ruiz de Pinedo,1954,male,Vitoria-Gasteiz,POINT (-2.673055 42.846667),Southern Europe,Spain,Spain Port.,1996-2020,12666,university-teacher,publisher
http://www.wikidata.org/entity/Q3753518,Ramón Flecha,1952,male,Bilbao,POINT (-2.935 43.263056),Southern Europe,Spain,Spain Port.,1996-2020,12665,university-teacher,education
http://www.wikidata.org/entity/Q1729790,Karl-Heinrich Bette,1952,male,Dortmund,POINT (7.465278 51.513889),Western Europe,Germany,Germany,1996-2020,9373,university-teacher,university
http://www.wikidata.org/entity/Q11772263,Małgorzata Fuszara,1951,female,Warsaw,POINT (21.011111 52.23),Eastern Europe,Poland,Poland,1996-2020,5974,politician,institute
http://www.wikidata.org/entity/Q1177019,David W. Garland,1955,male,Dundee,POINT (-2.97 56.460556),Northern Europe,United Kingdom,United Kingdom,1996-2020,5967,university-teacher,education
http://www.wikidata.org/entity/Q11620590,Emiko Ochiai,1958,female,Tokyo,POINT (139.691667 35.689444),Eastern Asia,Japan,Japan,1996-2020,5641,university-teacher,publisher
http://www.wikidata.org/entity/Q125839395,Liat Kulik,1954,female,Romania,POINT (25 46),Eastern Europe,Romania,Central Europe,1996-2020,7017,professor,publisher
http://www.wikidata.org/entity/Q100747032,Ildiko Asztalos Morell,1958,female,Budapest,POINT (19.040833 47.498333),Eastern Europe,Hungary,Austria Hungary,1996-2020,56,university-teacher,education
http://www.wikidata.org/entity/Q125676440,Fabrizio Manattini,1956,male,Frassinoro,POINT (10.571111 44.296389),Southern Europe,Italy,Italy,1996-2020,7001,university-teacher,publisher
http://www.wikidata.org/entity/Q496798,Andreas Diekmann,1951,male,Lübeck,POINT (10.686389 53.869722),Western Europe,Germany,Germany,1996-2020,13639,university-teacher,publisher
http://www.wikidata.org/entity/Q1081982,Christian Stegbauer,1960,male,Alsfeld,POINT (9.271111 50.751111),Western Europe,Germany,Germany,1996-2020,801,university-teacher,agency
http://www.wikidata.org/entity/Q49395690,Vera King,1960,female,Schramberg,POINT (8.384167 48.226945),Western Europe,Germany,Germany,1996-2020,13624,other,agency
http://www.wikidata.org/entity/Q1692478,Johann Bacher,1959,male,Wels,POINT (14.016667 48.15),Western Europe,Austria,Austria Hungary,1996-2020,9187,university-teacher,university
http://www.wikidata.org/entity/Q50617136,Blanca Fernández Viguera,1951,female,Pamplona,POINT (-1.65 42.816667),Southern Europe,Spain,Spain Port.,1996-2020,13715,university-teacher,organization
http://www.wikidata.org/entity/Q50600352,Bram Kempers,1953,male,Amsterdam,POINT (4.883333 52.366667),Western Europe,Netherlands,Belgium Netherl.,1996-2020,13714,university-teacher,institute
http://www.wikidata.org/entity/Q5053399,Cathy Connolly,1956,female,Troy,POINT (-73.6925 42.731667),Northern America,United States,United States Can.,1996-2020,13707,politician,education
http://www.wikidata.org/entity/Q3154667,Irène Théry,1952,female,Aix-en-Provence,POINT (5.445556 43.527778),Western Europe,France,France,1996-2020,12021,university-teacher,publisher
http://www.wikidata.org/entity/Q108304928,Jochen Gläser,1960,male,Weimar,POINT (11.329445 50.981111),Western Europe,Germany,Germany,1996-2020,811,other,education
http://www.wikidata.org/entity/Q116185538,Marco Lombardi,1957,male,Milan,POINT (9.19 45.466944),Southern Europe,Italy,Italy,1996-2020,5630,university-teacher,university
http://www.wikidata.org/entity/Q503613,Diego Gambetta,1952,male,Turin,POINT (7.676111 45.079167),Southern Europe,Italy,Italy,1996-2020,13676,university-teacher,education
http://www.wikidata.org/entity/Q50286841,Daniel Filâtre,1953,male,Châteaugiron,POINT (-1.503055 48.048056),Western Europe,France,France,1996-2020,13666,university-teacher,publisher
http://www.wikidata.org/entity/Q18379674,John Gilderbloom,1952,male,San Mateo,POINT (-122.313055 37.554167),Northern America,United States,United States Can.,1996-2020,9604,university-teacher,education
http://www.wikidata.org/entity/Q108109965,Kiyoshi Toda,1956,male,Osaka Prefecture,POINT (135.519861 34.686333),Eastern Asia,Japan,Japan,1996-2020,788,other,publisher
http://www.wikidata.org/entity/Q2589111,Wolfgang Ayaß,1954,male,Marbach am Neckar,POINT (9.2575 48.940556),Western Europe,Germany,Germany,1996-2020,11081,university-teacher,university
http://www.wikidata.org/entity/Q9373478,Wiesław Godzic,1953,male,Wiślica,POINT (20.674167 50.348611),Eastern Europe,Poland,Poland,1996-2020,17800,university-teacher,university
http://www.wikidata.org/entity/Q116529106,Luigi Pellizzoni,1959,male,Udine,POINT (13.233333 46.066667),Southern Europe,Italy,Italy,1996-2020,5701,university-teacher,publisher
http://www.wikidata.org/entity/Q9376387,Wojciech J. Burszta,1957,male,Poznań,POINT (16.933611 52.408333),Eastern Europe,Poland,Poland,1996-2020,17809,anthropologist,university
http://www.wikidata.org/entity/Q2589534,Wolfgang Engler,1952,male,Dresden,POINT (13.738144 51.049329),Western Europe,Germany,Germany,1996-2020,11083,university-teacher,school
http://www.wikidata.org/entity/Q3072912,Firouzeh Nahavandi,1955,female,Paris,POINT (2.352222 48.856667),Western Europe,France,France,1996-2020,11869,university-teacher,education
http://www.wikidata.org/entity/Q1255528,Utho Creusen,1956,male,Bad Honnef,POINT (7.226944 50.645),Western Europe,Germany,Germany,1996-2020,6991,university-teacher,agency
http://www.wikidata.org/entity/Q48562240,Michael Schetsche,1956,male,Helmstedt,POINT (11.010556 52.228056),Western Europe,Germany,Germany,1996-2020,13543,university-teacher,publisher
http://www.wikidata.org/entity/Q125498377,Rita Bichi,1953,female,Rome,POINT (12.482778 41.893056),Southern Europe,Italy,Italy,1996-2020,6984,university-teacher,university
http://www.wikidata.org/entity/Q9359850,Tomasz Żukowski,1957,male,Radzyń Podlaski,POINT (22.61667 51.78333),Eastern Europe,Poland,Poland,1996-2020,17790,university-teacher,university
http://www.wikidata.org/entity/Q1624594,Holger Pfaff,1956,male,Schramberg,POINT (8.384167 48.226945),Western Europe,Germany,Germany,1996-2020,8917,university-teacher,education
http://www.wikidata.org/entity/Q9367161,Urszula Doroszewska,1954,female,Warsaw,POINT (21.011111 52.23),Eastern Europe,Poland,Poland,1996-2020,17793,journalist,agency
http://www.wikidata.org/entity/Q2590392,Wolfgang Lauterbach,1960,male,Hof,POINT (11.916667 50.316667),Western Europe,Germany,Germany,1996-2020,11087,university-teacher,publisher
http://www.wikidata.org/entity/Q248558,Loïc Wacquant,1960,male,Nîmes,POINT (4.359722 43.838333),Western Europe,France,France,1996-2020,10962,university-teacher,education
http://www.wikidata.org/entity/Q5217139,Daniel Filmus,1955,male,Buenos Aires,POINT (-58.381944 -34.599722),South America,Argentina,South America,1996-2020,13865,politician,publisher
http://www.wikidata.org/entity/Q5216496,Daniel Barbu,1957,male,Bucharest,POINT (26.097778 44.413361),Eastern Europe,Romania,Central Europe,1996-2020,13863,university-teacher,publisher
http://www.wikidata.org/entity/Q10868617,Atsushi Miura,1958,male,Jōetsu-shi,POINT (138.236083 37.147861),Eastern Asia,Japan,Japan,1996-2020,874,other,university
http://www.wikidata.org/entity/Q9267453,Gerardo Meil Landwerlin,1958,male,San Sebastián,POINT (-1.98 43.32),Southern Europe,Spain,Spain Port.,1996-2020,17552,researcher,publisher
http://www.wikidata.org/entity/Q99624,Thomas Schirrmacher,1960,male,Schwelm,POINT (7.29718 51.29045),Western Europe,Germany,Germany,1996-2020,19022,university-teacher,education
http://www.wikidata.org/entity/Q995457,Christoph Hubig,1952,male,Saarbrücken,POINT (7 49.233333),Western Europe,Germany,Germany,1996-2020,19016,university-teacher,publisher
http://www.wikidata.org/entity/Q92094965,Tamás Csapody,1960,male,Sopron,POINT (16.583333 47.683333),Eastern Europe,Hungary,Austria Hungary,1996-2020,17520,university-teacher,publisher
http://www.wikidata.org/entity/Q2475667,Ulrich Chaussy,1952,male,Karlsruhe,POINT (8.4 49.016667),Western Europe,Germany,Germany,1996-2020,10948,journalist,other
http://www.wikidata.org/entity/Q16940702,Ronaldo George Helal,1956,male,Rio de Janeiro,POINT (-42.7 -22.033333),South America,Brazil,South America,1996-2020,9194,researcher,education
http://www.wikidata.org/entity/Q525918,David Le Breton,1953,male,Le Mans,POINT (0.196944 48.004167),Western Europe,France,France,1996-2020,13926,university-teacher,publisher
http://www.wikidata.org/entity/Q108783043,Giovambattista Fatelli,1956,male,Rome,POINT (12.482778 41.893056),Southern Europe,Italy,Italy,1996-2020,895,university-teacher,organization
http://www.wikidata.org/entity/Q2477193,Ulrike Ackermann,1957,female,Mainz,POINT (8.273611 49.999444),Western Europe,Germany,Germany,1996-2020,10950,university-teacher,institute
http://www.wikidata.org/entity/Q5238712,David Price,1960,male,Lacey,POINT (-122.807222 47.026389),Northern America,United States,United States Can.,1996-2020,13904,university-teacher,education
http://www.wikidata.org/entity/Q92394,Harald Welzer,1958,male,Bissendorf,POINT (9.7575 52.5247),Western Europe,Germany,Germany,1996-2020,17535,psychologist,university
http://www.wikidata.org/entity/Q31088608,Hannu Nieminen,1952,male,Helsinki,POINT (24.9375 60.170833),Northern Europe,Finland,Baltic States Fin. Belar.,1996-2020,11952,university-teacher,education
http://www.wikidata.org/entity/Q18643006,Mirjam Milharčič Hladnik,1959,female,Postojna,POINT (14.21528 45.77435),Southern Europe,Slovenia,Central Europe,1996-2020,9685,university-teacher,publisher
http://www.wikidata.org/entity/Q126076946,Валерий Леонидович Музыкант,1959,male,Soviet Union,POINT (90 65),Asiatic Russia,Russian Federation,Russian Federation,1996-2020,7058,university-teacher,publisher
http://www.wikidata.org/entity/Q16988656,Markku Myllykangas,1951,male,Kuopio,POINT (27.678333 62.8925),Northern Europe,Finland,Baltic States Fin. Belar.,1996-2020,9210,university-teacher,university
http://www.wikidata.org/entity/Q9325088,Ryszard Żółtaniecki,1951,male,Paszowice,POINT (16.161583 51.014389),Eastern Europe,Poland,Poland,1996-2020,17680,other,publisher
http://www.wikidata.org/entity/Q100550045,Kokunre Agbontaen Eghafona,1959,female,London,POINT (-0.1275 51.507222),Northern Europe,United Kingdom,United Kingdom,1996-2020,33,university-teacher,university
http://www.wikidata.org/entity/Q93239925,Andrzej Porębski,1958,male,Kraków,POINT (19.937222 50.061389),Eastern Europe,Poland,Poland,1996-2020,17646,other,education
http://www.wikidata.org/entity/Q11575309,Yūko Tanaka,1952,female,Yokohama,POINT (139.634222 35.450333),Eastern Asia,Japan,Japan,1996-2020,5545,historian,publisher
http://www.wikidata.org/entity/Q11579992,Sawako Shirahase,1958,female,Kyoto Prefecture,POINT (135.755583 35.021028),Eastern Asia,Japan,Japan,1996-2020,5558,other,publisher
http://www.wikidata.org/entity/Q3123727,Gérard Bach-Ignasse,1951,male,Chatou,POINT (2.156944 48.890556),Western Europe,France,France,1996-2020,11979,university-teacher,university
http://www.wikidata.org/entity/Q1086075,Christoph Weischer,1956,male,Hamm,POINT (7.819167 51.681389),Western Europe,Germany,Germany,1996-2020,860,university-teacher,agency
http://www.wikidata.org/entity/Q3100312,Gema Martín,1955,female,Madrid,POINT (-3.703333 40.416944),Southern Europe,Spain,Spain Port.,1996-2020,11926,writer,education
http://www.wikidata.org/entity/Q5102240,Zdzisław Mach,1954,male,Kraków,POINT (19.937222 50.061389),Eastern Europe,Poland,Poland,1996-2020,13761,university-teacher,university
http://www.wikidata.org/entity/Q2590472,Wolfgang Ludwig-Mayerhofer,1954,male,Munich,POINT (11.575 48.1375),Western Europe,Germany,Germany,1996-2020,11088,university-teacher,publisher
http://www.wikidata.org/entity/Q2590485,Wolfgang Lutz,1956,male,Rome,POINT (12.482778 41.893056),Southern Europe,Italy,Italy,1996-2020,11089,university-teacher,organization
http://www.wikidata.org/entity/Q3049381,Eiji Ōtsuka,1958,male,Tokyo,POINT (139.774444 35.683889),Eastern Asia,Japan,Japan,1996-2020,11823,other,university
http://www.wikidata.org/entity/Q2644328,Alfons Bora,1957,male,Elchesheim-Illingen,POINT (8.212778 48.931944),Western Europe,Germany,Germany,1996-2020,11151,university-teacher,publisher
http://www.wikidata.org/entity/Q11715622,Jacek Tittenbrun,1952,male,Poznań,POINT (16.933611 52.408333),Eastern Europe,Poland,Poland,1996-2020,5830,university-teacher,publisher
http://www.wikidata.org/entity/Q2664204,Masimo Introvinje,1955,male,Rome,POINT (12.482778 41.893056),Southern Europe,Italy,Italy,1996-2020,11163,writer,publisher
http://www.wikidata.org/entity/Q3218045,Larry J. Diamond,1951,male,United States,POINT (-98.5795 39.828175),Northern America,United States,United States Can.,1996-2020,12145,political-scientist,education
http://www.wikidata.org/entity/Q4529097,Aleksandr Shchipkov,1957,male,Saint Petersburg,POINT (30.316667 59.95),European Russia,Russian Federation,Russian Federation,1996-2020,13253,political-scientist,publisher
http://www.wikidata.org/entity/Q1708811,Jost Reinecke,1957,male,Düsseldorf,POINT (6.776667 51.225556),Western Europe,Germany,Germany,1996-2020,9245,university-teacher,publisher
http://www.wikidata.org/entity/Q1709087,José Casanova,1951,male,Zaragoza,POINT (-0.883333 41.65),Southern Europe,Spain,Spain Port.,1996-2020,9246,university-teacher,education
http://www.wikidata.org/entity/Q26776669,Olga Ilyinykh,1958,female,Perm,POINT (56.248889 58.013889),European Russia,Russian Federation,Russian Federation,1996-2020,11172,scientist,publisher
http://www.wikidata.org/entity/Q97915,Hasso Spode,1951,male,Friedrichshagen,POINT (13.616667 52.45),Western Europe,Germany,Germany,1996-2020,18898,university-teacher,publisher
http://www.wikidata.org/entity/Q4685029,Adrian Franklin,1955,male,Canterbury,POINT (1.0775 51.278333),Northern Europe,United Kingdom,United Kingdom,1996-2020,13333,university-teacher,education
http://www.wikidata.org/entity/Q116884448,Ambrogio Santambrogio,1958,male,Cesano Maderno,POINT (9.145639 45.630694),Southern Europe,Italy,Italy,1996-2020,5774,university-teacher,university
http://www.wikidata.org/entity/Q133460974,Andrey Vardamatski,1956,male,Jarkurghon,POINT (67.420556 37.514444),Central Asia,Uzbekistan,Russian Federation,1996-2020,7706,philosopher,institute
http://www.wikidata.org/entity/Q11692880,Danuta Przywara,1951,female,Strzelce Opolskie,POINT (18.283333 50.5),Eastern Europe,Poland,Poland,1996-2020,5781,other,organization
http://www.wikidata.org/entity/Q2638731,Albert Scherr,1958,male,Edenkoben,POINT (8.127222 49.283889),Western Europe,Germany,Germany,1996-2020,11141,university-teacher,education
http://www.wikidata.org/entity/Q16320616,Peter Vorderer,1959,male,Mannheim,POINT (8.466111 49.487778),Western Europe,Germany,Germany,1996-2020,8949,university-teacher,education
http://www.wikidata.org/entity/Q1169492,Johannes Huinink,1952,male,Greven,POINT (7.608333 52.091667),Western Europe,Germany,Germany,1996-2020,5787,university-teacher,publisher
http://www.wikidata.org/entity/Q1633258,Hubert Knoblauch,1959,male,Friedrichshafen,POINT (9.479167 47.654167),Western Europe,Germany,Germany,1996-2020,8953,university-teacher,institute
http://www.wikidata.org/entity/Q303926,Ab Klink,1958,male,Stellendam,POINT (4.0242 51.8047),Western Europe,Netherlands,Belgium Netherl.,1996-2020,11814,politician,organization
http://www.wikidata.org/entity/Q11749857,Krzysztof Łęcki,1960,male,Katowice,POINT (19 50.25),Eastern Europe,Poland,Poland,1996-2020,5926,university-teacher,organization
http://www.wikidata.org/entity/Q27145744,Gergely András A.,1952,male,Budapest,POINT (19.040833 47.498333),Eastern Europe,Hungary,Austria Hungary,1996-2020,11216,other,university
http://www.wikidata.org/entity/Q1792087,Kurt Schmailzl,1952,male,Munich,POINT (11.575 48.1375),Western Europe,Germany,Germany,1996-2020,9515,university-teacher,university
http://www.wikidata.org/entity/Q117600,Ilvo Diamanti,1952,male,Cuneo,POINT (7.55 44.383333),Southern Europe,Italy,Italy,1996-2020,5943,political-scientist,publisher
http://www.wikidata.org/entity/Q11768497,Marek S. Szczepański,1956,male,Częstochowa,POINT (19.12217 50.80964),Eastern Europe,Poland,Poland,1996-2020,5956,university-teacher,organization
http://www.wikidata.org/entity/Q4452788,Gennady Tafayev,1953,male,Bolshoe Akkozino,POINT (47.85167 55.89806),European Russia,Russian Federation,Russian Federation,1996-2020,13172,scientist,education
http://www.wikidata.org/entity/Q1324252,Raina Zimmering,1951,female,Dresden,POINT (13.738144 51.049329),Western Europe,Germany,Germany,1996-2020,7608,university-teacher,university
http://www.wikidata.org/entity/Q16373600,Rəna Mirzəzadə,1954,female,Shirvan,POINT (48.920278 39.931944),Western Asia,Azerbaijan,Russian Federation,1996-2020,8965,scientist,institute
http://www.wikidata.org/entity/Q18009184,Reiner Grundmann,1955,male,Freudenstadt,POINT (8.411111 48.463333),Western Europe,Germany,Germany,1996-2020,9531,university-teacher,education
http://www.wikidata.org/entity/Q32462278,Andrzej Florczyk,1954,male,Stalowa Wola,POINT (22.05 50.583333),Eastern Europe,Poland,Poland,1996-2020,12158,other,institute
http://www.wikidata.org/entity/Q101850967,Mauro Valeri,1960,male,Vittorito,POINT (13.8175 42.128055),Southern Europe,Italy,Italy,1996-2020,105,writer,organization
http://www.wikidata.org/entity/Q1174707,David Held,1951,male,London,POINT (-0.1275 51.507222),Northern Europe,United Kingdom,United Kingdom,1996-2020,5913,university-teacher,education
http://www.wikidata.org/entity/Q1642959,Jürgen Schupp,1956,male,Griesheim,POINT (8.5525 49.859444),Western Europe,Germany,Germany,1996-2020,8982,university-teacher,publisher
http://www.wikidata.org/entity/Q4493554,Andrey Fursov,1951,male,Shchyolkovo,POINT (38 55.916667),European Russia,Russian Federation,Russian Federation,1996-2020,13205,political-scientist,education
http://www.wikidata.org/entity/Q18285240,Mauro Iasi,1960,male,São Paulo,POINT (-46.633947 -23.550394),South America,Brazil,South America,1996-2020,9590,writer,publisher
http://www.wikidata.org/entity/Q93975998,Dirk Hegmanns,1957,male,Düsseldorf,POINT (6.776667 51.225556),Western Europe,Germany,Germany,1996-2020,17836,writer,publisher
http://www.wikidata.org/entity/Q26025045,Christiane Funken,1953,female,Kaldenkirchen,POINT (6.283333 51.316667),Western Europe,Germany,Germany,1996-2020,11108,university-teacher,institute
http://www.wikidata.org/entity/Q945597,Didier Eribon,1953,male,Reims,POINT (4.028611 49.265278),Western Europe,France,France,1996-2020,17875,university-teacher,newspaper
http://www.wikidata.org/entity/Q17037053,Imma Tubella i Casadevall,1953,female,La Bisbal d'Empordà,POINT (3.037783 41.959012),Southern Europe,Spain,Spain Port.,1996-2020,9234,university-teacher,education
http://www.wikidata.org/entity/Q261112,Grażyna Gęsicka,1951,female,Warsaw,POINT (21.011111 52.23),Eastern Europe,Poland,Poland,1996-2020,11112,university-teacher,agency
http://www.wikidata.org/entity/Q107420041,Marian Broda,1954,male,Zgierz,POINT (19.406111 51.856389),Eastern Europe,Poland,Poland,1996-2020,729,university-teacher,publisher
http://www.wikidata.org/entity/Q1252392,Douglas Massey,1952,male,Olympia,POINT (-122.893056 47.0425),Northern America,United States,United States Can.,1996-2020,6944,university-teacher,education
http://www.wikidata.org/entity/Q9389714,Zdzisław Krasnodębski,1953,male,Choszczno,POINT (15.416667 53.17),Eastern Europe,Poland,Poland,1996-2020,17833,university-teacher,university
http://www.wikidata.org/entity/Q3063622,José María Sánchez Carrión,1952,male,Cartagena,POINT (-0.984167 37.601944),Southern Europe,Spain,Spain Port.,1996-2020,11857,university-teacher,publisher
http://www.wikidata.org/entity/Q3060805,Peter Ester,1953,male,Utrecht,POINT (5.121667 52.090833),Western Europe,Netherlands,Belgium Netherl.,1996-2020,11854,university-teacher,university
http://www.wikidata.org/entity/Q9387884,Zbigniew Galor,1952,male,Szczecin,POINT (14.555278 53.424722),Eastern Europe,Poland,Poland,1996-2020,17828,university-teacher,university
http://www.wikidata.org/entity/Q17012831,Claire Sterk,1957,female,Netherlands,POINT (5.55 52.316667),Western Europe,Netherlands,Belgium Netherl.,1996-2020,9223,anthropologist,education
http://www.wikidata.org/entity/Q9388800,Zbyszko Melosik,1956,male,Poznań,POINT (16.933611 52.408333),Eastern Europe,Poland,Poland,1996-2020,17832,university-teacher,publisher
http://www.wikidata.org/entity/Q26240111,Mikhail Mirchev,1954,male,Sofia,POINT (23.321726 42.697886),Eastern Europe,Bulgaria,Central Europe,1996-2020,11123,university-teacher,university
http://www.wikidata.org/entity/Q101235,Anton Sterbling,1953,male,Sânnicolau Mare,POINT (20.629444 46.072222),Eastern Europe,Romania,Central Europe,1996-2020,82,university-teacher,education
http://www.wikidata.org/entity/Q16294810,Stefan Hornbostel,1955,male,Hanover,POINT (9.738611 52.374444),Western Europe,Germany,Germany,1996-2020,8936,professor,publisher
http://www.wikidata.org/entity/Q305361,John Bellamy Foster,1953,male,Seattle,POINT (-122.33 47.605),Northern America,United States,United States Can.,1996-2020,11834,university-teacher,education
http://www.wikidata.org/entity/Q116774181,Annelise Orleck,1959,female,Brooklyn,POINT (-73.949722 40.650833),Northern America,United States,United States Can.,1996-2020,5750,university-teacher,education
http://www.wikidata.org/entity/Q2036141,Bernard Lahire,1963,male,Lyon,POINT (4.835 45.7675),Western Europe,France,France,1996-2020,10121,university-teacher,education
http://www.wikidata.org/entity/Q96657,Volker Grassmuck,1961,male,Hanover,POINT (9.738611 52.374444),Western Europe,Germany,Germany,1996-2020,18795,writer,publisher
http://www.wikidata.org/entity/Q16770280,Ichiro Kawachi,1961,male,Tokyo,POINT (139.691667 35.689444),Eastern Asia,Japan,Japan,1996-2020,9131,other,education
http://www.wikidata.org/entity/Q7212719,Jan Jandourek,1965,male,Nové Město nad Metují,POINT (16.151547 50.344599),Eastern Europe,Czechia,Czechia,1996-2020,16474,university-teacher,publisher
http://www.wikidata.org/entity/Q6900199,Monika Kostera,1963,female,Warsaw,POINT (21.011111 52.23),Eastern Europe,Poland,Poland,1996-2020,16279,university-teacher,education
http://www.wikidata.org/entity/Q1687120,Jens Beckert,1967,male,Frankfurt,POINT (8.682222 50.110556),Western Europe,Germany,Germany,1996-2020,9160,university-teacher,publisher
http://www.wikidata.org/entity/Q2063498,Paula-Irene Villa,1968,female,Santiago,POINT (-70.65 -33.4375),South America,Chile,South America,1996-2020,10182,university-teacher,university
http://www.wikidata.org/entity/Q688149,Armin Pfahl-Traughber,1963,male,Schwalmstadt,POINT (9.188889 50.912778),Western Europe,Germany,Germany,1996-2020,16272,university-teacher,publisher
http://www.wikidata.org/entity/Q96413,Hartmut Rosa,1965,male,Lörrach,POINT (7.661389 47.615556),Western Europe,Germany,Germany,1996-2020,18785,university-teacher,education
http://www.wikidata.org/entity/Q10308228,Jorge Riechmann,1962,male,Madrid,POINT (-3.703333 40.416944),Southern Europe,Spain,Spain Port.,1996-2020,182,university-teacher,publisher
http://www.wikidata.org/entity/Q20254100,Juho Saari,1967,male,Kalajoki,POINT (23.948611 64.259722),Northern Europe,Finland,Baltic States Fin. Belar.,1996-2020,10113,university-teacher,university
http://www.wikidata.org/entity/Q2020415,Oliver Marchart,1968,male,Vienna,POINT (16.3725 48.208333),Western Europe,Austria,Austria Hungary,1996-2020,10103,university-teacher,publisher
http://www.wikidata.org/entity/Q16854482,Alena V. Ledeneva,1964,female,Novosibirsk,POINT (82.916667 55.033333),Asiatic Russia,Russian Federation,Russian Federation,1996-2020,9152,university-teacher,education
http://www.wikidata.org/entity/Q20055517,Melinda Mills,1969,female,Red Deer,POINT (-113.811111 52.268055),Northern America,Canada,United States Can.,1996-2020,10079,university-teacher,education
http://www.wikidata.org/entity/Q6793901,Mauro Guillén,1964,male,León,POINT (-5.566944 42.598889),Southern Europe,Spain,Spain Port.,1996-2020,16220,university-teacher,education
http://www.wikidata.org/entity/Q17062673,Phil Zuckerman,1969,male,Los Angeles,POINT (-118.24368 34.05223),Northern America,United States,United States Can.,1996-2020,9243,university-teacher,publisher
http://www.wikidata.org/entity/Q99367,Alexander Ebner,1967,male,Wiesbaden,POINT (8.24 50.0825),Western Europe,Germany,Germany,1996-2020,19002,university-teacher,agency
http://www.wikidata.org/entity/Q102181,Bernhard Ebbinghaus,1961,male,Stuttgart,POINT (9.18 48.7775),Western Europe,Germany,Germany,1996-2020,121,university-teacher,education
http://www.wikidata.org/entity/Q1705900,Paul Nolte,1963,male,Geldern,POINT (6.3325 51.519722),Western Europe,Germany,Germany,1996-2020,9242,university-teacher,publisher
http://www.wikidata.org/entity/Q112416566,Ignazia Bartholini,1964,female,Erice,POINT (12.5875 38.0375),Southern Europe,Italy,Italy,1996-2020,2078,university-teacher,publisher
http://www.wikidata.org/entity/Q96249035,Stefano Poli,1970,male,Genoa,POINT (8.933983 44.407186),Southern Europe,Italy,Italy,1996-2020,18774,university-teacher,publisher
http://www.wikidata.org/entity/Q20533858,Víctor Sampedro,1966,male,Viveiro,POINT (-7.59344 43.66228),Southern Europe,Spain,Spain Port.,1996-2020,10162,university-teacher,publisher
http://www.wikidata.org/entity/Q98069930,Teresa Laespada,1965,female,Bilbao,POINT (-2.935 43.263056),Southern Europe,Spain,Spain Port.,1996-2020,18911,politician,publisher
http://www.wikidata.org/entity/Q7146071,Patrick Baert,1961,male,Brussels-Capital Region,POINT (4.3525 50.846667),Western Europe,Belgium,Belgium Netherl.,1996-2020,16403,university-teacher,education
http://www.wikidata.org/entity/Q98383,Martina Löw,1965,female,Würzburg,POINT (9.929444 49.794444),Western Europe,Germany,Germany,1996-2020,18932,university-teacher,institute
http://www.wikidata.org/entity/Q15734483,Heike Solga,1964,female,Berlin,POINT (13.383333 52.516667),Western Europe,Germany,Germany,1996-2020,8665,university-teacher,education
http://www.wikidata.org/entity/Q99528635,Patxi Juaristi,1967,male,Markina-Xemein,POINT (-2.496389 43.268889),Southern Europe,Spain,Spain Port.,1996-2020,19012,university-teacher,publisher
http://www.wikidata.org/entity/Q20487010,Georgi Derluguian,1961,male,Krasnodar,POINT (38.983333 45.033333),European Russia,Russian Federation,Russian Federation,1996-2020,10146,university-teacher,education
http://www.wikidata.org/entity/Q16731412,Robert Leroux,1964,male,Quebec,POINT (-72 52),Northern America,Canada,United States Can.,1996-2020,9113,university-teacher,publisher
http://www.wikidata.org/entity/Q16973898,Mark Regnerus,1970,male,United States,POINT (-98.5795 39.828175),Northern America,United States,United States Can.,1996-2020,9202,other,education
http://www.wikidata.org/entity/Q7215112,Vadim Radaev,1961,male,Tomsk,POINT (84.952222 56.488611),Asiatic Russia,Russian Federation,Russian Federation,1996-2020,16475,university-teacher,education
http://www.wikidata.org/entity/Q20252458,Jopi Nyman,1966,male,Joensuu,POINT (29.763889 62.6),Northern Europe,Finland,Baltic States Fin. Belar.,1996-2020,10109,university-teacher,university
http://www.wikidata.org/entity/Q16735120,Lucia A. Reisch,1964,female,Stuttgart,POINT (9.18 48.7775),Western Europe,Germany,Germany,1996-2020,9124,university-teacher,publisher
http://www.wikidata.org/entity/Q107363774,Andrey Koryakovcev,1966,male,Kirov,POINT (49.65 58.6),European Russia,Russian Federation,Russian Federation,1996-2020,724,historian,publisher
http://www.wikidata.org/entity/Q941440,Igor Škamperle,1962,male,Trieste,POINT (13.770278 45.650278),Southern Europe,Italy,Italy,1996-2020,17850,university-teacher,publisher
http://www.wikidata.org/entity/Q18279147,Ilya Utekhin,1968,male,Saint Petersburg,POINT (30.316667 59.95),European Russia,Russian Federation,Russian Federation,1996-2020,9587,anthropologist,publisher
http://www.wikidata.org/entity/Q1628512,Milan Zver,1962,male,Ljubljana,POINT (14.506111 46.051389),Southern Europe,Slovenia,Central Europe,1996-2020,8935,politician,publisher
http://www.wikidata.org/entity/Q107345893,Domenico Fiormonte,1967,male,Rome,POINT (12.482778 41.893056),Southern Europe,Italy,Italy,1996-2020,719,university-teacher,university
http://www.wikidata.org/entity/Q87401229,Davide Borrelli,1967,male,Naples,POINT (14.248611 40.835833),Southern Europe,Italy,Italy,1996-2020,17212,university-teacher,publisher
http://www.wikidata.org/entity/Q107456671,Martin Groß,1962,male,Homburg,POINT (7.333333 49.316667),Western Europe,Germany,Germany,1996-2020,732,university-teacher,publisher
http://www.wikidata.org/entity/Q891013,Boike Rehbein,1965,male,Berlin,POINT (13.383333 52.516667),Western Europe,Germany,Germany,1996-2020,17297,university-teacher,publisher
http://www.wikidata.org/entity/Q18334068,Jörg Rössel,1968,male,Opladen,POINT (7.00278 51.0678),Western Europe,Germany,Germany,1996-2020,9595,university-teacher,publisher
http://www.wikidata.org/entity/Q1901790,Markus Schroer,1964,male,Fröndenberg,POINT (7.765833 51.471945),Western Europe,Germany,Germany,1996-2020,9789,university-teacher,university
http://www.wikidata.org/entity/Q1903975,Martin Hartmann,1968,male,Hamburg,POINT (10 53.55),Western Europe,Germany,Germany,1996-2020,9792,university-teacher,publisher
http://www.wikidata.org/entity/Q107609253,Angela Maria Alonso,1969,female,Nhandeara,POINT (-50.037778 -20.693889),South America,Brazil,South America,1996-2020,746,university-teacher,publisher
http://www.wikidata.org/entity/Q107601,Sabine Hark,1962,female,Nonnweiler,POINT (6.96935 49.606464),Western Europe,Germany,Germany,1996-2020,745,university-teacher,publisher
http://www.wikidata.org/entity/Q107600785,Marco Marzano,1963,male,Turin,POINT (7.676111 45.079167),Southern Europe,Italy,Italy,1996-2020,744,university-teacher,publisher
http://www.wikidata.org/entity/Q107023099,Víctor Viñuales,1964,male,Zaragoza,POINT (-0.883333 41.65),Southern Europe,Spain,Spain Port.,1996-2020,669,university-teacher,organization
http://www.wikidata.org/entity/Q865201,Birgit Bütow,1961,female,Kleinmachnow,POINT (13.220278 52.403611),Western Europe,Germany,Germany,1996-2020,17179,university-teacher,education
http://www.wikidata.org/entity/Q85660177,Marie-Héléne Caillol,1965,female,France,POINT (2 47),Western Europe,France,France,1996-2020,17137,political-scientist,university
http://www.wikidata.org/entity/Q85264,Sönke Neitzel,1968,male,Hamburg,POINT (10 53.55),Western Europe,Germany,Germany,1996-2020,17112,university-teacher,education
http://www.wikidata.org/entity/Q106983420,Martina Urbanová,1962,female,Brno,POINT (16.608333 49.195278),Eastern Europe,Czechia,Czechia,1996-2020,661,researcher,publisher
http://www.wikidata.org/entity/Q1930087,Michaela Pfadenhauer,1968,female,Nuremberg,POINT (11.0775 49.453889),Western Europe,Germany,Germany,1996-2020,9849,university-teacher,organization
http://www.wikidata.org/entity/Q1094336,Nicholas A. Christakis,1962,male,United States,POINT (-98.5795 39.828175),Northern America,United States,United States Can.,1996-2020,989,other,education
http://www.wikidata.org/entity/Q108923180,Louise Pichard-Bertaux,1962,female,Rians,POINT (2.614167 47.185278),Western Europe,France,France,1996-2020,930,researcher,publisher
http://www.wikidata.org/entity/Q9139703,Adam Jelonek,1968,male,Kraków,POINT (19.937222 50.061389),Eastern Europe,Poland,Poland,1996-2020,17434,politician,university
http://www.wikidata.org/entity/Q9139348,Adam Bobryk,1967,male,Siedlce,POINT (22.283333 52.183333),Eastern Europe,Poland,Poland,1996-2020,17432,university-teacher,publisher
http://www.wikidata.org/entity/Q91321995,Antonio Panico,1968,male,Bari,POINT (16.866667 41.125278),Southern Europe,Italy,Italy,1996-2020,17427,university-teacher,university
http://www.wikidata.org/entity/Q91236165,Michael A. Rapp,1970,male,Bardenberg,POINT (6.111389 50.839722),Western Europe,Germany,Germany,1996-2020,17423,psychologist,education
http://www.wikidata.org/entity/Q93241610,Maria Francesca Carnea,1968,female,Cirò,POINT (17.066667 39.383333),Southern Europe,Italy,Italy,1996-2020,17655,university-teacher,university
http://www.wikidata.org/entity/Q91161794,Elisabetta Ruspini,1964,female,Milan,POINT (9.19 45.466944),Southern Europe,Italy,Italy,1996-2020,17419,university-teacher,university
http://www.wikidata.org/entity/Q18818016,Daisaku Higashi,1969,male,Tokyo,POINT (139.691667 35.689444),Eastern Asia,Japan,Japan,1996-2020,9740,university-teacher,university
http://www.wikidata.org/entity/Q93250892,Fabio Berti,1969,male,Colle di Val d'Elsa,POINT (11.126667 43.4225),Southern Europe,Italy,Italy,1996-2020,17681,university-teacher,publisher
http://www.wikidata.org/entity/Q91566605,Massimo Rosati,1969,male,Pescara,POINT (14.214189 42.464278),Southern Europe,Italy,Italy,1996-2020,17474,university-teacher,university
http://www.wikidata.org/entity/Q9202001,Dariusz Gawin,1964,male,Warsaw,POINT (21.011111 52.23),Eastern Europe,Poland,Poland,1996-2020,17512,historian,university
http://www.wikidata.org/entity/Q9165346,Barbara Engelking,1962,female,Warsaw,POINT (21.011111 52.23),Eastern Europe,Poland,Poland,1996-2020,17483,psychologist,institute
http://www.wikidata.org/entity/Q9160077,Arminas Lydeka,1968,male,Alytus,POINT (24.05 54.4),Eastern Europe,Lithuania,Baltic States Fin. Belar.,1996-2020,17477,university-teacher,publisher
http://www.wikidata.org/entity/Q89980347,Alexander Bogner,1969,male,Munich,POINT (11.575 48.1375),Western Europe,Germany,Germany,1996-2020,17358,researcher,academy
http://www.wikidata.org/entity/Q18920052,Dominik Schrage,1969,male,Hovestadt,POINT (8.14389 51.6572),Western Europe,Germany,Germany,1996-2020,9765,university-teacher,university
http://www.wikidata.org/entity/Q9354151,Tadeusz Chomicki,1962,male,Warsaw,POINT (21.011111 52.23),Eastern Europe,Poland,Poland,1996-2020,17780,other,other
http://www.wikidata.org/entity/Q1624558,Holger Lengfeld,1970,male,Berlin,POINT (13.383333 52.516667),Western Europe,Germany,Germany,1996-2020,8916,university-teacher,publisher
http://www.wikidata.org/entity/Q189172,Andrey Korotayev,1961,male,Moscow,POINT (37.6175 55.750556),European Russia,Russian Federation,Russian Federation,1996-2020,9764,writer,education
http://www.wikidata.org/entity/Q89624365,Alessandro Sicora,1966,male,Trieste,POINT (13.770278 45.650278),Southern Europe,Italy,Italy,1996-2020,17332,university-teacher,publisher
http://www.wikidata.org/entity/Q1892853,Marc Tarabella,1963,male,Ougrée,POINT (5.5361 50.5947),Western Europe,Belgium,Belgium Netherl.,1996-2020,9772,politician,enterprise
http://www.wikidata.org/entity/Q8963215,Félix Taberna,1961,male,Marcilla,POINT (-1.728124 42.351419),Southern Europe,Spain,Spain Port.,1996-2020,17334,university-teacher,publisher
http://www.wikidata.org/entity/Q109300558,Fabio Massimo Lo Verde,1965,male,Palermo,POINT (13.361262 38.115658),Southern Europe,Italy,Italy,1996-2020,963,university-teacher,publisher
http://www.wikidata.org/entity/Q108409467,Rudi Janssens,1962,male,Leuven,POINT (4.704444 50.8775),Western Europe,Belgium,Belgium Netherl.,1996-2020,825,other,education
http://www.wikidata.org/entity/Q91016567,Cora Gamarnik,1967,female,Buenos Aires,POINT (-58.381944 -34.599722),South America,Argentina,South America,1996-2020,17411,university-teacher,education
http://www.wikidata.org/entity/Q16069692,Luc Sels,1967,male,Merksem,POINT (4.4414 51.2428),Western Europe,Belgium,Belgium Netherl.,1996-2020,8839,university-teacher,education
http://www.wikidata.org/entity/Q93371067,Xavier Bonal,1963,male,Barcelona,POINT (2.176944 41.3825),Southern Europe,Spain,Spain Port.,1996-2020,17713,writer,publisher
http://www.wikidata.org/entity/Q93371491,Jordi Busquet i Duran,1962,male,Terrassa,POINT (2.008055 41.561111),Southern Europe,Spain,Spain Port.,1996-2020,17714,university-teacher,university
http://www.wikidata.org/entity/Q9008084,Imanol Zubero Beascoechea,1961,male,Bilbao,POINT (-2.935 43.263056),Southern Europe,Spain,Spain Port.,1996-2020,17362,politician,publisher
http://www.wikidata.org/entity/Q108293926,Svetlana Lourie,1961,female,Saint Petersburg,POINT (30.316667 59.95),European Russia,Russian Federation,Russian Federation,1996-2020,808,other,institute
http://www.wikidata.org/entity/Q90262057,Xabier Barandiarán Irastorza,1969,male,Ataun,POINT (-2.181277 42.978104),Southern Europe,Spain,Spain Port.,1996-2020,17374,university-teacher,publisher
http://www.wikidata.org/entity/Q9342609,Stanisław Mocek,1964,male,Wschowa,POINT (16.3 51.8),Eastern Europe,Poland,Poland,1996-2020,17740,political-scientist,publisher
http://www.wikidata.org/entity/Q901526,Dan Lungu,1969,male,Botoșani,POINT (26.669444 47.748611),Eastern Europe,Romania,Central Europe,1996-2020,17368,writer,publisher
http://www.wikidata.org/entity/Q19835760,Brigitte Franzen,1966,female,Freiburg im Breisgau,POINT (7.85 47.995),Western Europe,Germany,Germany,1996-2020,9977,university-teacher,publisher
http://www.wikidata.org/entity/Q111678916,Deidre Hill Butler,1969,female,Boston,POINT (-71.057778 42.360278),Northern America,United States,United States Can.,1996-2020,1435,university-teacher,education
http://www.wikidata.org/entity/Q103921809,Martin Fafejta,1968,male,Chrudim,POINT (15.795636 49.951136),Eastern Europe,Czechia,Czechia,1996-2020,266,other,publisher
http://www.wikidata.org/entity/Q19898950,René Veenstra,1969,male,Groningen,POINT (6.737778 53.258055),Western Europe,Netherlands,Belgium Netherl.,1996-2020,9992,university-teacher,university
http://www.wikidata.org/entity/Q111833001,Massimo Pendenza,1967,male,Avezzano,POINT (13.426372 42.030975),Southern Europe,Italy,Italy,1996-2020,1467,university-teacher,university
http://www.wikidata.org/entity/Q104013,Dirk Helbing,1965,male,Aalen,POINT (10.093611 48.837222),Western Europe,Germany,Germany,1996-2020,273,university-teacher,publisher
http://www.wikidata.org/entity/Q15822277,Jürgen Beyer,1964,male,Hockenheim,POINT (8.547222 49.318056),Western Europe,Germany,Germany,1996-2020,8706,university-teacher,university
http://www.wikidata.org/entity/Q15822211,Jörg Michael Kastl,1962,male,Esslingen am Neckar,POINT (9.310833 48.740556),Western Europe,Germany,Germany,1996-2020,8705,university-teacher,education
http://www.wikidata.org/entity/Q95371000,Petr Jehlička,1965,male,Kolín,POINT (15.200634 50.028194),Eastern Europe,Czechia,Czechia,1996-2020,18582,university-teacher,publisher
http://www.wikidata.org/entity/Q95445853,Nicole Horáková,1969,female,Ingelheim am Rhein,POINT (8.056389 49.974722),Western Europe,Germany,Germany,1996-2020,18661,university-teacher,publisher
http://www.wikidata.org/entity/Q112071182,Rosângela Lula da Silva,1966,female,União da Vitória,POINT (-51.085833 -26.23),South America,Brazil,South America,1996-2020,1498,politician,enterprise
http://www.wikidata.org/entity/Q10314734,Krystyna Iglicka,1964,female,Warsaw,POINT (21.011111 52.23),Eastern Europe,Poland,Poland,1996-2020,193,economist,university
http://www.wikidata.org/entity/Q112239041,Hiroyuki Murata,1962,male,Tochio,POINT (138.992639 37.480389),Eastern Asia,Japan,Japan,1996-2020,1540,other,enterprise
http://www.wikidata.org/entity/Q20003379,Javier Barraycoa,1963,male,Barcelona,POINT (2.176944 41.3825),Southern Europe,Spain,Spain Port.,1996-2020,10029,university-teacher,other
http://www.wikidata.org/entity/Q7490063,Sharon Gaber,1964,female,Pasadena,POINT (-118.143889 34.1475),Northern America,United States,United States Can.,1996-2020,16668,university-teacher,education
http://www.wikidata.org/entity/Q111902529,Alfredo Alietti,1964,male,Milan,POINT (9.19 45.466944),Southern Europe,Italy,Italy,1996-2020,1472,university-teacher,publisher
http://www.wikidata.org/entity/Q1577646,Hans-Jürgen Burchardt,1962,male,Hanover,POINT (9.738611 52.374444),Western Europe,Germany,Germany,1996-2020,8679,university-teacher,university
http://www.wikidata.org/entity/Q1594592,Heike Trappe,1966,female,Berlin,POINT (13.383333 52.516667),Western Europe,Germany,Germany,1996-2020,8746,university-teacher,university
http://www.wikidata.org/entity/Q810035,Basil Kerski,1969,male,Gdańsk,POINT (18.654023 54.348291),Eastern Europe,Poland,Poland,1996-2020,16967,political-scientist,publisher
http://www.wikidata.org/entity/Q807477,Barbara Hölscher,1964,female,Kiel,POINT (10.139445 54.323333),Western Europe,Germany,Germany,1996-2020,16961,university-teacher,agency
http://www.wikidata.org/entity/Q105395233,Maria José Casa-Nova,1963,female,Viana do Castelo,POINT (-8.833333 41.7),Southern Europe,Portugal,Spain Port.,1996-2020,404,researcher,publisher
http://www.wikidata.org/entity/Q17576603,Kai-Uwe Hellmann,1962,male,Walsrode,POINT (9.58525 52.8592),Western Europe,Germany,Germany,1996-2020,9468,university-teacher,institute
http://www.wikidata.org/entity/Q19513369,Letizia Paoli,1966,female,Prato,POINT (11.096561 43.880814),Southern Europe,Italy,Italy,1996-2020,9894,university-teacher,education
http://www.wikidata.org/entity/Q16499765,Lane Kenworthy,1964,male,New York,POINT (-75 43),Northern America,United States,United States Can.,1996-2020,9007,university-teacher,education
http://www.wikidata.org/entity/Q17686991,Jun'ya Tsutsui,1970,male,Fukuoka Prefecture,POINT (130.418056 33.606111),Eastern Asia,Japan,Japan,1996-2020,9495,university-teacher,university
http://www.wikidata.org/entity/Q83854945,Anna Lisa Tota,1965,female,Milan,POINT (9.19 45.466944),Southern Europe,Italy,Italy,1996-2020,17033,university-teacher,university
http://www.wikidata.org/entity/Q16514930,Dmitrij Valerʹevič Efremenko,1967,male,Moscow,POINT (37.6175 55.750556),European Russia,Russian Federation,Russian Federation,1996-2020,9008,political-scientist,education
http://www.wikidata.org/entity/Q194771,Gisèle Sapiro,1965,female,Neuilly-sur-Seine,POINT (2.2675 48.887222),Western Europe,France,France,1996-2020,9888,researcher,publisher
http://www.wikidata.org/entity/Q105723397,Catarina Alves Costa,1967,female,Porto,POINT (-8.610833 41.15),Southern Europe,Portugal,Spain Port.,1996-2020,455,university-teacher,education
http://www.wikidata.org/entity/Q83856135,Andrea Volterrani,1966,male,Florence,POINT (11.254167 43.771389),Southern Europe,Italy,Italy,1996-2020,17034,university-teacher,university
http://www.wikidata.org/entity/Q111028830,Angéla Kóczé,1970,female,Fehérgyarmat,POINT (22.516944 47.985),Eastern Europe,Hungary,Austria Hungary,1996-2020,1313,university-teacher,education
http://www.wikidata.org/entity/Q95245287,Jerzy Kaczmarek,1964,male,Jarocin,POINT (17.5 51.966667),Eastern Europe,Poland,Poland,1996-2020,18357,university-teacher,publisher
http://www.wikidata.org/entity/Q95245730,Dieter Münk,1962,male,Andernach,POINT (7.401667 50.439722),Western Europe,Germany,Germany,1996-2020,18364,university-teacher,publisher
http://www.wikidata.org/entity/Q1045715,Carsten Winter,1966,male,Berlin,POINT (13.383333 52.516667),Western Europe,Germany,Germany,1996-2020,318,university-teacher,school
http://www.wikidata.org/entity/Q1969431,Aleš Debeljak,1961,male,Ljubljana,POINT (14.506111 46.051389),Southern Europe,Slovenia,Central Europe,1996-2020,9952,writer,education
http://www.wikidata.org/entity/Q110640448,Marcela Ríos,1966,female,Santiago,POINT (-70.65 -33.4375),South America,Chile,South America,1996-2020,1226,political-scientist,other
http://www.wikidata.org/entity/Q104895707,Onofrio Romano,1968,male,Molfetta,POINT (16.6 41.2),Southern Europe,Italy,Italy,1996-2020,365,university-teacher,university
http://www.wikidata.org/entity/Q20638668,Gabriele Doblhammer,1963,female,Wels,POINT (14.016667 48.15),Western Europe,Austria,Austria Hungary,1996-2020,10184,university-teacher,education
http://www.wikidata.org/entity/Q5217636,Daniel J. Myers,1966,male,Xenia,POINT (-83.9381 39.6836),Northern America,United States,United States Can.,1996-2020,13869,university-teacher,education
http://www.wikidata.org/entity/Q5213425,Dan Dungaciu,1968,male,Târgu Mureș,POINT (24.559722 46.549722),Eastern Europe,Romania,Central Europe,1996-2020,13852,political-scientist,publisher
http://www.wikidata.org/entity/Q521131,Frédéric Martel,1967,male,Châteaurenard,POINT (4.855 43.8825),Western Europe,France,France,1996-2020,13849,writer,organization
http://www.wikidata.org/entity/Q520114,André Kieserling,1962,male,Dortmund,POINT (7.465278 51.513889),Western Europe,Germany,Germany,1996-2020,13837,university-teacher,publisher
http://www.wikidata.org/entity/Q2517502,Veronika Tacke,1961,female,Lippstadt,POINT (8.35 51.666667),Western Europe,Germany,Germany,1996-2020,10990,university-teacher,publisher
http://www.wikidata.org/entity/Q25214228,Ina Dietzsch,1966,female,Leipzig,POINT (12.374733 51.340632),Western Europe,Germany,Germany,1996-2020,10995,university-teacher,publisher
http://www.wikidata.org/entity/Q512677,PierLuigi Zoccatelli,1965,male,Verona,POINT (10.992778 45.438611),Southern Europe,Italy,Italy,1996-2020,13781,university-teacher,other
http://www.wikidata.org/entity/Q5109408,Christian Castillo,1967,male,Buenos Aires,POINT (-58.381944 -34.599722),South America,Argentina,South America,1996-2020,13767,politician,publisher
http://www.wikidata.org/entity/Q135011330,Gabriela Merlinsky,1966,female,Darregueira,POINT (-63.1667 -37.7),South America,Argentina,South America,1996-2020,7912,researcher,publisher
http://www.wikidata.org/entity/Q11520634,Yuki Honda,1964,female,Tokushima,POINT (134.554944 34.070278),Eastern Asia,Japan,Japan,1996-2020,5414,other,university
http://www.wikidata.org/entity/Q54010063,Andrey Milekhin,1964,male,Karaganda,POINT (73.116667 49.8),Central Asia,Kazakhstan,Russian Federation,1996-2020,14023,psychologist,university
http://www.wikidata.org/entity/Q5386894,Eric Klinenberg,1970,male,Chicago,POINT (-87.627778 41.881944),Northern America,United States,United States Can.,1996-2020,14010,university-teacher,education
http://www.wikidata.org/entity/Q2458224,Ruud Koopmans,1961,male,Uithoorn,POINT (4.825 52.2422),Western Europe,Netherlands,Belgium Netherl.,1996-2020,10928,university-teacher,publisher
http://www.wikidata.org/entity/Q53552714,Josep Espluga,1964,male,Alcampell,POINT (0.434722 41.906667),Southern Europe,Spain,Spain Port.,1996-2020,13980,university-teacher,publisher
http://www.wikidata.org/entity/Q52818219,Rob Shields,1961,male,Toronto,POINT (-79.386667 43.670278),Northern America,Canada,United States Can.,1996-2020,13936,other,publisher
http://www.wikidata.org/entity/Q50756777,Olga Abasolo,1966,female,Madrid,POINT (-3.703333 40.416944),Southern Europe,Spain,Spain Port.,1996-2020,13729,politician,publisher
http://www.wikidata.org/entity/Q1165910,Dario Azzellini,1967,male,Wiesbaden,POINT (8.24 50.0825),Western Europe,Germany,Germany,1996-2020,5713,writer,education
http://www.wikidata.org/entity/Q11659529,Kōji Nanba,1961,male,Osaka,POINT (135.502111 34.69375),Eastern Asia,Japan,Japan,1996-2020,5714,other,university
http://www.wikidata.org/entity/Q116737979,Karin Wittebrood,1965,female,Soest,POINT (5.29167 52.17333),Western Europe,Netherlands,Belgium Netherl.,1996-2020,5741,writer,institute
http://www.wikidata.org/entity/Q116748726,Esther Torrado,1968,female,Madrid,POINT (-3.703333 40.416944),Southern Europe,Spain,Spain Port.,1996-2020,5743,researcher,publisher
http://www.wikidata.org/entity/Q26251562,Eduardo Bonilla-Silva,1962,male,Bellefonte,POINT (-77.774722 40.914722),Northern America,United States,United States Can.,1996-2020,11125,university-teacher,education
http://www.wikidata.org/entity/Q116786801,Pitt von Bebenburg,1961,male,Hamburg,POINT (10 53.55),Western Europe,Germany,Germany,1996-2020,5754,journalist,enterprise
http://www.wikidata.org/entity/Q262628,Sébastien Fath,1968,male,Strasbourg,POINT (7.752222 48.573333),Western Europe,France,France,1996-2020,11130,historian,publisher
http://www.wikidata.org/entity/Q116789942,Andrea Salvini,1963,male,Livorno,POINT (10.316667 43.55),Southern Europe,Italy,Italy,1996-2020,5756,university-teacher,publisher
http://www.wikidata.org/entity/Q25461299,Jovo Bakić,1970,male,Belgrade,POINT (20.456944 44.817778),Southern Europe,Serbia,Central Europe,1996-2020,11029,university-teacher,university
http://www.wikidata.org/entity/Q25550620,Francesc Viadel,1968,male,Algemesí,POINT (-0.437778 39.189722),Southern Europe,Spain,Spain Port.,1996-2020,11047,university-teacher,university
http://www.wikidata.org/entity/Q500160,Andreas Reckwitz,1970,male,Witten,POINT (7.333333 51.433333),Western Europe,Germany,Germany,1996-2020,13651,university-teacher,publisher
http://www.wikidata.org/entity/Q49266125,Béatrice Mabilon-Bonfils,1963,female,Grasse,POINT (6.925278 43.658056),Western Europe,France,France,1996-2020,13615,other,education
http://www.wikidata.org/entity/Q13445805,Bruno De Cordier,1967,male,Ghent,POINT (3.725278 51.053611),Western Europe,Belgium,Belgium Netherl.,1996-2020,7847,university-teacher,education
http://www.wikidata.org/entity/Q4888739,Benjamin H. Bratton,1968,male,Los Angeles,POINT (-118.24368 34.05223),Northern America,United States,United States Can.,1996-2020,13593,university-teacher,education
http://www.wikidata.org/entity/Q23062633,Ulrich Herb,1970,male,Saarbrücken,POINT (7 49.233333),Western Europe,Germany,Germany,1996-2020,10683,other,publisher
http://www.wikidata.org/entity/Q57162133,Asher D. Colombo,1966,male,Milan,POINT (9.19 45.466944),Southern Europe,Italy,Italy,1996-2020,14639,university-teacher,publisher
http://www.wikidata.org/entity/Q57077883,Piotr Matczak,1964,male,Konin,POINT (18.261389 52.2275),Eastern Europe,Poland,Poland,1996-2020,14630,researcher,publisher
http://www.wikidata.org/entity/Q56877536,Massimiliano Verga,1970,male,Milan,POINT (9.19 45.466944),Southern Europe,Italy,Italy,1996-2020,14599,university-teacher,publisher
http://www.wikidata.org/entity/Q56849343,Lucas Platero,1970,male,Madrid,POINT (-3.703333 40.416944),Southern Europe,Spain,Spain Port.,1996-2020,14596,researcher,publisher
http://www.wikidata.org/entity/Q2336950,Stefan Liebig,1962,male,Coburg,POINT (10.957869 50.258469),Western Europe,Germany,Germany,1996-2020,10710,university-teacher,publisher
http://www.wikidata.org/entity/Q57419854,Beata Kowalska,1965,female,Kraków,POINT (19.937222 50.061389),Eastern Europe,Poland,Poland,1996-2020,14673,other,university
http://www.wikidata.org/entity/Q56524978,Alexandra Manzei,1964,female,Westerwald,POINT (7.83333 50.6667),Western Europe,Germany,Germany,1996-2020,14535,professor,university
http://www.wikidata.org/entity/Q23654945,"Ахмадинуров, Рустем Маратович",1968,male,Ufa,POINT (55.9475 54.726111),European Russia,Russian Federation,Russian Federation,1996-2020,10736,economist,institution
http://www.wikidata.org/entity/Q56311955,Алена Яўгенаўна Кучко,1967,female,Minsk,POINT (27.561837 53.902246),Eastern Europe,Belarus,Baltic States Fin. Belar.,1996-2020,14499,scientist,university
http://www.wikidata.org/entity/Q2343535,Stephan Lessenich,1965,male,Stuttgart,POINT (9.18 48.7775),Western Europe,Germany,Germany,1996-2020,10718,university-teacher,organization
http://www.wikidata.org/entity/Q113780121,Thomas Périlleux,1965,male,Uccle,POINT (4.333889 50.803611),Western Europe,Belgium,Belgium Netherl.,1996-2020,4790,university-teacher,publisher
http://www.wikidata.org/entity/Q14044437,Xavier Godàs i Pérez,1969,male,Vilassar de Dalt,POINT (2.359288 41.516359),Southern Europe,Spain,Spain Port.,1996-2020,8311,politician,education
http://www.wikidata.org/entity/Q113775273,Ingo Schulz-Schaeffer,1963,male,Hamburg,POINT (10 53.55),Western Europe,Germany,Germany,1996-2020,4714,university-teacher,institute
http://www.wikidata.org/entity/Q58454468,Tanja Bogusz,1970,female,Hamburg,POINT (10 53.55),Western Europe,Germany,Germany,1996-2020,14852,writer,university
http://www.wikidata.org/entity/Q58300765,Dietrich Oberwittler,1963,male,Essen,POINT (7.013055 51.450833),Western Europe,Germany,Germany,1996-2020,14822,other,education
http://www.wikidata.org/entity/Q58227482,Barbara Poggio,1967,female,Novi Ligure,POINT (8.785556 44.759167),Southern Europe,Italy,Italy,1996-2020,14801,university-teacher,publisher
http://www.wikidata.org/entity/Q58227436,Emiliana Armano,1965,female,Alessandria,POINT (8.62 44.913331),Southern Europe,Italy,Italy,1996-2020,14800,university-teacher,university
http://www.wikidata.org/entity/Q113776142,Stefanie Graefe,1966,female,Iserlohn,POINT (7.666667 51.383333),Western Europe,Germany,Germany,1996-2020,4732,university-teacher,university
http://www.wikidata.org/entity/Q5798454,Daniel Jadue,1967,male,Santiago,POINT (-70.65 -33.4375),South America,Chile,South America,1996-2020,14753,politician,university
http://www.wikidata.org/entity/Q57924214,Helen Kohlen,1963,female,Mönchengladbach,POINT (6.433333 51.2),Western Europe,Germany,Germany,1996-2020,14739,other,college
http://www.wikidata.org/entity/Q57770616,Zarema Shaukenova,1965,female,Shymkent,POINT (69.6 42.3),Central Asia,Kazakhstan,Russian Federation,1996-2020,14721,university-teacher,publisher
http://www.wikidata.org/entity/Q57700901,Agnieszka Dudzińska,1965,female,Lublin,POINT (22.566667 51.25),Eastern Europe,Poland,Poland,1996-2020,14713,political-scientist,institute
http://www.wikidata.org/entity/Q2367468,Florence Bergeaud-Blackler,1964,female,Bordeaux,POINT (-0.579444 44.837778),Western Europe,France,France,1996-2020,10742,anthropologist,education
http://www.wikidata.org/entity/Q136669298,Ute Rosenbaum,1964,female,Plauen,POINT (12.138333 50.495),Western Europe,Germany,Germany,1996-2020,8106,university-teacher,education
http://www.wikidata.org/entity/Q24008015,Gigi Tevzadze,1967,male,Tbilisi,POINT (44.7925 41.7225),Western Asia,Georgia,Russian Federation,1996-2020,10829,political-scientist,university
http://www.wikidata.org/entity/Q11462770,Eiji Oguma,1962,male,Tokyo,POINT (139.691667 35.689444),Eastern Asia,Japan,Japan,1996-2020,5302,university-teacher,publisher
http://www.wikidata.org/entity/Q114639779,Riccardo Prandini,1967,male,Modena,POINT (10.92572 44.64582),Southern Europe,Italy,Italy,1996-2020,5305,university-teacher,publisher
http://www.wikidata.org/entity/Q55286727,Volker Stocké,1966,male,Frankenthal,POINT (8.35 49.533333),Western Europe,Germany,Germany,1996-2020,14160,university-teacher,university
http://www.wikidata.org/entity/Q2425565,Thomas Kron,1970,male,Lank-Latum,POINT (6.67972 51.3067),Western Europe,Germany,Germany,1996-2020,10877,university-teacher,agency
http://www.wikidata.org/entity/Q2427202,Thomas Schwinn,1962,male,Heidelberg,POINT (8.71 49.412222),Western Europe,Germany,Germany,1996-2020,10884,university-teacher,publisher
http://www.wikidata.org/entity/Q11488108,Takahiko Kageyama,1962,male,Okayama,POINT (133.919583 34.655111),Eastern Asia,Japan,Japan,1996-2020,5358,university-teacher,publisher
http://www.wikidata.org/entity/Q114963472,Andrés Pedreño Cánovas,1967,male,Cartagena,POINT (-0.984167 37.601944),Southern Europe,Spain,Spain Port.,1996-2020,5363,university-teacher,publisher
http://www.wikidata.org/entity/Q56066085,Stefano Harney,1962,male,Berkeley,POINT (-122.268056 37.870278),Northern America,United States,United States Can.,1996-2020,14460,university-teacher,education
http://www.wikidata.org/entity/Q137220293,Albert J. Jovell i Fernández,1962,male,Barcelona,POINT (2.176944 41.3825),Southern Europe,Spain,Spain Port.,1996-2020,8159,writer,publisher
http://www.wikidata.org/entity/Q23809743,Antonia Kupfer,1968,female,Delmenhorst,POINT (8.62913 53.05087),Western Europe,Germany,Germany,1996-2020,10769,university-teacher,education
http://www.wikidata.org/entity/Q5571439,Gloria Origgi,1967,female,Milan,POINT (9.19 45.466944),Southern Europe,Italy,Italy,1996-2020,14328,philosopher,publisher
http://www.wikidata.org/entity/Q55688391,Eduardo Apodaka,1965,male,Bilbao,POINT (-2.935 43.263056),Southern Europe,Spain,Spain Port.,1996-2020,14319,university-teacher,publisher
http://www.wikidata.org/entity/Q11714663,Izabela Desperak,1965,female,Gniezno,POINT (17.6 52.533333),Eastern Europe,Poland,Poland,1996-2020,5823,university-teacher,publisher
http://www.wikidata.org/entity/Q347209,Vasile Dîncu,1961,male,Runcu Salvei,POINT (24.316667 47.35),Eastern Europe,Romania,Central Europe,1996-2020,12469,university-teacher,publisher
http://www.wikidata.org/entity/Q3441601,Ronan Le Coadic,1962,male,Saint-Brieuc,POINT (-2.760278 48.513611),Western Europe,France,France,1996-2020,12450,university-teacher,university
http://www.wikidata.org/entity/Q3430365,Riccardo Campa,1967,male,Mantua,POINT (10.791111 45.156389),Southern Europe,Italy,Italy,1996-2020,12434,university-teacher,university
http://www.wikidata.org/entity/Q3389055,Pippo Russo,1965,male,Agrigento,POINT (13.57661 37.31065),Southern Europe,Italy,Italy,1996-2020,12409,university-teacher,GLAM
http://www.wikidata.org/entity/Q1279952,Gert Pickel,1963,male,Kronach,POINT (11.328055 50.241111),Western Europe,Germany,Germany,1996-2020,7244,university-teacher,publisher
http://www.wikidata.org/entity/Q3351033,Olivier Fillieule,1964,male,Ambilly,POINT (6.224167 46.195),Western Europe,France,France,1996-2020,12337,political-scientist,university
http://www.wikidata.org/entity/Q3009026,Cyril Lemieux,1967,male,Rouen,POINT (1.1025 49.443056),Western Europe,France,France,1996-2020,11729,university-teacher,publisher
http://www.wikidata.org/entity/Q3479340,Serge Guérin,1962,male,Paris,POINT (2.352222 48.856667),Western Europe,France,France,1996-2020,12478,politician,education
http://www.wikidata.org/entity/Q29021055,Béatrice Barbusse,1965,female,Paris,POINT (2.352222 48.856667),Western Europe,France,France,1996-2020,11584,university-teacher,university
http://www.wikidata.org/entity/Q3573967,Yves Sintomer,1962,male,Le Raincy,POINT (2.523056 48.899167),Western Europe,France,France,1996-2020,12565,university-teacher,university
http://www.wikidata.org/entity/Q3559644,Vincent Geisser,1968,male,Saint-Mandé,POINT (2.417778 48.841389),Western Europe,France,France,1996-2020,12548,political-scientist,publisher
http://www.wikidata.org/entity/Q3544625,James Hughes,1961,male,Columbus,POINT (-83.000556 39.962222),Northern America,United States,United States Can.,1996-2020,12533,university-teacher,education
http://www.wikidata.org/entity/Q35010292,Jan Kratzer,1970,male,Gera,POINT (12.08242 50.87818),Western Europe,Germany,Germany,1996-2020,12504,university-teacher,institute
http://www.wikidata.org/entity/Q3336314,Natacha Chetcuti,1970,female,Toulouse,POINT (1.443333 43.604444),Western Europe,France,France,1996-2020,12313,researcher,education
http://www.wikidata.org/entity/Q30560587,Sven Kesselring,1966,male,Schweinfurt,POINT (10.233333 50.05),Western Europe,Germany,Germany,1996-2020,11838,university-teacher,publisher
http://www.wikidata.org/entity/Q3057526,Erwan Dianteill,1967,male,Brest,POINT (-4.486945 48.39),Western Europe,France,France,1996-2020,11846,anthropologist,education
http://www.wikidata.org/entity/Q3057527,Erwan Lecœur,1970,male,Lille,POINT (3.0575 50.631944),Western Europe,France,France,1996-2020,11847,political-scientist,education
http://www.wikidata.org/entity/Q1255976,Joanna Bator,1968,female,Wałbrzych,POINT (16.283333 50.766667),Eastern Europe,Poland,Poland,1996-2020,6997,writer,institute
http://www.wikidata.org/entity/Q31440081,Hermann-Josef Große Kracht,1962,male,Glandorf,POINT (8.002222 52.083889),Western Europe,Germany,Germany,1996-2020,12014,university-teacher,university
http://www.wikidata.org/entity/Q126902271,Hilke Brockmann,1965,female,Nienburg/Weser,POINT (9.206944 52.641111),Western Europe,Germany,Germany,1996-2020,7137,university-teacher,university
http://www.wikidata.org/entity/Q3123596,Gérald Bronner,1969,male,Nancy,POINT (6.183611 48.692778),Western Europe,France,France,1996-2020,11977,university-teacher,publisher
http://www.wikidata.org/entity/Q126889958,Kyōko Koizumi,1966,female,Osaka,POINT (135.502111 34.69375),Eastern Asia,Japan,Japan,1996-2020,7136,other,college
http://www.wikidata.org/entity/Q124739573,Martin Abraham,1964,male,Germany,POINT (10 51),Western Europe,Germany,Germany,1996-2020,6899,university-teacher,publisher
http://www.wikidata.org/entity/Q3019110,Davide Sparti,1961,male,Rome,POINT (12.482778 41.893056),Southern Europe,Italy,Italy,1996-2020,11763,philosopher,publisher
http://www.wikidata.org/entity/Q3311251,Michela Marzano,1970,female,Rome,POINT (12.482778 41.893056),Southern Europe,Italy,Italy,1996-2020,12281,university-teacher,publisher
http://www.wikidata.org/entity/Q33103684,Christine Gavini,1966,female,Viry-Châtillon,POINT (2.375833 48.669444),Western Europe,France,France,1996-2020,12272,other,university
http://www.wikidata.org/entity/Q33102675,Pierre-Paul Zalio,1966,male,Paris,POINT (2.352222 48.856667),Western Europe,France,France,1996-2020,12269,researcher,university
http://www.wikidata.org/entity/Q3310075,Michel Lallement,1962,male,Nancy,POINT (6.183611 48.692778),Western Europe,France,France,1996-2020,12266,other,education
http://www.wikidata.org/entity/Q33088105,Martin Hájek,1970,male,Prague,POINT (14.421389 50.0875),Eastern Europe,Czechia,Czechia,1996-2020,12256,university-teacher,publisher
http://www.wikidata.org/entity/Q3035352,Dominique Méda,1962,female,Sedan,POINT (4.940278 49.701944),Western Europe,France,France,1996-2020,11806,university-teacher,publisher
http://www.wikidata.org/entity/Q32786223,Judit Takács,1968,female,Budapest,POINT (19.040833 47.498333),Eastern Europe,Hungary,Austria Hungary,1996-2020,12190,researcher,agency
http://www.wikidata.org/entity/Q3038129,Dounia Bouzar,1964,female,Grenoble,POINT (5.726389 45.186944),Western Europe,France,France,1996-2020,11813,writer,organization
http://www.wikidata.org/entity/Q124658434,Margherita Maria Romanelli,1963,female,Rome,POINT (12.482778 41.893056),Southern Europe,Italy,Italy,1996-2020,6878,university-teacher,institution
http://www.wikidata.org/entity/Q123126574,Marco Bontempi,1961,male,Dicomano,POINT (11.533333 43.9),Southern Europe,Italy,Italy,1996-2020,6509,university-teacher,GLAM
http://www.wikidata.org/entity/Q123054837,Maurizio Pisati,1965,male,Milan,POINT (9.19 45.466944),Southern Europe,Italy,Italy,1996-2020,6499,university-teacher,publisher
http://www.wikidata.org/entity/Q27335228,María do Mar Castro Varela,1964,female,A Coruña,POINT (-8.400027 43.373857),Southern Europe,Spain,Spain Port.,1996-2020,11237,university-teacher,publisher
http://www.wikidata.org/entity/Q438839,Alexander Dugin,1962,male,Moscow,POINT (37.6175 55.750556),European Russia,Russian Federation,Russian Federation,1996-2020,13121,writer,education
http://www.wikidata.org/entity/Q118163361,Madelyn Kelly,1961,female,Lake Success,POINT (-73.713333 40.770278),Northern America,United States,United States Can.,1996-2020,6027,other,enterprise
http://www.wikidata.org/entity/Q2746442,Edith de Leeuw,1962,female,Amsterdam,POINT (4.883333 52.366667),Western Europe,Netherlands,Belgium Netherl.,1996-2020,11251,university-teacher,institute
http://www.wikidata.org/entity/Q11836181,Dušan Lužný,1964,male,Brno,POINT (16.608333 49.195278),Eastern Europe,Czechia,Czechia,1996-2020,6047,university-teacher,publisher
http://www.wikidata.org/entity/Q43373083,Darnell Hunt,1962,male,"Washington, D.C.",POINT (-77.036667 38.895),Northern America,United States,United States Can.,1996-2020,13082,university-teacher,education
http://www.wikidata.org/entity/Q118541628,Filippo Barbera,1970,male,Biella,POINT (8.053333 45.566389),Southern Europe,Italy,Italy,1996-2020,6058,university-teacher,publisher
http://www.wikidata.org/entity/Q11882740,Mikko Lagerspetz,1963,male,Turku,POINT (22.266944 60.451667),Northern Europe,Finland,Baltic States Fin. Belar.,1996-2020,6090,professor,publisher
http://www.wikidata.org/entity/Q117259637,Miriam Lang,1967,female,Gräfelfing,POINT (11.428889 48.118889),Western Europe,Germany,Germany,1996-2020,5867,university-teacher,education
http://www.wikidata.org/entity/Q132731931,Marco Santoro,1964,male,Faenza,POINT (11.883333 44.285556),Southern Europe,Italy,Italy,1996-2020,7626,university-teacher,publisher
http://www.wikidata.org/entity/Q4515846,I. R. Chikalova,1961,female,Minsk,POINT (27.561837 53.902246),Eastern Europe,Belarus,Baltic States Fin. Belar.,1996-2020,13234,university-teacher,university
http://www.wikidata.org/entity/Q132387352,Robert Helmrich,1961,male,Grevenbroich,POINT (6.5875 51.088333),Western Europe,Germany,Germany,1996-2020,7606,other,institute
http://www.wikidata.org/entity/Q42314808,Jan Willem Duyvendak,1969,male,Markelo,POINT (6.495278 52.234167),Western Europe,Netherlands,Belgium Netherl.,1996-2020,12987,university-teacher,organization
http://www.wikidata.org/entity/Q39774895,Frank Adloff,1969,male,Wuppertal,POINT (7.183333 51.266667),Western Europe,Germany,Germany,1996-2020,12795,university-teacher,publisher
http://www.wikidata.org/entity/Q120858819,Sonia Bertolini,1969,female,Turin,POINT (7.676111 45.079167),Southern Europe,Italy,Italy,1996-2020,6308,university-teacher,publisher
http://www.wikidata.org/entity/Q28465233,Berenice Bento,1966,female,Campina Grande,POINT (-35.881111 -7.230555),South America,Brazil,South America,1996-2020,11443,writer,education
http://www.wikidata.org/entity/Q121438956,Fatima Farina,1966,female,Civitavecchia,POINT (11.8 42.1),Southern Europe,Italy,Italy,1996-2020,6355,university-teacher,publisher
http://www.wikidata.org/entity/Q38545459,Pia Mäkelä,1969,female,Vantaa,POINT (25.040278 60.294444),Northern Europe,Finland,Baltic States Fin. Belar.,1996-2020,12739,other,institute
http://www.wikidata.org/entity/Q37841114,Helena Machado,1970,female,Guimarães,POINT (-8.290833 41.445),Southern Europe,Portugal,Spain Port.,1996-2020,12686,researcher,publisher
http://www.wikidata.org/entity/Q28719960,Berthold Vogel,1963,male,Würzburg,POINT (9.929444 49.794444),Western Europe,Germany,Germany,1996-2020,11505,university-teacher,organization
http://www.wikidata.org/entity/Q288283,Femke Halsema,1966,female,Haarlem,POINT (4.640556 52.380278),Western Europe,Netherlands,Belgium Netherl.,1996-2020,11529,writer,university
http://www.wikidata.org/entity/Q1227993,Dirk Nabers,1968,male,Coesfeld,POINT (7.1675 51.945833),Western Europe,Germany,Germany,1996-2020,6454,university-teacher,agency
http://www.wikidata.org/entity/Q28933491,Marc Fleurbaey,1961,male,Seine-Maritime,POINT (0.833333 49.666667),Western Europe,France,France,1996-2020,11555,university-teacher,education
http://www.wikidata.org/entity/Q122845557,Mireia Grau Creus,1969,female,Barcelona,POINT (2.176944 41.3825),Southern Europe,Spain,Spain Port.,1996-2020,6467,political-scientist,publisher
http://www.wikidata.org/entity/Q1290495,Georg Krücken,1962,male,Bad Honnef,POINT (7.226944 50.645),Western Europe,Germany,Germany,1996-2020,7316,university-teacher,university
http://www.wikidata.org/entity/Q120750974,Eugenia Montagnini,1969,female,Luino,POINT (8.75 46),Southern Europe,Italy,Italy,1996-2020,6290,university-teacher,university
http://www.wikidata.org/entity/Q3609686,Alessandra Dino,1963,female,Palermo,POINT (13.361262 38.115658),Southern Europe,Italy,Italy,1996-2020,12594,university-teacher,publisher
http://www.wikidata.org/entity/Q4062223,Aydin Alizade,1963,male,Baku,POINT (49.835183 40.366656),Western Asia,Azerbaijan,Russian Federation,1996-2020,12823,scientist,academy
http://www.wikidata.org/entity/Q28026552,Guillaume Erner,1968,male,Paris,POINT (2.352222 48.856667),Western Europe,France,France,1996-2020,11346,journalist,publisher
http://www.wikidata.org/entity/Q13133,Michelle Obama,1964,female,Chicago,POINT (-87.627778 41.881944),Northern America,United States,United States Can.,1996-2020,7484,writer,education
http://www.wikidata.org/entity/Q28076620,Anke Hassel,1965,female,Altenkirchen,POINT (7.645555 50.687222),Western Europe,Germany,Germany,1996-2020,11365,university-teacher,university
http://www.wikidata.org/entity/Q4149348,Lyudmila Grigoryeva,1962,female,Krasnoyarsk,POINT (92.871944 56.008889),Asiatic Russia,Russian Federation,Russian Federation,1996-2020,12887,university-teacher,education
http://www.wikidata.org/entity/Q12037105,Mikuláš Bek,1964,male,Šternberk,POINT (17.298931 49.730453),Eastern Europe,Czechia,Czechia,1996-2020,6237,university-teacher,publisher
http://www.wikidata.org/entity/Q28293441,Petra Böhnke,1969,female,Lüneburg,POINT (10.414444 53.2525),Western Europe,Germany,Germany,1996-2020,11392,university-teacher,organization
http://www.wikidata.org/entity/Q2830197,Alain Quemin,1967,male,Lyon,POINT (4.835 45.7675),Western Europe,France,France,1996-2020,11405,university-teacher,university
http://www.wikidata.org/entity/Q4071358,Sergei Aslanyan,1966,male,Moscow,POINT (37.6175 55.750556),European Russia,Russian Federation,Russian Federation,1996-2020,12829,journalist,other
http://www.wikidata.org/entity/Q2834393,Alexia Guggémos,1966,female,Vannes,POINT (-2.761667 47.655),Western Europe,France,France,1996-2020,11417,writer,newspaper
http://www.wikidata.org/entity/Q2140428,Reiner Keller,1962,male,Illingen,POINT (7.052511 49.376439),Western Europe,Germany,Germany,1996-2020,10401,university-teacher,university
http://www.wikidata.org/entity/Q61620065,Eva Matthes,1962,female,Nuremberg,POINT (11.0775 49.453889),Western Europe,Germany,Germany,1996-2020,15465,historian,organization
http://www.wikidata.org/entity/Q2143451,Renate Liebold,1962,female,Bajlngris,POINT (11.47256 49.03417),Western Europe,Germany,Germany,1996-2020,10409,university-teacher,organization
http://www.wikidata.org/entity/Q6118610,Renata Salecl,1962,female,Slovenj Gradec,POINT (15.079044 46.509345),Southern Europe,Slovenia,Central Europe,1996-2020,15419,university-teacher,education
http://www.wikidata.org/entity/Q61183920,Terhi-Anna Wilska,1967,female,Pori,POINT (21.7975 61.486667),Northern Europe,Finland,Baltic States Fin. Belar.,1996-2020,15418,university-teacher,publisher
http://www.wikidata.org/entity/Q112553218,Frank Kalter,1964,male,Koblenz,POINT (7.597778 50.359722),Western Europe,Germany,Germany,1996-2020,4051,university-teacher,university
http://www.wikidata.org/entity/Q611241,Raphaël Liogier,1967,male,France,POINT (2 47),Western Europe,France,France,1996-2020,15390,philosopher,other
http://www.wikidata.org/entity/Q61717438,Peter Birke,1965,male,Darmstadt,POINT (8.65 49.866667),Western Europe,Germany,Germany,1996-2020,15487,university-teacher,university
http://www.wikidata.org/entity/Q6219620,John Asimakopoulos,1970,male,Teaneck,POINT (-74.016111 40.8975),Northern America,United States,United States Can.,1996-2020,15583,university-teacher,agency
http://www.wikidata.org/entity/Q6203047,Jiří Přibáň,1967,male,Prague,POINT (14.421389 50.0875),Eastern Europe,Czechia,Czechia,1996-2020,15553,university-teacher,organization
http://www.wikidata.org/entity/Q21288053,Jacek Kurzępa,1961,male,Świebodzin,POINT (15.533333 52.25),Eastern Europe,Poland,Poland,1996-2020,10386,university-teacher,education
http://www.wikidata.org/entity/Q21513544,Werner Vogd,1963,male,Frankfurt,POINT (8.682222 50.110556),Western Europe,Germany,Germany,1996-2020,10426,university-teacher,university
http://www.wikidata.org/entity/Q1466113,Sigrid Roßteutscher,1966,female,Mannheim,POINT (8.466111 49.487778),Western Europe,Germany,Germany,1996-2020,8389,political-scientist,agency
http://www.wikidata.org/entity/Q60301835,Zeev Rosenhek,1961,male,Buenos Aires,POINT (-58.381944 -34.599722),South America,Argentina,South America,1996-2020,15237,researcher,publisher
http://www.wikidata.org/entity/Q112959063,Marta Luxán,1970,female,Bilbao,POINT (-2.935 43.263056),Southern Europe,Spain,Spain Port.,1996-2020,4255,university-teacher,publisher
http://www.wikidata.org/entity/Q1461686,Joshua Goldstein,1965,male,Pullman,POINT (-117.166667 46.733333),Northern America,United States,United States Can.,1996-2020,8379,university-teacher,education
http://www.wikidata.org/entity/Q5992442,Ignacio Sánchez-Cuenca,1966,male,Valencia,POINT (-0.376389 39.47),Southern Europe,Spain,Spain Port.,1996-2020,15181,university-teacher,publisher
http://www.wikidata.org/entity/Q14504140,Sabine Pfeiffer,1966,female,Unna,POINT (7.688889 51.534722),Western Europe,Germany,Germany,1996-2020,8367,university-teacher,organization
http://www.wikidata.org/entity/Q5999391,Maristella Svampa,1961,female,Allen,POINT (-67.827222 -38.977222),South America,Argentina,South America,1996-2020,15191,other,publisher
http://www.wikidata.org/entity/Q112558247,Karsten Zimmermann,1970,male,Lengenfeld,POINT (12.366667 50.566667),Western Europe,Germany,Germany,1996-2020,4114,university-teacher,institute
http://www.wikidata.org/entity/Q21551908,Andreas Flache,1963,male,Einbeck,POINT (9.866667 51.816667),Western Europe,Germany,Germany,1996-2020,10446,university-teacher,university
http://www.wikidata.org/entity/Q60832405,Elena Rostislavovna I︠A︡rskai︠a︡-Smirnova,1962,female,Volgograd,POINT (44.514722 48.708611),European Russia,Russian Federation,Russian Federation,1996-2020,15322,university-teacher,education
http://www.wikidata.org/entity/Q60713446,Martin Elff,1967,male,Mannheim,POINT (8.466111 49.487778),Western Europe,Germany,Germany,1996-2020,15301,university-teacher,education
http://www.wikidata.org/entity/Q2162673,Roland Benedikter,1965,male,Bruneck,POINT (11.935512 46.796319),Southern Europe,Italy,Italy,1996-2020,10471,university-teacher,education
http://www.wikidata.org/entity/Q14948602,Thomas Lemke,1963,male,Bad Lauterberg im Harz,POINT (10.470556 51.631667),Western Europe,Germany,Germany,1996-2020,8412,university-teacher,agency
http://www.wikidata.org/entity/Q2078031,Peter Schallenberg,1963,male,Oberhausen,POINT (6.8514 51.4699),Western Europe,Germany,Germany,1996-2020,10247,university-teacher,education
http://www.wikidata.org/entity/Q15444474,Raj Kollmorgen,1963,male,Leipzig,POINT (12.374733 51.340632),Western Europe,Germany,Germany,1996-2020,8568,university-teacher,agency
http://www.wikidata.org/entity/Q15442390,Laura E. Gómez,1964,female,Roswell,POINT (-104.522778 33.394167),Northern America,United States,United States Can.,1996-2020,8566,university-teacher,education
http://www.wikidata.org/entity/Q20757834,Francisco Sierra Caballero,1969,male,Gobernador,POINT (-3.320555 37.477222),Southern Europe,Spain,Spain Port.,1996-2020,10242,writer,publisher
http://www.wikidata.org/entity/Q20754835,Klaus Taschwer,1967,male,Judenburg,POINT (14.660278 47.1725),Western Europe,Austria,Austria Hungary,1996-2020,10240,university-teacher,university
http://www.wikidata.org/entity/Q6774337,Martha Beck,1962,female,Provo,POINT (-111.658611 40.233889),Northern America,United States,United States Can.,1996-2020,16192,journalist,education
http://www.wikidata.org/entity/Q67482333,Adam S. Weinberg,1965,male,St. Louis,POINT (-90.199444 38.626389),Northern America,United States,United States Can.,1996-2020,16160,writer,education
http://www.wikidata.org/entity/Q15452680,Ned Kock,1964,male,Brazil,POINT (-53 -14),South America,Brazil,South America,1996-2020,8585,philosopher,education
http://www.wikidata.org/entity/Q66370939,Peio Joseba Monteano Sorbet,1963,male,Villava/Atarrabia,POINT (-1.608611 42.830833),Southern Europe,Spain,Spain Port.,1996-2020,16064,writer,GLAM
http://www.wikidata.org/entity/Q15447169,Ilka Quindeau,1962,female,Duisburg,POINT (6.761111 51.432222),Western Europe,Germany,Germany,1996-2020,8574,university-teacher,education
http://www.wikidata.org/entity/Q15451923,Volkhard Krech,1962,male,Bochum,POINT (7.216667 51.483333),Western Europe,Germany,Germany,1996-2020,8581,university-teacher,agency
http://www.wikidata.org/entity/Q112492449,Tomasz Zarycki,1970,male,Warsaw,POINT (21.011111 52.23),Eastern Europe,Poland,Poland,1996-2020,2965,university-teacher,university
http://www.wikidata.org/entity/Q21055393,Tiziana Terranova,1967,female,Italy,POINT (12.5 42.5),Southern Europe,Italy,Italy,1996-2020,10325,writer,education
http://www.wikidata.org/entity/Q112512704,David Lawrence Andrews,1962,male,South East London,POINT (0 51.45),Northern Europe,United Kingdom,United Kingdom,1996-2020,3359,university-teacher,education
http://www.wikidata.org/entity/Q63103613,Lilit Yepremyan,1963,female,Yerevan,POINT (44.514445 40.181389),Western Asia,Armenia,Russian Federation,1996-2020,15693,journalist,institute
http://www.wikidata.org/entity/Q21013691,Zbigniew Zieliński,1965,male,Gdańsk,POINT (18.654023 54.348291),Eastern Europe,Poland,Poland,1996-2020,10309,other,publisher
http://www.wikidata.org/entity/Q6397805,Kevin Young,1970,male,Lincoln,POINT (-96.678056 40.809167),Northern America,United States,United States Can.,1996-2020,15795,university-teacher,education
http://www.wikidata.org/entity/Q20908933,Miguel Laparra,1962,male,Bourges,POINT (2.395555 47.083611),Western Europe,France,France,1996-2020,10282,university-teacher,organization
http://www.wikidata.org/entity/Q112494288,Barbara Perry,1962,female,Picton,POINT (-77.1333 44),Northern America,Canada,United States Can.,1996-2020,3008,university-teacher,organization
http://www.wikidata.org/entity/Q64604845,Valeria Pulignano,1968,female,Maratea,POINT (15.716667 39.992778),Southern Europe,Italy,Italy,1996-2020,15853,university-teacher,education
http://www.wikidata.org/entity/Q15433813,Matthias Gross,1969,male,Nastätten,POINT (7.858333 50.199444),Western Europe,Germany,Germany,1996-2020,8541,university-teacher,university
http://www.wikidata.org/entity/Q64019458,Silke Helfrich,1967,female,Thuringia,POINT (11 51),Western Europe,Germany,Germany,1996-2020,15801,other,other
http://www.wikidata.org/entity/Q1443184,Frank Eckardt,1967,male,Gelsenkirchen,POINT (7.094167 51.510278),Western Europe,Germany,Germany,1996-2020,8353,university-teacher,university
http://www.wikidata.org/entity/Q113759982,Sebastián Mora Rosado,1966,male,Málaga,POINT (-4.416667 36.716667),Southern Europe,Spain,Spain Port.,1996-2020,4592,university-teacher,publisher
http://www.wikidata.org/entity/Q22102114,Salvatore Babones,1969,male,New Jersey,POINT (-74.5 40),Northern America,United States,United States Can.,1996-2020,10565,university-teacher,education
http://www.wikidata.org/entity/Q22666021,Jonathan M. Metzl,1964,male,Kansas City,POINT (-94.583333 39.05),Northern America,United States,United States Can.,1996-2020,10617,university-teacher,education
http://www.wikidata.org/entity/Q22249280,Christophe Serra Mallol,1964,male,Clermont-Ferrand,POINT (3.086944 45.779722),Western Europe,France,France,1996-2020,10581,anthropologist,publisher
http://www.wikidata.org/entity/Q1405837,Ferdinand Sutterlüty,1962,male,Egg,POINT (9.895556 47.431944),Western Europe,Austria,Austria Hungary,1996-2020,8313,university-teacher,agency
http://www.wikidata.org/entity/Q59504207,Sasha Roseneil,1966,female,London,POINT (-0.1275 51.507222),Northern Europe,United Kingdom,United Kingdom,1996-2020,15002,researcher,education
http://www.wikidata.org/entity/Q1409440,Marc Szydlik,1965,male,Maxhütte-Haidhof,POINT (12.092222 49.199722),Western Europe,Germany,Germany,1996-2020,8318,university-teacher,organization
http://www.wikidata.org/entity/Q14389324,Stefan Kühl,1966,male,Hamburg,POINT (10 53.55),Western Europe,Germany,Germany,1996-2020,8347,university-teacher,publisher
http://www.wikidata.org/entity/Q28472909,Tamás Dombos,1979,male,Szeged,POINT (20.166667 46.25),Eastern Europe,Hungary,Austria Hungary,,11449,economist,publisher
http://www.wikidata.org/entity/Q104440720,Aliaksei Lastouski,1979,male,Lukašova,POINT (27.044444 55.045833),Eastern Europe,Belarus,Baltic States Fin. Belar.,,300,university-teacher,education
http://www.wikidata.org/entity/Q64422796,Renaud Payre,1975,male,Grenoble,POINT (5.726389 45.186944),Western Europe,France,France,1996-2020,15834,university-teacher,education
http://www.wikidata.org/entity/Q38794893,Sergio Fernández Riquelme,1977,male,Murcia,POINT (-1.130278 37.983333),Southern Europe,Spain,Spain Port.,,12753,writer,publisher
http://www.wikidata.org/entity/Q39385778,Алег Вітальевіч Кабяк,1973,male,Minsk,POINT (27.561837 53.902246),Eastern Europe,Belarus,Baltic States Fin. Belar.,1996-2020,12779,scientist,institute
http://www.wikidata.org/entity/Q64217559,Franziska Schutzbach,1978,female,Würzburg,POINT (9.929444 49.794444),Western Europe,Germany,Germany,,15821,other,publisher
http://www.wikidata.org/entity/Q64347670,Mihaela Gavrila,1973,female,Focșani,POINT (27.179722 45.699722),Eastern Europe,Romania,Central Europe,1996-2020,15825,university-teacher,organization
http://www.wikidata.org/entity/Q2831837,Alberto Toscano,1977,male,Moscow,POINT (37.6175 55.750556),European Russia,Russian Federation,Russian Federation,,11412,philosopher,education
http://www.wikidata.org/entity/Q95304344,Stanislav Holubec,1978,male,Hradec Králové,POINT (15.831944 50.209167),Eastern Europe,Czechia,Czechia,,18418,historian,institute
http://www.wikidata.org/entity/Q6455393,Juan Agulló,1971,male,Madrid,POINT (-3.703333 40.416944),Southern Europe,Spain,Spain Port.,1996-2020,15843,journalist,organization
http://www.wikidata.org/entity/Q28504038,Manuel Arias Maldonado,1974,male,Málaga,POINT (-4.416667 36.716667),Southern Europe,Spain,Spain Port.,1996-2020,11463,university-teacher,publisher
http://www.wikidata.org/entity/Q2020434,Oliver Nachtwey,1975,male,Unna,POINT (7.688889 51.534722),Western Europe,Germany,Germany,1996-2020,10105,economist,publisher
http://www.wikidata.org/entity/Q28925702,Christian Fuchs,1976,male,Waidhofen an der Thaya,POINT (15.283333 48.816667),Western Europe,Austria,Austria Hungary,,11552,university-teacher,education
http://www.wikidata.org/entity/Q64657904,Rosa Monteiro,1972,female,Coimbra,POINT (-8.428889 40.211111),Southern Europe,Portugal,Spain Port.,1996-2020,15863,politician,education
http://www.wikidata.org/entity/Q15919419,Piotr Żuk,1972,male,Wrocław,POINT (17.0325 51.11),Eastern Europe,Poland,Poland,1996-2020,8741,politician,publisher
http://www.wikidata.org/entity/Q112494380,Alberto del Campo Tejedor,1971,male,Seville,POINT (-5.995555 37.388611),Southern Europe,Spain,Spain Port.,1996-2020,3009,university-teacher,publisher
http://www.wikidata.org/entity/Q104161626,Alberto Cevolini,1974,male,Milan,POINT (9.19 45.466944),Southern Europe,Italy,Italy,1996-2020,282,university-teacher,university
http://www.wikidata.org/entity/Q130234038,Anna Casaglia,1976,female,Rho,POINT (9.033333 45.533333),Southern Europe,Italy,Italy,,7359,university-teacher,publisher
http://www.wikidata.org/entity/Q58034253,Stuart Gietel-Basten,1980,male,Nottingham,POINT (-1.149167 52.955),Northern Europe,United Kingdom,United Kingdom,,14761,university-teacher,education
http://www.wikidata.org/entity/Q28752461,Alvaro Ortega,1975,male,Bilbao,POINT (-2.935 43.263056),Southern Europe,Spain,Spain Port.,1996-2020,11511,anthropologist,publisher
http://www.wikidata.org/entity/Q95334450,Márkus Keller,1974,male,Leipzig,POINT (12.374733 51.340632),Western Europe,Germany,Germany,1996-2020,18515,historian,publisher
http://www.wikidata.org/entity/Q95178928,Kateřina Šámalová,1980,female,Prague,POINT (14.421389 50.0875),Eastern Europe,Czechia,Czechia,,18160,other,publisher
http://www.wikidata.org/entity/Q57469628,Hatice Pınar Şenoğuz,1974,female,Brussels,POINT (4.351667 50.846667),Western Europe,Belgium,Belgium Netherl.,1996-2020,14689,university-teacher,organization
http://www.wikidata.org/entity/Q42343384,Martina Brandt,1976,female,Stuttgart,POINT (9.18 48.7775),Western Europe,Germany,Germany,,12993,other,institute
http://www.wikidata.org/entity/Q11954607,Vicent Flor i Moreno,1971,male,Valencia,POINT (-0.376389 39.47),Southern Europe,Spain,Spain Port.,1996-2020,6134,university-teacher,publisher
http://www.wikidata.org/entity/Q21028975,Marek Klimek,1975,male,Bychawa,POINT (22.533333 51.016667),Eastern Europe,Poland,Poland,1996-2020,10317,other,publisher
http://www.wikidata.org/entity/Q85134006,Katarzyna Sztop-Rutkowska,1973,female,Łódź,POINT (19.466667 51.75),Eastern Europe,Poland,Poland,1996-2020,17095,politician,publisher
http://www.wikidata.org/entity/Q95176699,Miroslav Dopita,1972,male,Prostějov,POINT (17.110555 49.472222),Eastern Europe,Czechia,Czechia,1996-2020,18146,university-teacher,education
http://www.wikidata.org/entity/Q63715031,Barbara Schellhammer,1977,female,Munich,POINT (11.575 48.1375),Western Europe,Germany,Germany,,15758,university-teacher,college
http://www.wikidata.org/entity/Q27749727,Stefan Höltgen,1971,male,Northeim,POINT (10.001111 51.706667),Western Europe,Germany,Germany,1996-2020,11275,university-teacher,publisher
http://www.wikidata.org/entity/Q4296850,Nikolay Mitrokhin,1972,male,Moscow,POINT (37.6175 55.750556),European Russia,Russian Federation,Russian Federation,1996-2020,13050,historian,university
http://www.wikidata.org/entity/Q118963066,Francesca Setiffi,1980,female,Dolo,POINT (12.07581 45.42488),Southern Europe,Italy,Italy,,6107,researcher,university
http://www.wikidata.org/entity/Q42790984,Benoît Prieur,1975,male,Auxerre,POINT (3.566945 47.7975),Western Europe,France,France,1996-2020,13036,teacher,organization
http://www.wikidata.org/entity/Q63609706,Nicole Diekmann,1978,female,Gütersloh,POINT (8.383333 51.9),Western Europe,Germany,Germany,,15748,journalist,other
http://www.wikidata.org/entity/Q42706967,Glòria Tello Company,1978,female,Cabanyal-Canyamelar,POINT (-0.332778 39.4689),Southern Europe,Spain,Spain Port.,,13033,politician,GLAM
http://www.wikidata.org/entity/Q4269498,Roman Lunkin,1976,male,Moscow,POINT (37.6175 55.750556),European Russia,Russian Federation,Russian Federation,,13031,political-scientist,education
http://www.wikidata.org/entity/Q11924086,Georgina Oliva i Peña,1980,female,Barcelona,POINT (2.176944 41.3825),Southern Europe,Spain,Spain Port.,,6121,politician,other
http://www.wikidata.org/entity/Q63974786,Teresa Koloma Beck,1977,female,Weimar,POINT (11.329445 50.981111),Western Europe,Germany,Germany,,15794,university-teacher,education
http://www.wikidata.org/entity/Q41501066,Antje Langer,1973,female,Halle (Saale),POINT (11.969722 51.482778),Western Europe,Germany,Germany,1996-2020,12890,other,university
http://www.wikidata.org/entity/Q131289156,Alicja Pietras,1980,female,Katowice,POINT (19 50.25),Eastern Europe,Poland,Poland,,7478,university-teacher,organization
http://www.wikidata.org/entity/Q95235273,Martin Stark,1975,male,Bonn,POINT (7.102222 50.735278),Western Europe,Germany,Germany,1996-2020,18333,historian,university
http://www.wikidata.org/entity/Q131153912,Mikel Jauregi,1974,male,Zarautz,POINT (-2.174801 43.286316),Southern Europe,Spain,Spain Port.,1996-2020,7468,politician,enterprise
http://www.wikidata.org/entity/Q16564675,Kacper Pobłocki,1980,male,Bydgoszcz,POINT (18 53.116667),Eastern Europe,Poland,Poland,,9035,university-teacher,university
http://www.wikidata.org/entity/Q59462705,Águeda Gómez Suárez,1971,female,O Rosal,POINT (-8.825096 41.935672),Southern Europe,Spain,Spain Port.,1996-2020,14994,university-teacher,publisher
http://www.wikidata.org/entity/Q120197341,Alena Marková,1978,female,Minsk,POINT (27.561837 53.902246),Eastern Europe,Belarus,Baltic States Fin. Belar.,,6208,historian,publisher
http://www.wikidata.org/entity/Q131361653,Albert Sales i Campos,1979,male,Barcelona,POINT (2.176944 41.3825),Southern Europe,Spain,Spain Port.,,7488,university-teacher,organization
http://www.wikidata.org/entity/Q95215324,Martin Lux,1971,male,Nový Jičín,POINT (18.010309 49.594369),Eastern Europe,Czechia,Czechia,1996-2020,18281,economist,publisher
http://www.wikidata.org/entity/Q1933479,Mike S. Schäfer,1976,male,Meissen,POINT (13.4775 51.163611),Western Europe,Germany,Germany,,9860,university-teacher,organization
http://www.wikidata.org/entity/Q123167118,Ivan Miró i Acedo,1975,male,Sants,POINT (2.136111 41.375278),Southern Europe,Spain,Spain Port.,1996-2020,6514,other,university
http://www.wikidata.org/entity/Q58146950,Natàlia Cantó-Milà,1975,female,Barcelona,POINT (2.176944 41.3825),Southern Europe,Spain,Spain Port.,1996-2020,14782,researcher,education
http://www.wikidata.org/entity/Q1246400,Petra Aigner,1974,female,Linz,POINT (14.286389 48.305833),Western Europe,Austria,Austria Hungary,1996-2020,6860,university-teacher,university
http://www.wikidata.org/entity/Q68737341,Emmanuel Rodríguez López,1974,male,Madrid,POINT (-3.703333 40.416944),Southern Europe,Spain,Spain Port.,1996-2020,16266,historian,university
http://www.wikidata.org/entity/Q82459938,Elisabeth Gallas,1979,female,Bonn,POINT (7.102222 50.735278),Western Europe,Germany,Germany,,16997,historian,organization
http://www.wikidata.org/entity/Q97652353,Pierre-Antoine Chardel,1971,male,Antony,POINT (2.296667 48.753333),Western Europe,France,France,1996-2020,18885,philosopher,education
http://www.wikidata.org/entity/Q101440467,Audrey Célestine,1980,female,Dunkirk,POINT (2.376389 51.037778),Western Europe,France,France,,90,political-scientist,publisher
http://www.wikidata.org/entity/Q124839472,Paula Peixoto Dourado,1971,female,Vila Nova de Famalicão,POINT (-8.516667 41.416667),Southern Europe,Portugal,Spain Port.,1996-2020,6909,politician,other
http://www.wikidata.org/entity/Q112472553,Mischa Gabowitsch,1977,male,Moscow,POINT (37.6175 55.750556),European Russia,Russian Federation,Russian Federation,,2685,historian,university
http://www.wikidata.org/entity/Q124324361,Iker Barbero,1980,male,Bilbao,POINT (-2.935 43.263056),Southern Europe,Spain,Spain Port.,,6767,university-teacher,education
http://www.wikidata.org/entity/Q124342182,Anahí Urquiza Gómez,1980,female,Chile,POINT (-71 -33),South America,Chile,South America,,6772,researcher,publisher
http://www.wikidata.org/entity/Q33060575,Pamala Wiepking,1978,female,Schiedam,POINT (4.4 51.916667),Western Europe,Netherlands,Belgium Netherl.,,12247,university-teacher,education
http://www.wikidata.org/entity/Q124389041,Stéphanie Garneau,1975,female,Canada,POINT (-109 56),Northern America,Canada,United States Can.,1996-2020,6785,university-teacher,publisher
http://www.wikidata.org/entity/Q3294481,Marlène Laruelle,1972,female,Maisons-Alfort,POINT (2.437778 48.805833),Western Europe,France,France,1996-2020,12220,university-teacher,education
http://www.wikidata.org/entity/Q112427059,Gevisa La Rocca,1978,female,Licata,POINT (13.946945 37.108333),Southern Europe,Italy,Italy,,2169,university-teacher,university
http://www.wikidata.org/entity/Q3293118,Marin Ledun,1975,male,Aubenas,POINT (4.390278 44.619722),Western Europe,France,France,1996-2020,12217,other,enterprise
http://www.wikidata.org/entity/Q97102026,Cristina Roldão,1980,female,Tires,POINT (-9.350561 38.713331),Southern Europe,Portugal,Spain Port.,,18833,university-teacher,institute
http://www.wikidata.org/entity/Q662136,Mikołaj Piskorski,1973,male,Warsaw,POINT (21.011111 52.23),Eastern Europe,Poland,Poland,1996-2020,16051,economist,education
http://www.wikidata.org/entity/Q110064655,Olatz Dañobeitia Ceballos,1976,female,Lekeitio,POINT (-2.504883 43.363878),Southern Europe,Spain,Spain Port.,,1140,university-teacher,publisher
http://www.wikidata.org/entity/Q100273083,Lenka Zlámalová,1973,female,Nové Město na Moravě,POINT (16.074221 49.561482),Eastern Europe,Czechia,Czechia,1996-2020,14,journalist,publisher
http://www.wikidata.org/entity/Q126326947,Yuliya Ebzeeva,1976,female,Orekhovo-Zuyevo,POINT (38.966667 55.8),European Russia,Russian Federation,Russian Federation,,7087,university-teacher,publisher
http://www.wikidata.org/entity/Q1265475,Duncan J. Watts,1971,male,Guelph,POINT (-80.25 43.55),Northern America,Canada,United States Can.,1996-2020,7114,researcher,education
http://www.wikidata.org/entity/Q67805869,Francesca Comunello,1977,female,Bolzano,POINT (11.35478 46.498113),Southern Europe,Italy,Italy,,16210,university-teacher,university
http://www.wikidata.org/entity/Q31833802,Piotr Konieczny,1980,male,Katowice,POINT (19 50.25),Eastern Europe,Poland,Poland,,12120,professor,institution
http://www.wikidata.org/entity/Q112469892,Lorenza Gattamorta,1973,female,Cesena,POINT (12.233333 44.133333),Southern Europe,Italy,Italy,1996-2020,2665,university-teacher,publisher
http://www.wikidata.org/entity/Q98119446,Éléonore Lépinard,1976,female,Angers,POINT (-0.555555 47.472778),Western Europe,France,France,,18917,university-teacher,organization
http://www.wikidata.org/entity/Q125391896,Rita Ribeiro,1972,female,Porto,POINT (-8.610833 41.15),Southern Europe,Portugal,Spain Port.,1996-2020,6962,university-teacher,publisher
http://www.wikidata.org/entity/Q15453896,Olaf Kühne,1973,male,Bochum,POINT (7.216667 51.483333),Western Europe,Germany,Germany,1996-2020,8588,university-teacher,publisher
http://www.wikidata.org/entity/Q3165464,Jean-François Bert,1976,male,France,POINT (2 47),Western Europe,France,France,,12056,university-teacher,university
http://www.wikidata.org/entity/Q100899798,Bettina Kohlrausch,1976,female,Bad Godesberg,POINT (7.15 50.683333),Western Europe,Germany,Germany,,62,university-teacher,organization
http://www.wikidata.org/entity/Q33103251,Cécile Van de Velde,1976,female,Saint-Saulve,POINT (3.554722 50.369722),Western Europe,France,France,,12270,university-teacher,organization
http://www.wikidata.org/entity/Q65924864,Paolo Terenzi,1973,male,Senigallia,POINT (13.218333 43.713056),Southern Europe,Italy,Italy,1996-2020,16012,university-teacher,publisher
http://www.wikidata.org/entity/Q112489959,Andrew John Woolford,1971,male,Victoria,POINT (-123.3657 48.422151),Northern America,Canada,United States Can.,1996-2020,2928,university-teacher,organization
http://www.wikidata.org/entity/Q123492570,Andrés Villena Oliver,1980,male,Elche,POINT (-0.698333 38.266944),Southern Europe,Spain,Spain Port.,,6602,university-teacher,university
http://www.wikidata.org/entity/Q70467373,Katja Rost,1974,female,Gera,POINT (12.08242 50.87818),Western Europe,Germany,Germany,1996-2020,16337,university-teacher,organization
http://www.wikidata.org/entity/Q123536880,Imanol Pradales,1975,male,Santurtzi,POINT (-3.031389 43.330278),Southern Europe,Spain,Spain Port.,1996-2020,6616,university-teacher,publisher
http://www.wikidata.org/entity/Q58069755,Maximiliane Wilkesmann,1975,female,Düsseldorf,POINT (6.776667 51.225556),Western Europe,Germany,Germany,1996-2020,14768,researcher,institute
http://www.wikidata.org/entity/Q1105049,Gergely Karácsony,1975,male,Fehérgyarmat,POINT (22.516944 47.985),Eastern Europe,Hungary,Austria Hungary,1996-2020,1212,politician,publisher
http://www.wikidata.org/entity/Q95396018,Iva Šmídová,1973,female,Brno,POINT (16.608333 49.195278),Eastern Europe,Czechia,Czechia,1996-2020,18629,university-teacher,university
http://www.wikidata.org/entity/Q123358831,Sabine Mücke,1972,female,Neustadt an der Weinstraße,POINT (8.13607 49.353621),Western Europe,Germany,Germany,1996-2020,6564,historian,GLAM
http://www.wikidata.org/entity/Q123378618,Vittorio Mete,1973,male,Lamezia Terme,POINT (16.3 38.966667),Southern Europe,Italy,Italy,1996-2020,6573,university-teacher,GLAM
http://www.wikidata.org/entity/Q65677288,Elena Valentini,1977,female,Campobasso,POINT (14.6684 41.561),Southern Europe,Italy,Italy,,15993,university-teacher,organization
http://www.wikidata.org/entity/Q30068239,Julie Battilana,1977,female,Marseille,POINT (5.376389 43.296667),Western Europe,France,France,,11723,economist,organization
http://www.wikidata.org/entity/Q1403442,Felix Ekardt,1972,male,West Berlin,POINT (13.28 52.5),Western Europe,Germany,Germany,1996-2020,8307,university-teacher,university
http://www.wikidata.org/entity/Q102476,Rauf Ceylan,1976,male,Duisburg,POINT (6.761111 51.432222),Western Europe,Germany,Germany,,147,university-teacher,university
http://www.wikidata.org/entity/Q33177465,Julien Damon,1971,male,Champigny-sur-Marne,POINT (2.515555 48.817222),Western Europe,France,France,1996-2020,12294,university-teacher,publisher
http://www.wikidata.org/entity/Q124257395,Thorsten Mense,1980,male,Kiel,POINT (10.139445 54.323333),Western Europe,Germany,Germany,,6758,journalist,newspaper
http://www.wikidata.org/entity/Q96679249,Gracia Trujillo,1972,female,Madrid,POINT (-3.703333 40.416944),Southern Europe,Spain,Spain Port.,1996-2020,18798,historian,university
http://www.wikidata.org/entity/Q112420107,Marta Kolářová,1977,female,Prague,POINT (14.421389 50.0875),Eastern Europe,Czechia,Czechia,,2119,other,publisher
http://www.wikidata.org/entity/Q6543404,Adam Ostolski,1978,male,Barlinek,POINT (15.2 53),Eastern Europe,Poland,Poland,,15968,politician,education
http://www.wikidata.org/entity/Q95480028,Marek Skovajsa,1974,male,Náchod,POINT (16.162974 50.416738),Eastern Europe,Czechia,Czechia,1996-2020,18705,political-scientist,publisher
http://www.wikidata.org/entity/Q58235274,Sarah Carol,1980,female,Mönchengladbach,POINT (6.433333 51.2),Western Europe,Germany,Germany,,14808,university-teacher,publisher
http://www.wikidata.org/entity/Q58282836,Agnieszka Fihel,1980,female,Warsaw,POINT (21.011111 52.23),Eastern Europe,Poland,Poland,,14819,university-teacher,organization
http://www.wikidata.org/entity/Q15441587,César Rendueles,1975,male,Girona,POINT (2.816667 41.983333),Southern Europe,Spain,Spain Port.,1996-2020,8565,writer,organization
http://www.wikidata.org/entity/Q123643635,Francesco D'Amato,1972,male,Rome,POINT (12.482778 41.893056),Southern Europe,Italy,Italy,1996-2020,6640,university-teacher,organization
http://www.wikidata.org/entity/Q58337380,Guya Accornero,1976,female,Casale Monferrato,POINT (8.458333 45.134167),Southern Europe,Italy,Italy,,14831,university-teacher,education
http://www.wikidata.org/entity/Q118611907,Maria Środoń,1973,female,Warsaw,POINT (21.011111 52.23),Eastern Europe,Poland,Poland,1996-2020,6063,university-teacher,university
http://www.wikidata.org/entity/Q95163554,Daniel Čermák,1975,male,Louny,POINT (13.796762 50.357078),Eastern Europe,Czechia,Czechia,1996-2020,18094,other,publisher
http://www.wikidata.org/entity/Q52493422,Simone Browne,1973,female,Toronto,POINT (-79.386667 43.670278),Northern America,Canada,United States Can.,1996-2020,13919,university-teacher,education
http://www.wikidata.org/entity/Q110808818,Stephen Michael Croucher,1978,male,United States,POINT (-98.5795 39.828175),Northern America,United States,United States Can.,,1262,university-teacher,education
http://www.wikidata.org/entity/Q61070881,Meritxel Relaño,1972,female,Durango,POINT (-2.632103 43.166974),Southern Europe,Spain,Spain Port.,1996-2020,15371,political-scientist,other
http://www.wikidata.org/entity/Q92699661,Lucie Vidovicova,1977,female,Brno,POINT (16.608333 49.195278),Eastern Europe,Czechia,Czechia,,17554,researcher,publisher
http://www.wikidata.org/entity/Q112563113,Agnessa Haikara,1979,female,Murmansk,POINT (33.083333 68.966667),European Russia,Russian Federation,Russian Federation,,4174,writer,other
http://www.wikidata.org/entity/Q56256069,Joanna Wowrzeczka,1972,female,Cieszyn,POINT (18.633333 49.75),Eastern Europe,Poland,Poland,1996-2020,14490,university-teacher,organization
http://www.wikidata.org/entity/Q19268672,Maciej Gdula,1977,male,Żywiec,POINT (19.216667 49.683333),Eastern Europe,Poland,Poland,,9824,university-teacher,university
http://www.wikidata.org/entity/Q60738330,Bernd Brandl,1973,male,Graz,POINT (15.438611 47.070833),Western Europe,Austria,Austria Hungary,1996-2020,15309,university-teacher,education
http://www.wikidata.org/entity/Q535934,Jacek Cichocki,1971,male,Warsaw,POINT (21.011111 52.23),Eastern Europe,Poland,Poland,1996-2020,13982,politician,publisher
http://www.wikidata.org/entity/Q56255921,Paweł Przewłocki,1977,male,Warsaw,POINT (21.011111 52.23),Eastern Europe,Poland,Poland,,14486,other,institute
http://www.wikidata.org/entity/Q111593034,Stefania Leone,1973,female,Rome,POINT (12.482778 41.893056),Southern Europe,Italy,Italy,1996-2020,1422,university-teacher,university
http://www.wikidata.org/entity/Q18684093,Monika Eigmüller,1975,female,Berlin,POINT (13.383333 52.516667),Western Europe,Germany,Germany,1996-2020,9711,university-teacher,publisher
http://www.wikidata.org/entity/Q91979723,Pavel Rajmic,1978,male,Uherské Hradiště,POINT (17.459691 49.069758),Eastern Europe,Czechia,Czechia,,17509,researcher,publisher
http://www.wikidata.org/entity/Q60835801,Adriana Mica,1980,female,Satu Mare,POINT (22.89 47.79),Eastern Europe,Romania,Central Europe,,15329,university-teacher,publisher
http://www.wikidata.org/entity/Q9202037,Dariusz Jemielniak,1975,male,Warsaw,POINT (21.011111 52.23),Eastern Europe,Poland,Poland,1996-2020,17513,university-teacher,publisher
http://www.wikidata.org/entity/Q531682,Alek D. Epstein,1975,male,Moscow,POINT (37.6175 55.750556),European Russia,Russian Federation,Russian Federation,1996-2020,13959,university-teacher,education
http://www.wikidata.org/entity/Q21569204,Xavier Artigas,1980,male,Sabadell,POINT (2.1075 41.548333),Southern Europe,Spain,Spain Port.,,10451,other,enterprise
http://www.wikidata.org/entity/Q110775763,Sara Zambotti,1977,female,Milan,POINT (9.19 45.466944),Southern Europe,Italy,Italy,,1259,anthropologist,enterprise
http://www.wikidata.org/entity/Q115740458,László Kiss,1975,male,Tatabánya,POINT (18.39485 47.58616),Eastern Europe,Hungary,Austria Hungary,1996-2020,5542,other,publisher
http://www.wikidata.org/entity/Q10857639,Zdeněk Nešpor,1976,male,Prague,POINT (14.421389 50.0875),Eastern Europe,Czechia,Czechia,,851,university-teacher,publisher
http://www.wikidata.org/entity/Q18602823,Carolina Bescansa,1971,female,Santiago de Compostela,POINT (-8.533333 42.883333),Southern Europe,Spain,Spain Port.,1996-2020,9657,university-teacher,university
http://www.wikidata.org/entity/Q18593670,Julie Pagis,1980,female,Reilhanette,POINT (5.42 44.168889),Western Europe,France,France,,9656,other,publisher
http://www.wikidata.org/entity/Q2542199,Valery Fyodorov,1974,male,Tver,POINT (35.921928 56.857828),European Russia,Russian Federation,Russian Federation,1996-2020,11012,university-teacher,education
http://www.wikidata.org/entity/Q19959912,Anna-Katharina Hornidge,1978,female,Bonn,POINT (7.102222 50.735278),Western Europe,Germany,Germany,,10011,university-teacher,publisher
http://www.wikidata.org/entity/Q56648629,Marcel Helbig,1980,male,Erfurt,POINT (11.028889 50.978056),Western Europe,Germany,Germany,,14555,university-teacher,organization
http://www.wikidata.org/entity/Q113794039,Andrea Newerla,1978,female,Racibórz,POINT (18.219167 50.091944),Eastern Europe,Poland,Poland,,4942,other,university
http://www.wikidata.org/entity/Q9155603,Anna Radwan-Röhrenschef,1977,female,Warsaw,POINT (21.011111 52.23),Eastern Europe,Poland,Poland,,17472,politician,other
http://www.wikidata.org/entity/Q15088520,Sergey Ryazantsev,1973,male,Stavropol Krai,POINT (43.266667 45.05),European Russia,Russian Federation,Russian Federation,1996-2020,8452,university-teacher,education
http://www.wikidata.org/entity/Q9302626,Radosław Zenderowski,1974,male,Cieszyn,POINT (18.633333 49.75),Eastern Europe,Poland,Poland,1996-2020,17575,university-teacher,education
http://www.wikidata.org/entity/Q18629459,Nina Leonhard,1972,female,Berlin,POINT (13.383333 52.516667),Western Europe,Germany,Germany,1996-2020,9676,university-teacher,agency
http://www.wikidata.org/entity/Q51449986,Nichola J. Raihani,1980,female,United Kingdom,POINT (-2 54.6),Northern Europe,United Kingdom,United Kingdom,,13795,university-teacher,education
http://www.wikidata.org/entity/Q93221430,Vincenzo Susca,1977,male,Rome,POINT (12.482778 41.893056),Southern Europe,Italy,Italy,,17596,university-teacher,publisher
http://www.wikidata.org/entity/Q50981757,Javier Alcalde,1978,male,Madrid,POINT (-3.703333 40.416944),Southern Europe,Spain,Spain Port.,,13760,university-teacher,education
http://www.wikidata.org/entity/Q108392940,Fabian Schmidt,1972,male,Lübeck,POINT (10.686389 53.869722),Western Europe,Germany,Germany,1996-2020,823,university-teacher,education
http://www.wikidata.org/entity/Q5402322,Eszter Hargittai,1973,female,Budapest,POINT (19.040833 47.498333),Eastern Europe,Hungary,Austria Hungary,1996-2020,14024,university-teacher,education
http://www.wikidata.org/entity/Q24546274,Veronika Kalmus,1973,female,Elva,POINT (26.415833 58.2275),Eastern Europe,Estonia,Baltic States Fin. Belar.,1996-2020,10920,other,university
http://www.wikidata.org/entity/Q111149268,Martin Michael Kornberger,1974,male,Bregenz,POINT (9.749167 47.505),Western Europe,Austria,Austria Hungary,1996-2020,1334,university-teacher,publisher
http://www.wikidata.org/entity/Q18927789,Johannes Angermuller,1973,male,Erlangen,POINT (11.005 49.5925),Western Europe,Germany,Germany,1996-2020,9771,writer,education
http://www.wikidata.org/entity/Q77703246,Kateřina Lišková,1976,female,Teplice,POINT (13.816667 50.633333),Eastern Europe,Czechia,Czechia,,16817,other,institute
http://www.wikidata.org/entity/Q109326561,Tuuli Lähdesmäki,1976,female,Oulu,POINT (25.471944 65.014167),Northern Europe,Finland,Baltic States Fin. Belar.,,968,university-teacher,publisher
http://www.wikidata.org/entity/Q1910061,Matthias Koenig,1971,male,Hamburg,POINT (10 53.55),Western Europe,Germany,Germany,1996-2020,9807,university-teacher,publisher
http://www.wikidata.org/entity/Q55391224,Elżbieta Bojanowska,1971,female,Płock,POINT (19.7 52.55),Eastern Europe,Poland,Poland,1996-2020,14182,university-teacher,organization
http://www.wikidata.org/entity/Q111182801,"Sordé Martí, T.",1976,female,Castellvell del Camp,POINT (1.0987 41.18005),Southern Europe,Spain,Spain Port.,,1340,researcher,publisher
http://www.wikidata.org/entity/Q113494170,Sabina Licursi,1975,female,San Marco Argentano,POINT (16.116667 39.55),Southern Europe,Italy,Italy,1996-2020,4375,university-teacher,GLAM
http://www.wikidata.org/entity/Q111009969,Anna Colin Lebedev,1975,female,Moscow,POINT (37.6175 55.750556),European Russia,Russian Federation,Russian Federation,1996-2020,1297,university-teacher,university
http://www.wikidata.org/entity/Q2382686,Sławomir Sierakowski,1979,male,Warsaw,POINT (21.011111 52.23),Eastern Europe,Poland,Poland,,10773,politician,university
http://www.wikidata.org/entity/Q59714815,Pau Marí-Klose,1972,male,Santa Eulària des Riu,POINT (1.533611 38.984722),Southern Europe,Spain,Spain Port.,1996-2020,15140,politician,education
http://www.wikidata.org/entity/Q21964902,Larycia Hawkins,1972,female,Oklahoma City,POINT (-97.535278 35.482222),Northern America,United States,United States Can.,1996-2020,10539,writer,education
http://www.wikidata.org/entity/Q113579663,Roswitha Mayr,1972,female,Steyr,POINT (14.416667 48.05),Western Europe,Austria,Austria Hungary,1996-2020,4386,writer,education
http://www.wikidata.org/entity/Q18974782,Maria Popova,1977,female,Sofia,POINT (23.321726 42.697886),Eastern Europe,Bulgaria,Central Europe,,9780,university-teacher,publisher
http://www.wikidata.org/entity/Q55754466,Alexander K. Nagel,1978,male,Merseburg,POINT (11.992778 51.354444),Western Europe,Germany,Germany,,14357,other,organization
http://www.wikidata.org/entity/Q59825835,S. Braun,1971,male,Berlin,POINT (13.383333 52.516667),Western Europe,Germany,Germany,1996-2020,15159,political-scientist,publisher
http://www.wikidata.org/entity/Q78170366,Jennie E. Brand,1976,female,United States,POINT (-98.5795 39.828175),Northern America,United States,United States Can.,,16840,university-teacher,education
http://www.wikidata.org/entity/Q59827435,Matteo Bortolini,1971,male,Bologna,POINT (11.342778 44.493889),Southern Europe,Italy,Italy,1996-2020,15161,university-teacher,school
http://www.wikidata.org/entity/Q59827438,Christian Dayé,1978,male,Graz,POINT (15.438611 47.070833),Western Europe,Austria,Austria Hungary,,15162,professor,publisher
http://www.wikidata.org/entity/Q55390158,Marcin Zarzecki,1977,male,Bartoszyce,POINT (20.80819 54.25354),Eastern Europe,Poland,Poland,,14180,anthropologist,university
http://www.wikidata.org/entity/Q90260648,Amaia Bacigalupe de la Hera,1980,female,Portugalete,POINT (-3.019583 43.319444),Southern Europe,Spain,Spain Port.,,17373,university-teacher,publisher
http://www.wikidata.org/entity/Q9139917,Adam Leszczyński,1975,male,Warsaw,POINT (21.011111 52.23),Eastern Europe,Poland,Poland,1996-2020,17435,historian,institute
http://www.wikidata.org/entity/Q54739872,Thorsten Benner,1973,male,Freudenberg,POINT (7.874167 50.8975),Western Europe,Germany,Germany,1996-2020,14064,political-scientist,organization
http://www.wikidata.org/entity/Q1963831,Naika Foroutan,1971,female,Boppard,POINT (7.590833 50.231389),Western Europe,Germany,Germany,1996-2020,9928,university-teacher,publisher
http://www.wikidata.org/entity/Q112840813,Gianluca Busilacchi,1976,male,Ancona,POINT (13.516667 43.616667),Southern Europe,Italy,Italy,,4239,university-teacher,university
http://www.wikidata.org/entity/Q108865841,Gelu Duminică,1977,male,Galați,POINT (28.0425 45.423333),Eastern Europe,Romania,Central Europe,,913,other,publisher
http://www.wikidata.org/entity/Q108833834,Veronika Wöhrer,1975,female,Vienna,POINT (16.3725 48.208333),Western Europe,Austria,Austria Hungary,1996-2020,908,university-teacher,university
http://www.wikidata.org/entity/Q24050044,Marc Debus,1978,male,Biedenkopf,POINT (8.532222 50.912778),Western Europe,Germany,Germany,,10841,university-teacher,institute
http://www.wikidata.org/entity/Q55339828,Anna Moskwa,1979,female,Zamość,POINT (23.258611 50.720556),Eastern Europe,Poland,Poland,,14166,economist,other
http://www.wikidata.org/entity/Q24055308,David Casassas,1975,male,Barcelona,POINT (2.176944 41.3825),Southern Europe,Spain,Spain Port.,1996-2020,10843,university-teacher,education
http://www.wikidata.org/entity/Q136498577,Agata Bachórz,1980,female,Poland,POINT (19 52),Eastern Europe,Poland,Poland,,8075,university-teacher,publisher
http://www.wikidata.org/entity/Q60169802,Martina Cvajner,1975,female,Pula,POINT (13.845555 44.870278),Southern Europe,Croatia,Central Europe,1996-2020,15221,university-teacher,education
http://www.wikidata.org/entity/Q5524116,Garry Crawford,1972,male,Wolverhampton,POINT (-2.125278 52.584167),Northern Europe,United Kingdom,United Kingdom,1996-2020,14149,university-teacher,education
http://www.wikidata.org/entity/Q90861514,Atsuko Kawakita,1974,female,Tokyo,POINT (139.691667 35.689444),Eastern Asia,Japan,Japan,1996-2020,17408,university-teacher,university
http://www.wikidata.org/entity/Q136290852,Konstantin Kazenin,1971,male,Moscow,POINT (37.6175 55.750556),European Russia,Russian Federation,Russian Federation,1996-2020,8037,university-teacher,education
http://www.wikidata.org/entity/Q50617986,Estíbaliz de Miguel Calvo,1974,female,Barakaldo,POINT (-2.991667 43.297222),Southern Europe,Spain,Spain Port.,1996-2020,13716,university-teacher,publisher
http://www.wikidata.org/entity/Q19309146,Silke van Dyk,1972,female,Cologne,POINT (6.957778 50.942222),Western Europe,Germany,Germany,1996-2020,9854,university-teacher,university
http://www.wikidata.org/entity/Q117338363,Ronny Scholz,1978,male,Stendal,POINT (11.85 52.6),Western Europe,Germany,Germany,,5892,other,education
http://www.wikidata.org/entity/Q11736470,Karolina Wigura,1980,female,Warsaw,POINT (21.011111 52.23),Eastern Europe,Poland,Poland,,5896,university-teacher,other
http://www.wikidata.org/entity/Q112342875,Soňa Kalenda,1972,female,Uherské Hradiště,POINT (17.459691 49.069758),Eastern Europe,Czechia,Czechia,1996-2020,1562,university-teacher,publisher
http://www.wikidata.org/entity/Q4495137,Daria Khaltourina,1979,female,Dolgoprudny,POINT (37.5 55.933333),European Russia,Russian Federation,Russian Federation,,13210,historian,institute
http://www.wikidata.org/entity/Q132473591,Chiara Piazzesi,1977,female,Fucecchio,POINT (10.8 43.733333),Southern Europe,Italy,Italy,,7611,university-teacher,organization
http://www.wikidata.org/entity/Q11749301,Krzysztof Jaskułowski,1972,male,Wrocław,POINT (17.0325 51.11),Eastern Europe,Poland,Poland,1996-2020,5920,historian,publisher
http://www.wikidata.org/entity/Q11753512,Lech Nijakowski,1977,male,Opole,POINT (17.924167 50.666667),Eastern Europe,Poland,Poland,,5931,politician,university
http://www.wikidata.org/entity/Q112343673,Attila Gyulai,1978,male,Budapest,POINT (19.040833 47.498333),Eastern Europe,Hungary,Austria Hungary,,1575,university-teacher,publisher
http://www.wikidata.org/entity/Q21154097,Natalya Pochinok,1976,female,Moscow,POINT (37.6175 55.750556),European Russia,Russian Federation,Russian Federation,,10356,university-teacher,publisher
http://www.wikidata.org/entity/Q106322831,Ivan Pupolizio,1974,male,Matera,POINT (16.6 40.666667),Southern Europe,Italy,Italy,1996-2020,541,university-teacher,university
http://www.wikidata.org/entity/Q106983239,Jiří Vinopal,1978,male,Krnov,POINT (17.703909 50.089667),Eastern Europe,Czechia,Czechia,,657,university-teacher,publisher
http://www.wikidata.org/entity/Q106983087,Jan Balon,1973,male,Teplice,POINT (13.816667 50.633333),Eastern Europe,Czechia,Czechia,1996-2020,653,researcher,publisher
http://www.wikidata.org/entity/Q106962378,Lenka Simerská,1976,female,Tábor,POINT (14.657836 49.414485),Eastern Europe,Czechia,Czechia,,649,politician,publisher
http://www.wikidata.org/entity/Q45486323,Arnaud Saint-Martin,1979,male,Boulogne-Billancourt,POINT (2.241389 48.835278),Western Europe,France,France,,13278,politician,publisher
http://www.wikidata.org/entity/Q11715369,Jacek Kochanowski,1973,male,Mińsk Mazowiecki,POINT (21.566667 52.183333),Eastern Europe,Poland,Poland,1996-2020,5825,university-teacher,university
http://www.wikidata.org/entity/Q106803116,Matxalen Legarreta,1977,female,Igorre,POINT (-2.778344 43.164244),Southern Europe,Spain,Spain Port.,,632,university-teacher,publisher
http://www.wikidata.org/entity/Q21264662,Silja Klepp,1976,female,Brühl,POINT (6.9 50.833333),Western Europe,Germany,Germany,,10375,university-teacher,agency
http://www.wikidata.org/entity/Q11719048,Jan Sowa,1976,male,Kraków,POINT (19.937222 50.061389),Eastern Europe,Poland,Poland,,5840,university-teacher,university
http://www.wikidata.org/entity/Q21264298,Magdalena Nowicka,1976,female,Warsaw,POINT (21.011111 52.23),Eastern Europe,Poland,Poland,,10373,university-teacher,publisher
http://www.wikidata.org/entity/Q57434242,Gregory Mitchell,1979,male,Ottawa,POINT (-88.837778 41.351111),Northern America,United States,United States Can.,,14677,university-teacher,education
http://www.wikidata.org/entity/Q43632352,Maurizio Alì,1979,male,Rome,POINT (12.482778 41.893056),Southern Europe,Italy,Italy,,13107,university-teacher,education
http://www.wikidata.org/entity/Q11818153,Piotr Szumlewicz,1976,male,Warsaw,POINT (21.011111 52.23),Eastern Europe,Poland,Poland,,6034,politician,agency
http://www.wikidata.org/entity/Q95163543,Natalie Simonová,1978,female,Děčín,POINT (14.196111 50.773611),Eastern Europe,Czechia,Czechia,,18093,university-teacher,publisher
http://www.wikidata.org/entity/Q19320890,Mirt Komel,1980,male,Šempeter pri Gorici,POINT (13.637778 45.928333),Southern Europe,Slovenia,Central Europe,,9858,writer,publisher
http://www.wikidata.org/entity/Q11765330,Maciej Duszczyk,1971,male,Warsaw,POINT (21.011111 52.23),Eastern Europe,Poland,Poland,1996-2020,5951,university-teacher,agency
http://www.wikidata.org/entity/Q106282626,Isabelle Ferreras,1975,female,Ottignies-Louvain-la-Neuve,POINT (4.589247 50.666961),Western Europe,Belgium,Belgium Netherl.,1996-2020,538,university-teacher,education
http://www.wikidata.org/entity/Q11772228,Małgorzata Bieńkowska,1971,female,Bydgoszcz,POINT (18 53.116667),Eastern Europe,Poland,Poland,1996-2020,5973,other,publisher
http://www.wikidata.org/entity/Q57415637,Károly Takács,1973,male,Veszprém,POINT (17.916667 47.1),Eastern Europe,Hungary,Austria Hungary,1996-2020,14672,researcher,publisher
http://www.wikidata.org/entity/Q131938932,Wagner Romão,1975,male,Santo Antônio da Platina,POINT (-50.076944 -23.295),South America,Brazil,South America,1996-2020,7586,university-teacher,education
http://www.wikidata.org/entity/Q57421492,Naomi Hossain,1971,female,London Borough of Lambeth,POINT (-0.116389 51.460833),Northern Europe,United Kingdom,United Kingdom,1996-2020,14674,researcher,education
http://www.wikidata.org/entity/Q113747449,Roberta Ricucci,1973,female,Turin,POINT (7.676111 45.079167),Southern Europe,Italy,Italy,1996-2020,4561,university-teacher,publisher
http://www.wikidata.org/entity/Q9370197,Waldemar Kuligowski,1972,male,Szubin,POINT (17.7423 53.0096),Eastern Europe,Poland,Poland,1996-2020,17796,anthropologist,publisher
http://www.wikidata.org/entity/Q18418397,Ignacio Urquizu,1978,male,Alcañiz,POINT (-0.132957 41.050254),Southern Europe,Spain,Spain Port.,,9609,university-teacher,education
http://www.wikidata.org/entity/Q110726089,Javier Ros Codoñer,1972,male,Valencia,POINT (-0.376389 39.47),Southern Europe,Spain,Spain Port.,1996-2020,1248,university-teacher,university
http://www.wikidata.org/entity/Q7380182,Rupa Huq,1972,female,Hammersmith,POINT (-0.2229 51.4928),Northern Europe,United Kingdom,United Kingdom,1996-2020,16616,politician,education
http://www.wikidata.org/entity/Q134612164,Metxi Bogino,1978,female,Arequito,POINT (-61.466667 -33.15),South America,Argentina,South America,,7884,researcher,organization
http://www.wikidata.org/entity/Q5012274,C. J. Pascoe,1974,female,Seattle,POINT (-122.33 47.605),Northern America,United States,United States Can.,1996-2020,13657,university-teacher,education
http://www.wikidata.org/entity/Q4962113,Brett Clark,1972,male,Rapid City,POINT (-103.228667 44.081056),Northern America,United States,United States Can.,1996-2020,13636,university-teacher,education
http://www.wikidata.org/entity/Q93433865,Marta Rodríguez Fouz,1972,female,A Coruña,POINT (-8.400027 43.373857),Southern Europe,Spain,Spain Port.,1996-2020,17766,university-teacher,organization
http://www.wikidata.org/entity/Q21392115,Tatsyana Vadalashskaya,1973,female,Minsk,POINT (27.561837 53.902246),Eastern Europe,Belarus,Baltic States Fin. Belar.,1996-2020,10397,scientist,institute
http://www.wikidata.org/entity/Q47657249,Nicole Mayer-Ahuja,1973,female,Bad Dürkheim,POINT (8.17236 49.4618),Western Europe,Germany,Germany,1996-2020,13498,scientist,organization
http://www.wikidata.org/entity/Q47067700,Bettina Engels,1978,female,Kassel,POINT (9.497917 51.315778),Western Europe,Germany,Germany,,13372,university-teacher,publisher
http://www.wikidata.org/entity/Q20006906,Christopher J. Schneider,1979,male,Chicago,POINT (-87.627778 41.881944),Northern America,United States,United States Can.,,10034,university-teacher,publisher
http://www.wikidata.org/entity/Q26255424,Игорь Анатольевич Германов,1973,male,Perm,POINT (56.248889 58.013889),European Russia,Russian Federation,Russian Federation,1996-2020,11128,university-teacher,publisher
http://www.wikidata.org/entity/Q107266198,Nina Baur,1973,female,Döffingen,POINT (8.911111 48.714167),Western Europe,Germany,Germany,1996-2020,702,university-teacher,institute
http://www.wikidata.org/entity/Q2633741,Johan Bäckman,1971,male,Porvoo,POINT (25.663889 60.393056),Northern Europe,Finland,Baltic States Fin. Belar.,1996-2020,11133,other,publisher
http://www.wikidata.org/entity/Q21282147,Stanisław Tyszka,1979,male,Warsaw,POINT (21.011111 52.23),Eastern Europe,Poland,Poland,,10380,politician,university
http://www.wikidata.org/entity/Q133401577,Daniela Imani,1980,female,Bonn,POINT (7.102222 50.735278),Western Europe,Germany,Germany,,7700,other,publisher
http://www.wikidata.org/entity/Q112134467,Véronica Gago,1976,female,Chivilcoy,POINT (-60.016667 -34.9),South America,Argentina,South America,,1511,university-teacher,publisher
http://www.wikidata.org/entity/Q57080794,Jerzy Kociatkiewicz,1975,male,Warsaw,POINT (21.011111 52.23),Eastern Europe,Poland,Poland,1996-2020,14631,university-teacher,education
http://www.wikidata.org/entity/Q107436597,Melanie Jaeger-Erben,1977,female,Kassel,POINT (9.497917 51.315778),Western Europe,Germany,Germany,,730,university-teacher,institute
http://www.wikidata.org/entity/Q107839762,Alice Mattoni,1978,female,United States,POINT (-98.5795 39.828175),Northern America,United States,United States Can.,,770,political-scientist,education
http://www.wikidata.org/entity/Q18334691,Roland Verwiebe,1971,male,Berlin,POINT (13.383333 52.516667),Western Europe,Germany,Germany,1996-2020,9596,researcher,education
http://www.wikidata.org/entity/Q107804869,Daniela Piana,1973,female,Bologna,POINT (11.342778 44.493889),Southern Europe,Italy,Italy,1996-2020,765,university-teacher,publisher
http://www.wikidata.org/entity/Q47498974,Gerard Coll Planas,1980,male,Cardedeu,POINT (2.359445 41.640556),Southern Europe,Spain,Spain Port.,,13459,university-teacher,publisher
http://www.wikidata.org/entity/Q47298187,Jérôme Deauvieau,1975,male,Meudon,POINT (2.240278 48.8075),Western Europe,France,France,1996-2020,13427,university-teacher,organization
http://www.wikidata.org/entity/Q20005307,Luis Benvenuty,1974,male,Salamanca,POINT (-5.664167 40.965),Southern Europe,Spain,Spain Port.,1996-2020,10032,journalist,newspaper
http://www.wikidata.org/entity/Q4716391,Alessandro Orsini,1975,male,Naples,POINT (14.248611 40.835833),Southern Europe,Italy,Italy,1996-2020,13409,university-teacher,university
http://www.wikidata.org/entity/Q26059307,Hernán Ronsino,1975,male,Chivilcoy,POINT (-60.016667 -34.9),South America,Argentina,South America,1996-2020,11111,writer,publisher
http://www.wikidata.org/entity/Q2618597,Vitali Silitski,1972,male,Minsk,POINT (27.561837 53.902246),Eastern Europe,Belarus,Baltic States Fin. Belar.,1996-2020,11115,political-scientist,university
http://www.wikidata.org/entity/Q85866179,Michał Roch Kaczmarczyk,1978,male,Gdynia,POINT (18.54 54.5175),Eastern Europe,Poland,Poland,,17151,other,publisher
