"pk_person_features","person_uri","occupation_sec1","coded_employer"
1,http://www.wikidata.org/entity/Q1000087,university-teacher,agency
2,http://www.wikidata.org/entity/Q1000348,university-teacher,university
3,http://www.wikidata.org/entity/Q1000622,university-teacher,publisher
9,http://www.wikidata.org/entity/Q1002184,university-teacher,university
14,http://www.wikidata.org/entity/Q100273083,journalist,publisher
18,http://www.wikidata.org/entity/Q100328765,university-teacher,education
20,http://www.wikidata.org/entity/Q100366657,political-scientist,publisher
23,http://www.wikidata.org/entity/Q100400535,university-teacher,education
25,http://www.wikidata.org/entity/Q100415916,psychologist,publisher
26,http://www.wikidata.org/entity/Q100417813,university-teacher,organization
30,http://www.wikidata.org/entity/Q100491140,university-teacher,education
32,http://www.wikidata.org/entity/Q100516234,academic,publisher
33,http://www.wikidata.org/entity/Q100550045,university-teacher,university
39,http://www.wikidata.org/entity/Q100605021,university-teacher,organization
40,http://www.wikidata.org/entity/Q100605042,university-teacher,organization
41,http://www.wikidata.org/entity/Q100605172,university-teacher,organization
42,http://www.wikidata.org/entity/Q100605288,researcher,organization
43,http://www.wikidata.org/entity/Q100605311,researcher,organization
44,http://www.wikidata.org/entity/Q100605346,university-teacher,organization
45,http://www.wikidata.org/entity/Q100605373,researcher,organization
46,http://www.wikidata.org/entity/Q100605425,university-teacher,organization
48,http://www.wikidata.org/entity/Q100605453,political-scientist,organization
49,http://www.wikidata.org/entity/Q100605468,university-teacher,institute
50,http://www.wikidata.org/entity/Q100605488,university-teacher,organization
51,http://www.wikidata.org/entity/Q100642,professor,publisher
53,http://www.wikidata.org/entity/Q100685397,university-teacher,publisher
54,http://www.wikidata.org/entity/Q100699680,statistician,other
55,http://www.wikidata.org/entity/Q100733595,university-teacher,university
56,http://www.wikidata.org/entity/Q100747032,university-teacher,education
57,http://www.wikidata.org/entity/Q100772883,historian,publisher
59,http://www.wikidata.org/entity/Q100793,university-teacher,publisher
61,http://www.wikidata.org/entity/Q100877300,university-teacher,education
62,http://www.wikidata.org/entity/Q100899798,university-teacher,organization
64,http://www.wikidata.org/entity/Q100913229,university-teacher,education
66,http://www.wikidata.org/entity/Q100954769,university-teacher,university
71,http://www.wikidata.org/entity/Q100987652,university-teacher,education
74,http://www.wikidata.org/entity/Q101048388,university-teacher,publisher
75,http://www.wikidata.org/entity/Q101052944,university-teacher,publisher
78,http://www.wikidata.org/entity/Q101102856,pedagogue,publisher
80,http://www.wikidata.org/entity/Q101149176,university-teacher,university
82,http://www.wikidata.org/entity/Q101235,university-teacher,education
83,http://www.wikidata.org/entity/Q101236098,university-teacher,education
84,http://www.wikidata.org/entity/Q101242607,university-teacher,education
85,http://www.wikidata.org/entity/Q101246978,university-teacher,publisher
87,http://www.wikidata.org/entity/Q101349,university-teacher,publisher
90,http://www.wikidata.org/entity/Q101440467,political-scientist,publisher
92,http://www.wikidata.org/entity/Q101497865,university-teacher,publisher
93,http://www.wikidata.org/entity/Q101538600,university-teacher,publisher
97,http://www.wikidata.org/entity/Q101561244,researcher,school
100,http://www.wikidata.org/entity/Q1016356,university-teacher,university
103,http://www.wikidata.org/entity/Q101691603,writer,publisher
104,http://www.wikidata.org/entity/Q101842,university-teacher,agency
105,http://www.wikidata.org/entity/Q101850967,writer,organization
107,http://www.wikidata.org/entity/Q101988,university-teacher,education
113,http://www.wikidata.org/entity/Q102077797,demographer,education
119,http://www.wikidata.org/entity/Q102130613,university-teacher,education
121,http://www.wikidata.org/entity/Q102181,university-teacher,education
125,http://www.wikidata.org/entity/Q102209447,university-teacher,education
131,http://www.wikidata.org/entity/Q1022431,university-teacher,publisher
132,http://www.wikidata.org/entity/Q102243305,university-teacher,publisher
138,http://www.wikidata.org/entity/Q102326141,research-professor,education
143,http://www.wikidata.org/entity/Q102380797,university-teacher,education
144,http://www.wikidata.org/entity/Q102410701,historian,publisher
145,http://www.wikidata.org/entity/Q102434,university-teacher,publisher
146,http://www.wikidata.org/entity/Q102440440,politician,education
147,http://www.wikidata.org/entity/Q102476,university-teacher,university
148,http://www.wikidata.org/entity/Q102495,university-teacher,education
151,http://www.wikidata.org/entity/Q10263971,writer,education
152,http://www.wikidata.org/entity/Q10267663,writer,education
154,http://www.wikidata.org/entity/Q10270660,writer,education
157,http://www.wikidata.org/entity/Q10278387,university-teacher,publisher
158,http://www.wikidata.org/entity/Q102812,political-scientist,education
160,http://www.wikidata.org/entity/Q10285385,writer,publisher
161,http://www.wikidata.org/entity/Q102859199,university-teacher,education
162,http://www.wikidata.org/entity/Q102860680,university-teacher,education
165,http://www.wikidata.org/entity/Q102867711,university-teacher,education
166,http://www.wikidata.org/entity/Q10287853,professor,publisher
170,http://www.wikidata.org/entity/Q10294993,university-teacher,education
172,http://www.wikidata.org/entity/Q10296967,professor,education
177,http://www.wikidata.org/entity/Q1030404,university-teacher,education
181,http://www.wikidata.org/entity/Q10308077,writer,organization
182,http://www.wikidata.org/entity/Q10308228,university-teacher,publisher
184,http://www.wikidata.org/entity/Q10309889,politician,publisher
193,http://www.wikidata.org/entity/Q10314734,economist,university
198,http://www.wikidata.org/entity/Q10320312,political-scientist,education
202,http://www.wikidata.org/entity/Q103218062,university-teacher,education
203,http://www.wikidata.org/entity/Q103224929,university-teacher,education
204,http://www.wikidata.org/entity/Q10324025,university-teacher,university
205,http://www.wikidata.org/entity/Q10325269,university-teacher,other
208,http://www.wikidata.org/entity/Q10325884,teacher,publisher
209,http://www.wikidata.org/entity/Q10325955,university-teacher,publisher
211,http://www.wikidata.org/entity/Q10327679,teacher,publisher
212,http://www.wikidata.org/entity/Q103277833,university-teacher,education
217,http://www.wikidata.org/entity/Q103311,university-teacher,university
222,http://www.wikidata.org/entity/Q10333245,journalist,publisher
229,http://www.wikidata.org/entity/Q10340144,writer,publisher
232,http://www.wikidata.org/entity/Q103445,university-teacher,university
233,http://www.wikidata.org/entity/Q10346501,anthropologist,education
235,http://www.wikidata.org/entity/Q10346891,writer,university
239,http://www.wikidata.org/entity/Q10361287,historian,education
244,http://www.wikidata.org/entity/Q103680,university-teacher,education
245,http://www.wikidata.org/entity/Q1036829,university-teacher,publisher
246,http://www.wikidata.org/entity/Q10370239,university-teacher,publisher
262,http://www.wikidata.org/entity/Q10390357,writer,university
264,http://www.wikidata.org/entity/Q10391661,teacher,education
266,http://www.wikidata.org/entity/Q103921809,translator,publisher
267,http://www.wikidata.org/entity/Q10393022,literary-critic,publisher
269,http://www.wikidata.org/entity/Q1039705,university-teacher,agency
270,http://www.wikidata.org/entity/Q1039736,university-teacher,agency
273,http://www.wikidata.org/entity/Q104013,university-teacher,publisher
275,http://www.wikidata.org/entity/Q104052848,university-teacher,publisher
276,http://www.wikidata.org/entity/Q104053997,politician,agency
278,http://www.wikidata.org/entity/Q104088186,cultural-historian,education
282,http://www.wikidata.org/entity/Q104161626,university-teacher,university
284,http://www.wikidata.org/entity/Q104193124,politician,school
290,http://www.wikidata.org/entity/Q104243467,researcher,publisher
291,http://www.wikidata.org/entity/Q104272,university-teacher,publisher
296,http://www.wikidata.org/entity/Q1044177,university-teacher,publisher
297,http://www.wikidata.org/entity/Q1044238,university-teacher,education
298,http://www.wikidata.org/entity/Q1044263,university-teacher,school
300,http://www.wikidata.org/entity/Q104440720,university-teacher,education
306,http://www.wikidata.org/entity/Q104493814,university-teacher,publisher
309,http://www.wikidata.org/entity/Q104523765,political-scientist,institute
314,http://www.wikidata.org/entity/Q104532419,urban-planner,education
317,http://www.wikidata.org/entity/Q104566213,researcher,organization
318,http://www.wikidata.org/entity/Q1045715,university-teacher,school
319,http://www.wikidata.org/entity/Q104574369,university-teacher,organization
326,http://www.wikidata.org/entity/Q104599,university-teacher,education
329,http://www.wikidata.org/entity/Q104622799,university-teacher,education
335,http://www.wikidata.org/entity/Q104665645,university-teacher,education
341,http://www.wikidata.org/entity/Q1047237,writer,university
344,http://www.wikidata.org/entity/Q104764780,university-teacher,other
345,http://www.wikidata.org/entity/Q104765,university-teacher,university
346,http://www.wikidata.org/entity/Q104771219,university-teacher,other
348,http://www.wikidata.org/entity/Q104781158,university-teacher,education
365,http://www.wikidata.org/entity/Q104895707,university-teacher,university
368,http://www.wikidata.org/entity/Q104903439,research-fellow,university
370,http://www.wikidata.org/entity/Q105028,university-teacher,publisher
374,http://www.wikidata.org/entity/Q105080915,university-teacher,education
375,http://www.wikidata.org/entity/Q105087554,university-teacher,university
379,http://www.wikidata.org/entity/Q105184059,university-teacher,education
380,http://www.wikidata.org/entity/Q1051894,university-teacher,publisher
384,http://www.wikidata.org/entity/Q105226591,university-teacher,institute
385,http://www.wikidata.org/entity/Q105243853,scientist,organization
391,http://www.wikidata.org/entity/Q105306875,university-teacher,education
394,http://www.wikidata.org/entity/Q105312273,economist,organization
401,http://www.wikidata.org/entity/Q105382706,university-teacher,education
402,http://www.wikidata.org/entity/Q105393388,university-teacher,university
404,http://www.wikidata.org/entity/Q105395233,researcher,publisher
406,http://www.wikidata.org/entity/Q105395425,university-teacher,education
414,http://www.wikidata.org/entity/Q105429443,university-teacher,university
417,http://www.wikidata.org/entity/Q105452991,university-teacher,education
422,http://www.wikidata.org/entity/Q105514871,university-teacher,university
423,http://www.wikidata.org/entity/Q105530478,lecturer,publisher
429,http://www.wikidata.org/entity/Q105585396,university-teacher,publisher
430,http://www.wikidata.org/entity/Q105617150,university-teacher,education
432,http://www.wikidata.org/entity/Q105620824,university-teacher,publisher
435,http://www.wikidata.org/entity/Q105646335,university-teacher,publisher
439,http://www.wikidata.org/entity/Q105661,university-teacher,publisher
441,http://www.wikidata.org/entity/Q105672609,university-teacher,education
442,http://www.wikidata.org/entity/Q105674313,lecturer,publisher
455,http://www.wikidata.org/entity/Q105723397,university-teacher,education
458,http://www.wikidata.org/entity/Q105741,university-teacher,university
471,http://www.wikidata.org/entity/Q105799214,university-teacher,education
474,http://www.wikidata.org/entity/Q105816279,university-teacher,education
476,http://www.wikidata.org/entity/Q105822443,academic,education
484,http://www.wikidata.org/entity/Q10585168,university-teacher,education
486,http://www.wikidata.org/entity/Q105876,university-teacher,university
489,http://www.wikidata.org/entity/Q1058961,university-teacher,education
495,http://www.wikidata.org/entity/Q105916051,researcher,education
498,http://www.wikidata.org/entity/Q105945764,university-teacher,organization
500,http://www.wikidata.org/entity/Q105965417,university-teacher,publisher
503,http://www.wikidata.org/entity/Q105972499,scientist,institute
515,http://www.wikidata.org/entity/Q106107416,university-teacher,publisher
516,http://www.wikidata.org/entity/Q106112201,university-teacher,publisher
520,http://www.wikidata.org/entity/Q106122537,political-scientist,education
523,http://www.wikidata.org/entity/Q106161,university-teacher,university
527,http://www.wikidata.org/entity/Q106192224,university-teacher,publisher
530,http://www.wikidata.org/entity/Q106209540,university-teacher,publisher
531,http://www.wikidata.org/entity/Q106215513,university-teacher,publisher
535,http://www.wikidata.org/entity/Q106259127,university-teacher,education
536,http://www.wikidata.org/entity/Q106261,university-teacher,agency
538,http://www.wikidata.org/entity/Q106282626,university-teacher,education
541,http://www.wikidata.org/entity/Q106322831,university-teacher,university
546,http://www.wikidata.org/entity/Q1063509,university-teacher,education
550,http://www.wikidata.org/entity/Q106359481,university-teacher,organization
552,http://www.wikidata.org/entity/Q106366589,journalist,newspaper
553,http://www.wikidata.org/entity/Q106369203,lawyer,publisher
560,http://www.wikidata.org/entity/Q106414886,researcher,publisher
564,http://www.wikidata.org/entity/Q106439277,media-scholar,education
570,http://www.wikidata.org/entity/Q106466446,university-teacher,education
571,http://www.wikidata.org/entity/Q106466625,university-teacher,organization
580,http://www.wikidata.org/entity/Q106547154,university-teacher,university
583,http://www.wikidata.org/entity/Q1065595,writer,organization
584,http://www.wikidata.org/entity/Q106563980,researcher,publisher
586,http://www.wikidata.org/entity/Q106574160,jurist,publisher
588,http://www.wikidata.org/entity/Q106579542,university-teacher,education
589,http://www.wikidata.org/entity/Q1065810,university-teacher,education
590,http://www.wikidata.org/entity/Q1065856,university-teacher,education
591,http://www.wikidata.org/entity/Q106594470,professor,education
592,http://www.wikidata.org/entity/Q106595571,university-teacher,organization
593,http://www.wikidata.org/entity/Q106595572,university-teacher,university
594,http://www.wikidata.org/entity/Q1065979,university-teacher,education
596,http://www.wikidata.org/entity/Q106603629,university-teacher,university
603,http://www.wikidata.org/entity/Q106615408,university-teacher,education
604,http://www.wikidata.org/entity/Q106615819,university-teacher,education
608,http://www.wikidata.org/entity/Q106629777,university-teacher,education
611,http://www.wikidata.org/entity/Q106638409,university-teacher,academy
612,http://www.wikidata.org/entity/Q106638442,university-teacher,academy
615,http://www.wikidata.org/entity/Q106641226,university-teacher,publisher
616,http://www.wikidata.org/entity/Q106642011,university-teacher,institute
622,http://www.wikidata.org/entity/Q106690802,urban-sociologist,education
625,http://www.wikidata.org/entity/Q106698071,university-teacher,publisher
628,http://www.wikidata.org/entity/Q106726964,university-teacher,education
632,http://www.wikidata.org/entity/Q106803116,university-teacher,publisher
633,http://www.wikidata.org/entity/Q106804830,university-teacher,publisher
634,http://www.wikidata.org/entity/Q106832794,political-scientist,education
637,http://www.wikidata.org/entity/Q106854777,editing-staff,institute
638,http://www.wikidata.org/entity/Q106862463,university-teacher,education
639,http://www.wikidata.org/entity/Q106878850,university-teacher,education
642,http://www.wikidata.org/entity/Q106908284,university-teacher,education
643,http://www.wikidata.org/entity/Q106917258,university-teacher,education
644,http://www.wikidata.org/entity/Q106917391,university-teacher,education
645,http://www.wikidata.org/entity/Q106917577,university-teacher,education
649,http://www.wikidata.org/entity/Q106962378,politician,publisher
652,http://www.wikidata.org/entity/Q106983084,researcher,publisher
653,http://www.wikidata.org/entity/Q106983087,researcher,publisher
657,http://www.wikidata.org/entity/Q106983239,university-teacher,publisher
661,http://www.wikidata.org/entity/Q106983420,researcher,publisher
664,http://www.wikidata.org/entity/Q106985136,researcher,education
669,http://www.wikidata.org/entity/Q107023099,university-teacher,organization
672,http://www.wikidata.org/entity/Q107046443,university-teacher,education
680,http://www.wikidata.org/entity/Q107139894,university-teacher,university
681,http://www.wikidata.org/entity/Q107140732,university-teacher,publisher
683,http://www.wikidata.org/entity/Q107156072,university-teacher,education
689,http://www.wikidata.org/entity/Q107178398,university-teacher,publisher
691,http://www.wikidata.org/entity/Q107193,university-teacher,university
694,http://www.wikidata.org/entity/Q107205572,university-teacher,education
695,http://www.wikidata.org/entity/Q107205673,university-teacher,education
698,http://www.wikidata.org/entity/Q107212764,university-teacher,education
699,http://www.wikidata.org/entity/Q107214581,research-fellow,university
701,http://www.wikidata.org/entity/Q107254030,writer,organization
702,http://www.wikidata.org/entity/Q107266198,university-teacher,institute
706,http://www.wikidata.org/entity/Q107274830,university-teacher,publisher
711,http://www.wikidata.org/entity/Q107313095,university-teacher,publisher
712,http://www.wikidata.org/entity/Q107315601,university-teacher,publisher
714,http://www.wikidata.org/entity/Q107322291,university-teacher,publisher
719,http://www.wikidata.org/entity/Q107345893,university-teacher,university
722,http://www.wikidata.org/entity/Q107361617,writer,organization
723,http://www.wikidata.org/entity/Q107363501,university-teacher,education
724,http://www.wikidata.org/entity/Q107363774,historian,publisher
727,http://www.wikidata.org/entity/Q107390502,anthropologist,university
729,http://www.wikidata.org/entity/Q107420041,university-teacher,publisher
730,http://www.wikidata.org/entity/Q107436597,university-teacher,institute
732,http://www.wikidata.org/entity/Q107456671,university-teacher,publisher
735,http://www.wikidata.org/entity/Q1074700,anthropologist,education
736,http://www.wikidata.org/entity/Q107488163,university-teacher,education
737,http://www.wikidata.org/entity/Q107488382,psychologist,organization
739,http://www.wikidata.org/entity/Q107506,philologist,education
744,http://www.wikidata.org/entity/Q107600785,university-teacher,publisher
745,http://www.wikidata.org/entity/Q107601,university-teacher,publisher
746,http://www.wikidata.org/entity/Q107609253,university-teacher,publisher
748,http://www.wikidata.org/entity/Q107621696,university-teacher,education
751,http://www.wikidata.org/entity/Q107637412,university-teacher,education
761,http://www.wikidata.org/entity/Q107710430,politician,publisher
762,http://www.wikidata.org/entity/Q107745,university-teacher,university
765,http://www.wikidata.org/entity/Q107804869,university-teacher,publisher
769,http://www.wikidata.org/entity/Q1078177,university-teacher,agency
770,http://www.wikidata.org/entity/Q107839762,political-scientist,education
773,http://www.wikidata.org/entity/Q107888,university-teacher,publisher
774,http://www.wikidata.org/entity/Q107959168,university-teacher,university
775,http://www.wikidata.org/entity/Q107975979,political-scientist,education
788,http://www.wikidata.org/entity/Q108109965,social-activist,publisher
795,http://www.wikidata.org/entity/Q1081464,university-teacher,institute
796,http://www.wikidata.org/entity/Q108150830,academic,publisher
799,http://www.wikidata.org/entity/Q1081918,university-teacher,agency
801,http://www.wikidata.org/entity/Q1081982,university-teacher,agency
803,http://www.wikidata.org/entity/Q108223648,docent,university
805,http://www.wikidata.org/entity/Q108257724,director,enterprise
808,http://www.wikidata.org/entity/Q108293926,ethnologist,institute
811,http://www.wikidata.org/entity/Q108304928,author,education
823,http://www.wikidata.org/entity/Q108392940,university-teacher,education
825,http://www.wikidata.org/entity/Q108409467,brussels-studies-scholar,education
826,http://www.wikidata.org/entity/Q108422701,university-teacher,education
829,http://www.wikidata.org/entity/Q108458344,biologist,institute
835,http://www.wikidata.org/entity/Q1085054,university-teacher,publisher
842,http://www.wikidata.org/entity/Q108543917,historian,organization
850,http://www.wikidata.org/entity/Q108575621,university-teacher,publisher
851,http://www.wikidata.org/entity/Q10857639,university-teacher,publisher
856,http://www.wikidata.org/entity/Q1085958,university-teacher,publisher
860,http://www.wikidata.org/entity/Q1086075,university-teacher,agency
865,http://www.wikidata.org/entity/Q108650066,university-teacher,university
867,http://www.wikidata.org/entity/Q108655457,economist,school
872,http://www.wikidata.org/entity/Q108678456,teacher,education
874,http://www.wikidata.org/entity/Q10868617,critic,university
875,http://www.wikidata.org/entity/Q1086920,university-teacher,education
878,http://www.wikidata.org/entity/Q108697520,university-teacher,education
884,http://www.wikidata.org/entity/Q10871584,politician,education
885,http://www.wikidata.org/entity/Q108731108,university-teacher,publisher
895,http://www.wikidata.org/entity/Q108783043,university-teacher,organization
896,http://www.wikidata.org/entity/Q108793844,scientist,publisher
899,http://www.wikidata.org/entity/Q108806228,university-teacher,publisher
901,http://www.wikidata.org/entity/Q108813115,university-teacher,organization
905,http://www.wikidata.org/entity/Q108824211,university-teacher,education
908,http://www.wikidata.org/entity/Q108833834,university-teacher,university
912,http://www.wikidata.org/entity/Q108865109,university-teacher,publisher
913,http://www.wikidata.org/entity/Q108865841,activist,publisher
916,http://www.wikidata.org/entity/Q108880349,university-teacher,education
917,http://www.wikidata.org/entity/Q108887876,writer,university
924,http://www.wikidata.org/entity/Q108910270,economist,education
928,http://www.wikidata.org/entity/Q108916199,historian,education
929,http://www.wikidata.org/entity/Q108921456,screenwriter,institution
930,http://www.wikidata.org/entity/Q108923180,researcher,publisher
931,http://www.wikidata.org/entity/Q108940,university-teacher,university
935,http://www.wikidata.org/entity/Q109032,university-teacher,agency
936,http://www.wikidata.org/entity/Q109041460,writer,publisher
937,http://www.wikidata.org/entity/Q109046046,researcher,publisher
938,http://www.wikidata.org/entity/Q109072663,university-teacher,publisher
939,http://www.wikidata.org/entity/Q109075246,university-teacher,publisher
942,http://www.wikidata.org/entity/Q109084533,university-teacher,publisher
943,http://www.wikidata.org/entity/Q109103478,university-teacher,publisher
948,http://www.wikidata.org/entity/Q109135514,university-teacher,publisher
949,http://www.wikidata.org/entity/Q10919536,anthropologist,university
951,http://www.wikidata.org/entity/Q109235495,anthropologist,education
952,http://www.wikidata.org/entity/Q109240943,writer,university
955,http://www.wikidata.org/entity/Q109258,university-teacher,university
963,http://www.wikidata.org/entity/Q109300558,university-teacher,publisher
964,http://www.wikidata.org/entity/Q109302050,university-teacher,other
965,http://www.wikidata.org/entity/Q109302281,scientist,education
968,http://www.wikidata.org/entity/Q109326561,university-teacher,publisher
971,http://www.wikidata.org/entity/Q109342010,writer,education
972,http://www.wikidata.org/entity/Q109346716,historian,publisher
973,http://www.wikidata.org/entity/Q109367467,university-teacher,education
974,http://www.wikidata.org/entity/Q109378294,university-teacher,university
975,http://www.wikidata.org/entity/Q109379226,university-teacher,education
978,http://www.wikidata.org/entity/Q109380917,university-teacher,education
980,http://www.wikidata.org/entity/Q109380941,university-teacher,education
981,http://www.wikidata.org/entity/Q109382122,economist,organization
983,http://www.wikidata.org/entity/Q10938576,environmentalist,publisher
984,http://www.wikidata.org/entity/Q109394,university-teacher,university
989,http://www.wikidata.org/entity/Q1094336,physician,education
992,http://www.wikidata.org/entity/Q109448490,university-teacher,organization
994,http://www.wikidata.org/entity/Q109459837,university-teacher,publisher
996,http://www.wikidata.org/entity/Q109466397,anthropologist,publisher
998,http://www.wikidata.org/entity/Q109486975,university-teacher,university
1007,http://www.wikidata.org/entity/Q109556038,sports-scientist,education
1008,http://www.wikidata.org/entity/Q109557890,university-teacher,education
1010,http://www.wikidata.org/entity/Q109557894,university-teacher,education
1011,http://www.wikidata.org/entity/Q109557896,university-teacher,education
1013,http://www.wikidata.org/entity/Q109557899,researcher,publisher
1014,http://www.wikidata.org/entity/Q109557900,university-teacher,publisher
1018,http://www.wikidata.org/entity/Q109557904,university-teacher,education
1022,http://www.wikidata.org/entity/Q109557908,university-teacher,education
1024,http://www.wikidata.org/entity/Q109557910,university-teacher,education
1025,http://www.wikidata.org/entity/Q109557912,university-teacher,education
1026,http://www.wikidata.org/entity/Q109557914,university-teacher,facility
1028,http://www.wikidata.org/entity/Q109557917,university-teacher,education
1029,http://www.wikidata.org/entity/Q109557919,anthropologist,institute
1030,http://www.wikidata.org/entity/Q109557921,university-teacher,publisher
1037,http://www.wikidata.org/entity/Q109611382,university-teacher,publisher
1039,http://www.wikidata.org/entity/Q109621969,university-teacher,publisher
1051,http://www.wikidata.org/entity/Q109680536,university-teacher,agency
1058,http://www.wikidata.org/entity/Q109725,university-teacher,publisher
1060,http://www.wikidata.org/entity/Q109729781,university-teacher,publisher
1061,http://www.wikidata.org/entity/Q1097394,university-teacher,education
1065,http://www.wikidata.org/entity/Q1097515,university-teacher,publisher
1093,http://www.wikidata.org/entity/Q1097925,university-teacher,university
1096,http://www.wikidata.org/entity/Q109805402,research-fellow,organization
1100,http://www.wikidata.org/entity/Q1098386,university-teacher,school
1102,http://www.wikidata.org/entity/Q109852863,university-teacher,institute
1108,http://www.wikidata.org/entity/Q109859734,university-teacher,university
1109,http://www.wikidata.org/entity/Q109863,university-teacher,publisher
1112,http://www.wikidata.org/entity/Q109876798,university-teacher,publisher
1116,http://www.wikidata.org/entity/Q1098861,university-teacher,agency
1124,http://www.wikidata.org/entity/Q109971,university-teacher,agency
1125,http://www.wikidata.org/entity/Q109971512,professor,education
1130,http://www.wikidata.org/entity/Q1099869,university-teacher,university
1133,http://www.wikidata.org/entity/Q110041156,university-teacher,institution
1140,http://www.wikidata.org/entity/Q110064655,university-teacher,publisher
1149,http://www.wikidata.org/entity/Q110127,university-teacher,education
1151,http://www.wikidata.org/entity/Q110168263,professor,institute
1158,http://www.wikidata.org/entity/Q110207166,professor,university
1160,http://www.wikidata.org/entity/Q110212649,essayist,education
1177,http://www.wikidata.org/entity/Q110249330,historian,GLAM
1178,http://www.wikidata.org/entity/Q110254832,university-teacher,education
1179,http://www.wikidata.org/entity/Q110260695,university-teacher,institute
1183,http://www.wikidata.org/entity/Q110306,university-teacher,university
1184,http://www.wikidata.org/entity/Q11031,university-teacher,publisher
1185,http://www.wikidata.org/entity/Q110310913,professor,education
1186,http://www.wikidata.org/entity/Q110324598,university-teacher,publisher
1188,http://www.wikidata.org/entity/Q1103678,anthropologist,education
1189,http://www.wikidata.org/entity/Q110367806,political-scientist,university
1191,http://www.wikidata.org/entity/Q110373015,university-teacher,education
1195,http://www.wikidata.org/entity/Q110405632,university-teacher,university
1205,http://www.wikidata.org/entity/Q110459212,historian,publisher
1211,http://www.wikidata.org/entity/Q110501164,research-fellow,university
1212,http://www.wikidata.org/entity/Q1105049,politician,publisher
1215,http://www.wikidata.org/entity/Q110515213,teacher,education
1217,http://www.wikidata.org/entity/Q110567678,anthropologist,education
1218,http://www.wikidata.org/entity/Q110567687,historian,education
1219,http://www.wikidata.org/entity/Q110572186,university-teacher,publisher
1223,http://www.wikidata.org/entity/Q110635423,university-teacher,publisher
1226,http://www.wikidata.org/entity/Q110640448,political-scientist,other
1227,http://www.wikidata.org/entity/Q110640518,university-teacher,university
1229,http://www.wikidata.org/entity/Q1106507,university-teacher,university
1230,http://www.wikidata.org/entity/Q110653667,geographer,publisher
1231,http://www.wikidata.org/entity/Q110657547,photographer,publisher
1232,http://www.wikidata.org/entity/Q11066247,university-teacher,publisher
1234,http://www.wikidata.org/entity/Q110670122,university-teacher,education
1235,http://www.wikidata.org/entity/Q110670137,university-teacher,education
1237,http://www.wikidata.org/entity/Q1106778,writer,institute
1241,http://www.wikidata.org/entity/Q110694711,university-teacher,university
1243,http://www.wikidata.org/entity/Q110698602,university-teacher,agency
1244,http://www.wikidata.org/entity/Q11070768,politician,publisher
1246,http://www.wikidata.org/entity/Q110713971,political-scientist,education
1248,http://www.wikidata.org/entity/Q110726089,university-teacher,university
1253,http://www.wikidata.org/entity/Q110748290,university-teacher,organization
1256,http://www.wikidata.org/entity/Q110752987,university-teacher,publisher
1258,http://www.wikidata.org/entity/Q110771869,university-teacher,education
1259,http://www.wikidata.org/entity/Q110775763,anthropologist,enterprise
1260,http://www.wikidata.org/entity/Q110776102,writer,publisher
1261,http://www.wikidata.org/entity/Q110805471,university-teacher,university
1262,http://www.wikidata.org/entity/Q110808818,university-teacher,education
1268,http://www.wikidata.org/entity/Q110835244,political-scientist,publisher
1271,http://www.wikidata.org/entity/Q110875794,university-teacher,education
1278,http://www.wikidata.org/entity/Q110928605,university-teacher,university
1280,http://www.wikidata.org/entity/Q110940159,university-teacher,organization
1281,http://www.wikidata.org/entity/Q110946294,university-teacher,education
1282,http://www.wikidata.org/entity/Q110946297,university-teacher,education
1286,http://www.wikidata.org/entity/Q110961791,university-teacher,other
1287,http://www.wikidata.org/entity/Q110965654,researcher,publisher
1288,http://www.wikidata.org/entity/Q110965919,university-teacher,education
1291,http://www.wikidata.org/entity/Q110993808,writer,education
1293,http://www.wikidata.org/entity/Q110996168,research-fellow,publisher
1295,http://www.wikidata.org/entity/Q11100532,anthropologist,university
1297,http://www.wikidata.org/entity/Q111009969,university-teacher,university
1299,http://www.wikidata.org/entity/Q111016751,university-teacher,education
1313,http://www.wikidata.org/entity/Q111028830,university-teacher,education
1315,http://www.wikidata.org/entity/Q111030365,pollster,enterprise
1317,http://www.wikidata.org/entity/Q11103183,writer,education
1318,http://www.wikidata.org/entity/Q111033141,university-teacher,education
1320,http://www.wikidata.org/entity/Q111046508,university-teacher,publisher
1324,http://www.wikidata.org/entity/Q111077236,university-teacher,education
1325,http://www.wikidata.org/entity/Q111077249,university-teacher,education
1326,http://www.wikidata.org/entity/Q111079992,university-teacher,university
1327,http://www.wikidata.org/entity/Q111082679,university-teacher,publisher
1331,http://www.wikidata.org/entity/Q1111269,university-teacher,publisher
1332,http://www.wikidata.org/entity/Q111127041,university-teacher,publisher
1334,http://www.wikidata.org/entity/Q111149268,university-teacher,publisher
1337,http://www.wikidata.org/entity/Q111155294,political-scientist,publisher
1340,http://www.wikidata.org/entity/Q111182801,researcher,publisher
1342,http://www.wikidata.org/entity/Q1111892,statistician,education
1350,http://www.wikidata.org/entity/Q111262321,university-teacher,university
1354,http://www.wikidata.org/entity/Q111273257,university-teacher,organization
1358,http://www.wikidata.org/entity/Q111297738,philosopher,university
1362,http://www.wikidata.org/entity/Q111306754,university-teacher,education
1365,http://www.wikidata.org/entity/Q111313644,economist,institute
1366,http://www.wikidata.org/entity/Q1113588,university-teacher,university
1384,http://www.wikidata.org/entity/Q111450505,university-teacher,university
1385,http://www.wikidata.org/entity/Q111452,university-teacher,other
1388,http://www.wikidata.org/entity/Q111457529,university-teacher,publisher
1398,http://www.wikidata.org/entity/Q111503133,university-teacher,school
1401,http://www.wikidata.org/entity/Q111513412,university-teacher,education
1408,http://www.wikidata.org/entity/Q111536,university-teacher,education
1409,http://www.wikidata.org/entity/Q111541335,university-teacher,education
1417,http://www.wikidata.org/entity/Q111588661,local-politician,publisher
1420,http://www.wikidata.org/entity/Q111589663,pedagogue,publisher
1422,http://www.wikidata.org/entity/Q111593034,university-teacher,university
1425,http://www.wikidata.org/entity/Q111605031,professor,education
1426,http://www.wikidata.org/entity/Q111627577,university-teacher,publisher
1427,http://www.wikidata.org/entity/Q111630232,demographer,education
1429,http://www.wikidata.org/entity/Q111654969,university-teacher,university
1431,http://www.wikidata.org/entity/Q111662991,university-teacher,university
1435,http://www.wikidata.org/entity/Q111678916,university-teacher,education
1438,http://www.wikidata.org/entity/Q111686521,university-teacher,education
1439,http://www.wikidata.org/entity/Q111687872,university-teacher,education
1440,http://www.wikidata.org/entity/Q111694333,university-teacher,education
1441,http://www.wikidata.org/entity/Q111694654,university-teacher,university
1442,http://www.wikidata.org/entity/Q111698120,journalist,publisher
1448,http://www.wikidata.org/entity/Q111731027,university-teacher,publisher
1449,http://www.wikidata.org/entity/Q111731210,university-teacher,publisher
1450,http://www.wikidata.org/entity/Q111743980,university-teacher,publisher
1457,http://www.wikidata.org/entity/Q111766847,academic,education
1461,http://www.wikidata.org/entity/Q111796542,university-teacher,university
1464,http://www.wikidata.org/entity/Q111804750,university-teacher,publisher
1467,http://www.wikidata.org/entity/Q111833001,university-teacher,university
1468,http://www.wikidata.org/entity/Q111836078,university-teacher,university
1472,http://www.wikidata.org/entity/Q111902529,university-teacher,publisher
1473,http://www.wikidata.org/entity/Q111902719,university-teacher,publisher
1476,http://www.wikidata.org/entity/Q111909154,university-teacher,enterprise
1480,http://www.wikidata.org/entity/Q111917357,politician,university
1483,http://www.wikidata.org/entity/Q111966992,art-historian,GLAM
1487,http://www.wikidata.org/entity/Q111975875,journalist,organization
1489,http://www.wikidata.org/entity/Q111982954,teacher,education
1492,http://www.wikidata.org/entity/Q111987307,political-scientist,publisher
1498,http://www.wikidata.org/entity/Q112071182,politician,enterprise
1500,http://www.wikidata.org/entity/Q112079288,university-teacher,university
1508,http://www.wikidata.org/entity/Q112129103,university-teacher,organization
1509,http://www.wikidata.org/entity/Q112130509,university-teacher,education
1511,http://www.wikidata.org/entity/Q112134467,university-teacher,publisher
1516,http://www.wikidata.org/entity/Q1121770,university-teacher,publisher
1538,http://www.wikidata.org/entity/Q112238280,critic,university
1540,http://www.wikidata.org/entity/Q112239041,businessperson,enterprise
1545,http://www.wikidata.org/entity/Q112255795,university-teacher,education
1546,http://www.wikidata.org/entity/Q112257150,university-teacher,education
1547,http://www.wikidata.org/entity/Q112258481,university-teacher,education
1548,http://www.wikidata.org/entity/Q112258992,university-teacher,education
1549,http://www.wikidata.org/entity/Q112258994,university-teacher,education
1555,http://www.wikidata.org/entity/Q112290402,university-teacher,education
1562,http://www.wikidata.org/entity/Q112342875,university-teacher,publisher
1568,http://www.wikidata.org/entity/Q112343257,university-teacher,university
1569,http://www.wikidata.org/entity/Q112343288,university-teacher,publisher
1570,http://www.wikidata.org/entity/Q112343290,university-teacher,university
1573,http://www.wikidata.org/entity/Q112343562,university-teacher,publisher
1575,http://www.wikidata.org/entity/Q112343673,university-teacher,publisher
1576,http://www.wikidata.org/entity/Q112343760,university-teacher,publisher
1577,http://www.wikidata.org/entity/Q112343793,university-teacher,school
1578,http://www.wikidata.org/entity/Q112343834,university-teacher,education
1580,http://www.wikidata.org/entity/Q112343951,university-teacher,education
1589,http://www.wikidata.org/entity/Q112347981,psychologist,publisher
1600,http://www.wikidata.org/entity/Q112352348,university-teacher,university
1613,http://www.wikidata.org/entity/Q112357618,university-teacher,organization
1616,http://www.wikidata.org/entity/Q112360245,social-scientist,publisher
1619,http://www.wikidata.org/entity/Q112361949,jurist,publisher
1625,http://www.wikidata.org/entity/Q112364517,university-teacher,education
1634,http://www.wikidata.org/entity/Q112367790,university-teacher,university
1668,http://www.wikidata.org/entity/Q112369362,opinion-journalist,education
1689,http://www.wikidata.org/entity/Q112370952,political-scientist,university
1696,http://www.wikidata.org/entity/Q112371683,philosopher,institute
1723,http://www.wikidata.org/entity/Q112375371,professor,university
1736,http://www.wikidata.org/entity/Q112377001,writer,publisher
1782,http://www.wikidata.org/entity/Q112381573,university-teacher,education
1801,http://www.wikidata.org/entity/Q112384172,theologian,organization
1865,http://www.wikidata.org/entity/Q112391426,university-teacher,education
1889,http://www.wikidata.org/entity/Q112394777,librarian,GLAM
1890,http://www.wikidata.org/entity/Q112395551,anthropologist,institution
1903,http://www.wikidata.org/entity/Q112396851,professor,education
1956,http://www.wikidata.org/entity/Q112403681,professor,education
1958,http://www.wikidata.org/entity/Q112404264,university-teacher,organization
2034,http://www.wikidata.org/entity/Q112412659,political-scientist,publisher
2078,http://www.wikidata.org/entity/Q112416566,university-teacher,publisher
2087,http://www.wikidata.org/entity/Q112417333,university-teacher,education
2091,http://www.wikidata.org/entity/Q112417620,lecturer,publisher
2117,http://www.wikidata.org/entity/Q112419946,university-teacher,education
2119,http://www.wikidata.org/entity/Q112420107,social-anthropologist,publisher
2155,http://www.wikidata.org/entity/Q112425912,economist,organization
2169,http://www.wikidata.org/entity/Q112427059,university-teacher,university
2195,http://www.wikidata.org/entity/Q112427976,university-teacher,education
2205,http://www.wikidata.org/entity/Q112429094,social-scientist,organization
2241,http://www.wikidata.org/entity/Q112433585,university-teacher,university
2262,http://www.wikidata.org/entity/Q112435406,historian,publisher
2284,http://www.wikidata.org/entity/Q112437507,university-teacher,education
2297,http://www.wikidata.org/entity/Q112438564,professor,education
2307,http://www.wikidata.org/entity/Q112439310,psychologist,publisher
2324,http://www.wikidata.org/entity/Q112440966,anthropologist,publisher
2325,http://www.wikidata.org/entity/Q112441131,university-teacher,university
2340,http://www.wikidata.org/entity/Q112442526,university-teacher,university
2357,http://www.wikidata.org/entity/Q112443578,historian,education
2461,http://www.wikidata.org/entity/Q112451099,university-teacher,institute
2469,http://www.wikidata.org/entity/Q112451712,university-teacher,education
2521,http://www.wikidata.org/entity/Q112455508,political-scientist,education
2529,http://www.wikidata.org/entity/Q112456168,university-teacher,education
2533,http://www.wikidata.org/entity/Q112456617,professor,education
2645,http://www.wikidata.org/entity/Q112468586,university-teacher,university
2646,http://www.wikidata.org/entity/Q112468648,university-teacher,education
2651,http://www.wikidata.org/entity/Q112468950,university-teacher,education
2658,http://www.wikidata.org/entity/Q112469337,university-teacher,education
2663,http://www.wikidata.org/entity/Q112469884,lecturer,education
2665,http://www.wikidata.org/entity/Q112469892,university-teacher,publisher
2668,http://www.wikidata.org/entity/Q112470075,philosopher,publisher
2682,http://www.wikidata.org/entity/Q112472352,geographer,education
2685,http://www.wikidata.org/entity/Q112472553,historian,university
2697,http://www.wikidata.org/entity/Q112473123,university-teacher,education
2701,http://www.wikidata.org/entity/Q112473332,university-teacher,publisher
2726,http://www.wikidata.org/entity/Q112475445,political-scientist,publisher
2731,http://www.wikidata.org/entity/Q112476088,historian,university
2751,http://www.wikidata.org/entity/Q112477540,university-teacher,education
2801,http://www.wikidata.org/entity/Q112482056,university-teacher,education
2834,http://www.wikidata.org/entity/Q112484028,university-teacher,university
2889,http://www.wikidata.org/entity/Q112488223,university-teacher,education
2902,http://www.wikidata.org/entity/Q112488607,political-scientist,agency
2928,http://www.wikidata.org/entity/Q112489959,university-teacher,organization
2929,http://www.wikidata.org/entity/Q112490017,university-teacher,organization
2961,http://www.wikidata.org/entity/Q112492212,university-teacher,university
2965,http://www.wikidata.org/entity/Q112492449,university-teacher,university
2966,http://www.wikidata.org/entity/Q112492477,political-scientist,education
2974,http://www.wikidata.org/entity/Q112492845,writer,university
2980,http://www.wikidata.org/entity/Q112493082,university-teacher,university
2992,http://www.wikidata.org/entity/Q112493533,university-teacher,publisher
2997,http://www.wikidata.org/entity/Q112493637,university-teacher,publisher
3008,http://www.wikidata.org/entity/Q112494288,university-teacher,organization
3009,http://www.wikidata.org/entity/Q112494380,university-teacher,publisher
3013,http://www.wikidata.org/entity/Q112494710,university-teacher,university
3049,http://www.wikidata.org/entity/Q112496850,university-teacher,other
3067,http://www.wikidata.org/entity/Q112497809,university-teacher,publisher
3075,http://www.wikidata.org/entity/Q112498035,university-teacher,organization
3103,http://www.wikidata.org/entity/Q112499852,university-teacher,education
3108,http://www.wikidata.org/entity/Q112500250,university-teacher,education
3109,http://www.wikidata.org/entity/Q112500330,university-teacher,education
3127,http://www.wikidata.org/entity/Q112501204,university-teacher,education
3143,http://www.wikidata.org/entity/Q112502,university-teacher,publisher
3150,http://www.wikidata.org/entity/Q112502373,university-teacher,education
3160,http://www.wikidata.org/entity/Q112502705,university-teacher,organization
3165,http://www.wikidata.org/entity/Q112502942,university-teacher,publisher
3176,http://www.wikidata.org/entity/Q112503293,university-teacher,education
3179,http://www.wikidata.org/entity/Q112503468,university-teacher,organization
3183,http://www.wikidata.org/entity/Q112503668,university-teacher,university
3188,http://www.wikidata.org/entity/Q112503994,university-teacher,education
3216,http://www.wikidata.org/entity/Q112505000,university-teacher,university
3220,http://www.wikidata.org/entity/Q112505369,university-teacher,education
3237,http://www.wikidata.org/entity/Q112506386,university-teacher,college
3257,http://www.wikidata.org/entity/Q112507087,university-teacher,organization
3264,http://www.wikidata.org/entity/Q112507521,university-teacher,institute
3278,http://www.wikidata.org/entity/Q112507896,university-teacher,publisher
3281,http://www.wikidata.org/entity/Q112508102,university-teacher,education
3290,http://www.wikidata.org/entity/Q112508642,university-teacher,education
3299,http://www.wikidata.org/entity/Q112508976,university-teacher,education
3359,http://www.wikidata.org/entity/Q112512704,university-teacher,education
3377,http://www.wikidata.org/entity/Q112513698,university-teacher,organization
3381,http://www.wikidata.org/entity/Q112513782,university-teacher,education
3409,http://www.wikidata.org/entity/Q112515095,anthropologist,organization
3410,http://www.wikidata.org/entity/Q112515121,honorary-professor,publisher
3422,http://www.wikidata.org/entity/Q112515321,university-teacher,education
3425,http://www.wikidata.org/entity/Q112515481,university-teacher,education
3426,http://www.wikidata.org/entity/Q112515559,university-teacher,university
3500,http://www.wikidata.org/entity/Q112519368,university-teacher,education
3529,http://www.wikidata.org/entity/Q112520945,university-teacher,academy
3548,http://www.wikidata.org/entity/Q112521752,university-teacher,university
3563,http://www.wikidata.org/entity/Q112522338,university-teacher,publisher
3566,http://www.wikidata.org/entity/Q112522521,university-teacher,publisher
3568,http://www.wikidata.org/entity/Q112522531,university-teacher,university
3569,http://www.wikidata.org/entity/Q112522548,university-teacher,education
3607,http://www.wikidata.org/entity/Q112523947,cultural-studies-scholar,education
3619,http://www.wikidata.org/entity/Q112524485,university-teacher,organization
3641,http://www.wikidata.org/entity/Q112525941,philosopher,institute
3658,http://www.wikidata.org/entity/Q112526583,university-teacher,education
3665,http://www.wikidata.org/entity/Q112527018,university-teacher,education
3676,http://www.wikidata.org/entity/Q112527896,university-teacher,university
3688,http://www.wikidata.org/entity/Q112529198,university-teacher,education
3691,http://www.wikidata.org/entity/Q112529407,university-teacher,education
3694,http://www.wikidata.org/entity/Q112529901,university-teacher,publisher
3700,http://www.wikidata.org/entity/Q112530041,university-teacher,education
3706,http://www.wikidata.org/entity/Q112530403,editor,publisher
3725,http://www.wikidata.org/entity/Q112532137,university-teacher,education
3739,http://www.wikidata.org/entity/Q112533119,university-teacher,education
3740,http://www.wikidata.org/entity/Q112533408,scientist,education
3748,http://www.wikidata.org/entity/Q112533783,university-teacher,education
3797,http://www.wikidata.org/entity/Q112536920,university-teacher,education
3809,http://www.wikidata.org/entity/Q112537682,university-teacher,university
3811,http://www.wikidata.org/entity/Q112537883,university-teacher,publisher
3814,http://www.wikidata.org/entity/Q112537988,university-teacher,university
3821,http://www.wikidata.org/entity/Q112538186,university-teacher,education
3891,http://www.wikidata.org/entity/Q112542285,university-teacher,education
3898,http://www.wikidata.org/entity/Q112542703,university-teacher,education
3912,http://www.wikidata.org/entity/Q112543910,university-teacher,university
3931,http://www.wikidata.org/entity/Q112545593,university-teacher,university
3974,http://www.wikidata.org/entity/Q112548147,university-teacher,education
4023,http://www.wikidata.org/entity/Q112551570,university-teacher,education
4026,http://www.wikidata.org/entity/Q112551695,university-teacher,education
4039,http://www.wikidata.org/entity/Q112552449,university-teacher,university
4049,http://www.wikidata.org/entity/Q112553004,university-teacher,education
4051,http://www.wikidata.org/entity/Q112553218,university-teacher,university
4057,http://www.wikidata.org/entity/Q112553866,anthropologist,university
4096,http://www.wikidata.org/entity/Q112556324,university-teacher,university
4099,http://www.wikidata.org/entity/Q112556745,university-teacher,university
4114,http://www.wikidata.org/entity/Q112558247,university-teacher,institute
4129,http://www.wikidata.org/entity/Q112559592,university-teacher,organization
4133,http://www.wikidata.org/entity/Q112559939,university-teacher,university
4142,http://www.wikidata.org/entity/Q112560648,university-teacher,education
4167,http://www.wikidata.org/entity/Q112562040,university-teacher,university
4173,http://www.wikidata.org/entity/Q112562966,university-teacher,education
4174,http://www.wikidata.org/entity/Q112563113,writer,other
4204,http://www.wikidata.org/entity/Q112565128,university-teacher,organization
4212,http://www.wikidata.org/entity/Q112565430,university-teacher,organization
4222,http://www.wikidata.org/entity/Q112602297,university-teacher,education
4223,http://www.wikidata.org/entity/Q11261303,philosopher,publisher
4225,http://www.wikidata.org/entity/Q112626,university-teacher,education
4228,http://www.wikidata.org/entity/Q112671,university-teacher,university
4230,http://www.wikidata.org/entity/Q112673051,university-teacher,education
4231,http://www.wikidata.org/entity/Q112679302,university-teacher,education
4232,http://www.wikidata.org/entity/Q112681337,university-teacher,education
4239,http://www.wikidata.org/entity/Q112840813,university-teacher,university
4240,http://www.wikidata.org/entity/Q112842695,university-teacher,publisher
4242,http://www.wikidata.org/entity/Q112844771,librarian,publisher
4244,http://www.wikidata.org/entity/Q112873,university-teacher,university
4245,http://www.wikidata.org/entity/Q112873024,jurist,publisher
4254,http://www.wikidata.org/entity/Q112933052,university-teacher,enterprise
4255,http://www.wikidata.org/entity/Q112959063,university-teacher,publisher
4260,http://www.wikidata.org/entity/Q112989370,university-teacher,education
4261,http://www.wikidata.org/entity/Q112999715,opinion-journalist,publisher
4269,http://www.wikidata.org/entity/Q113089977,teacher,education
4271,http://www.wikidata.org/entity/Q11310743,teacher,education
4272,http://www.wikidata.org/entity/Q113108949,university-teacher,publisher
4273,http://www.wikidata.org/entity/Q113110608,university-teacher,publisher
4275,http://www.wikidata.org/entity/Q113131109,university-teacher,university
4280,http://www.wikidata.org/entity/Q113163188,researcher,other
4285,http://www.wikidata.org/entity/Q113270143,university-teacher,GLAM
4288,http://www.wikidata.org/entity/Q113291236,university-teacher,organization
4289,http://www.wikidata.org/entity/Q113292064,researcher,organization
4292,http://www.wikidata.org/entity/Q113360743,researcher,education
4298,http://www.wikidata.org/entity/Q113381038,university-teacher,publisher
4306,http://www.wikidata.org/entity/Q113397441,university-teacher,education
4320,http://www.wikidata.org/entity/Q113397624,university-teacher,publisher
4329,http://www.wikidata.org/entity/Q113397927,university-teacher,university
4349,http://www.wikidata.org/entity/Q113399140,university-teacher,university
4368,http://www.wikidata.org/entity/Q113461915,writer,publisher
4369,http://www.wikidata.org/entity/Q113463,university-teacher,institute
4371,http://www.wikidata.org/entity/Q113486867,writer,education
4374,http://www.wikidata.org/entity/Q113493769,academic,organization
4375,http://www.wikidata.org/entity/Q113494170,university-teacher,GLAM
4376,http://www.wikidata.org/entity/Q113496385,university-teacher,education
4377,http://www.wikidata.org/entity/Q113510182,professor,education
4378,http://www.wikidata.org/entity/Q113527605,researcher,university
4379,http://www.wikidata.org/entity/Q113530335,university-teacher,university
4380,http://www.wikidata.org/entity/Q113540212,economist,education
4385,http://www.wikidata.org/entity/Q113573839,university-teacher,publisher
4386,http://www.wikidata.org/entity/Q113579663,writer,education
4387,http://www.wikidata.org/entity/Q113585250,university-teacher,other
4389,http://www.wikidata.org/entity/Q113586644,balkanologist,university
4390,http://www.wikidata.org/entity/Q1136106,university-teacher,education
4394,http://www.wikidata.org/entity/Q113645212,university-teacher,university
4485,http://www.wikidata.org/entity/Q113726894,anthropologist,education
4489,http://www.wikidata.org/entity/Q11372960,teacher,publisher
4514,http://www.wikidata.org/entity/Q113734520,university-teacher,publisher
4528,http://www.wikidata.org/entity/Q113737277,economist,publisher
4539,http://www.wikidata.org/entity/Q113738847,university-teacher,publisher
4548,http://www.wikidata.org/entity/Q113742599,university-teacher,education
4561,http://www.wikidata.org/entity/Q113747449,university-teacher,publisher
4592,http://www.wikidata.org/entity/Q113759982,university-teacher,publisher
4651,http://www.wikidata.org/entity/Q113769641,university-teacher,university
4676,http://www.wikidata.org/entity/Q113773532,university-teacher,education
4714,http://www.wikidata.org/entity/Q113775273,university-teacher,institute
4716,http://www.wikidata.org/entity/Q113775303,university-teacher,university
4732,http://www.wikidata.org/entity/Q113776142,university-teacher,university
4770,http://www.wikidata.org/entity/Q113778919,researcher,agency
4784,http://www.wikidata.org/entity/Q113779889,research-associate,publisher
4790,http://www.wikidata.org/entity/Q113780121,university-teacher,publisher
4807,http://www.wikidata.org/entity/Q113781025,director-of-research-at-cnrs,publisher
4930,http://www.wikidata.org/entity/Q113792590,professor,education
4942,http://www.wikidata.org/entity/Q113794039,author,university
4962,http://www.wikidata.org/entity/Q113796965,university-teacher,education
4964,http://www.wikidata.org/entity/Q113796972,university-teacher,education
4971,http://www.wikidata.org/entity/Q113797311,film-producer,education
4982,http://www.wikidata.org/entity/Q113801238,university-teacher,organization
5041,http://www.wikidata.org/entity/Q113810339,poet,education
5090,http://www.wikidata.org/entity/Q113822447,university-teacher,publisher
5099,http://www.wikidata.org/entity/Q113823490,university-teacher,organization
5156,http://www.wikidata.org/entity/Q113836488,teacher,education
5158,http://www.wikidata.org/entity/Q11383691,university-teacher,university
5219,http://www.wikidata.org/entity/Q113847149,university-teacher,education
5222,http://www.wikidata.org/entity/Q11388705,teacher,publisher
5223,http://www.wikidata.org/entity/Q1139047,university-teacher,publisher
5226,http://www.wikidata.org/entity/Q113946277,university-teacher,university
5228,http://www.wikidata.org/entity/Q113958041,historian,GLAM
5231,http://www.wikidata.org/entity/Q11399445,teacher,publisher
5235,http://www.wikidata.org/entity/Q114007,university-teacher,publisher
5248,http://www.wikidata.org/entity/Q114103428,professor,education
5249,http://www.wikidata.org/entity/Q11411520,teacher,university
5251,http://www.wikidata.org/entity/Q11413936,teacher,publisher
5260,http://www.wikidata.org/entity/Q114202491,academic-staff,education
5263,http://www.wikidata.org/entity/Q114218920,university-teacher,university
5269,http://www.wikidata.org/entity/Q11430430,politician,university
5272,http://www.wikidata.org/entity/Q114321410,researcher,institute
5274,http://www.wikidata.org/entity/Q114347404,researcher,institute
5276,http://www.wikidata.org/entity/Q11436634,teacher,university
5277,http://www.wikidata.org/entity/Q11436989,university-teacher,university
5282,http://www.wikidata.org/entity/Q11439626,teacher,institute
5284,http://www.wikidata.org/entity/Q114401602,writer,education
5287,http://www.wikidata.org/entity/Q114457475,economist,publisher
5288,http://www.wikidata.org/entity/Q11450637,university-teacher,publisher
5289,http://www.wikidata.org/entity/Q11452565,teacher,university
5290,http://www.wikidata.org/entity/Q11453996,teacher,university
5291,http://www.wikidata.org/entity/Q1145600,university-teacher,publisher
5295,http://www.wikidata.org/entity/Q114587,university-teacher,publisher
5297,http://www.wikidata.org/entity/Q11460226,illustrator,university
5298,http://www.wikidata.org/entity/Q1146164,university-teacher,publisher
5302,http://www.wikidata.org/entity/Q11462770,university-teacher,publisher
5305,http://www.wikidata.org/entity/Q114639779,university-teacher,publisher
5310,http://www.wikidata.org/entity/Q114655848,university-teacher,organization
5314,http://www.wikidata.org/entity/Q11466238,historian,publisher
5320,http://www.wikidata.org/entity/Q11469104,historian,university
5337,http://www.wikidata.org/entity/Q114750745,writer,publisher
5338,http://www.wikidata.org/entity/Q11475362,university-teacher,education
5349,http://www.wikidata.org/entity/Q1148314,university-teacher,university
5350,http://www.wikidata.org/entity/Q114841911,educator,education
5356,http://www.wikidata.org/entity/Q11486870,politician,university
5358,http://www.wikidata.org/entity/Q11488108,university-teacher,publisher
5362,http://www.wikidata.org/entity/Q114956939,university-teacher,other
5363,http://www.wikidata.org/entity/Q114963472,university-teacher,publisher
5365,http://www.wikidata.org/entity/Q114968683,historian,publisher
5366,http://www.wikidata.org/entity/Q11496984,lighting-designer,publisher
5368,http://www.wikidata.org/entity/Q114976,university-teacher,publisher
5374,http://www.wikidata.org/entity/Q115021,university-teacher,university
5379,http://www.wikidata.org/entity/Q115051893,university-teacher,university
5380,http://www.wikidata.org/entity/Q115069,university-teacher,university
5390,http://www.wikidata.org/entity/Q115123062,sexologist,education
5393,http://www.wikidata.org/entity/Q115131744,academic,education
5394,http://www.wikidata.org/entity/Q115132373,university-teacher,publisher
5395,http://www.wikidata.org/entity/Q115133478,university-teacher,education
5396,http://www.wikidata.org/entity/Q11513515,university-teacher,publisher
5398,http://www.wikidata.org/entity/Q115157445,professor,education
5399,http://www.wikidata.org/entity/Q115161063,university-teacher,publisher
5407,http://www.wikidata.org/entity/Q11518988,university-teacher,publisher
5410,http://www.wikidata.org/entity/Q115196165,translator,university
5411,http://www.wikidata.org/entity/Q115198569,researcher,other
5414,http://www.wikidata.org/entity/Q11520634,pedagogue,university
5417,http://www.wikidata.org/entity/Q11522129,university-teacher,publisher
5420,http://www.wikidata.org/entity/Q115239167,university-teacher,education
5422,http://www.wikidata.org/entity/Q115240510,university-teacher,education
5426,http://www.wikidata.org/entity/Q115264608,university-teacher,university
5427,http://www.wikidata.org/entity/Q115264737,university-teacher,publisher
5428,http://www.wikidata.org/entity/Q115268452,official,education
5436,http://www.wikidata.org/entity/Q115324998,writer,education
5456,http://www.wikidata.org/entity/Q115433071,journalist,education
5459,http://www.wikidata.org/entity/Q11543774,reporter,publisher
5462,http://www.wikidata.org/entity/Q11544101,professor,publisher
5470,http://www.wikidata.org/entity/Q115474139,university-teacher,education
5473,http://www.wikidata.org/entity/Q115484602,cultural-anthropologist,institute
5482,http://www.wikidata.org/entity/Q115510155,researcher,publisher
5483,http://www.wikidata.org/entity/Q115512287,university-teacher,institute
5512,http://www.wikidata.org/entity/Q115622757,university-teacher,education
5536,http://www.wikidata.org/entity/Q115693700,researcher,education
5542,http://www.wikidata.org/entity/Q115740458,social-historian,publisher
5545,http://www.wikidata.org/entity/Q11575309,historian,publisher
5554,http://www.wikidata.org/entity/Q115779550,documentary-filmmaker,publisher
5557,http://www.wikidata.org/entity/Q115796504,university-teacher,publisher
5558,http://www.wikidata.org/entity/Q11579992,international-civil-servant,publisher
5573,http://www.wikidata.org/entity/Q115861385,political-scientist,education
5576,http://www.wikidata.org/entity/Q115866074,university-teacher,publisher
5592,http://www.wikidata.org/entity/Q115952257,university-teacher,GLAM
5593,http://www.wikidata.org/entity/Q115957395,researcher,publisher
5601,http://www.wikidata.org/entity/Q116001352,university-teacher,institute
5602,http://www.wikidata.org/entity/Q116003648,university-teacher,publisher
5606,http://www.wikidata.org/entity/Q116030028,political-scientist,publisher
5617,http://www.wikidata.org/entity/Q11614710,university-teacher,university
5623,http://www.wikidata.org/entity/Q116163550,university-teacher,university
5628,http://www.wikidata.org/entity/Q116183551,academic-administrator,education
5630,http://www.wikidata.org/entity/Q116185538,university-teacher,university
5631,http://www.wikidata.org/entity/Q116186384,demographer,education
5641,http://www.wikidata.org/entity/Q11620590,university-teacher,publisher
5659,http://www.wikidata.org/entity/Q116281716,historian,organization
5683,http://www.wikidata.org/entity/Q116458251,catholic-priest,other
5692,http://www.wikidata.org/entity/Q116486060,university-teacher,university
5693,http://www.wikidata.org/entity/Q116486924,university-teacher,organization
5700,http://www.wikidata.org/entity/Q1165138,writer,GLAM
5701,http://www.wikidata.org/entity/Q116529106,university-teacher,publisher
5710,http://www.wikidata.org/entity/Q1165735,writer,publisher
5713,http://www.wikidata.org/entity/Q1165910,writer,education
5714,http://www.wikidata.org/entity/Q11659529,media-scholar,university
5717,http://www.wikidata.org/entity/Q116618782,social-scientist,university
5722,http://www.wikidata.org/entity/Q116657656,university-teacher,institute
5729,http://www.wikidata.org/entity/Q11669620,economist,university
5738,http://www.wikidata.org/entity/Q116731338,university-teacher,education
5741,http://www.wikidata.org/entity/Q116737979,writer,institute
5743,http://www.wikidata.org/entity/Q116748726,researcher,publisher
5748,http://www.wikidata.org/entity/Q116766664,university-teacher,other
5750,http://www.wikidata.org/entity/Q116774181,university-teacher,education
5754,http://www.wikidata.org/entity/Q116786801,journalist,enterprise
5756,http://www.wikidata.org/entity/Q116789942,university-teacher,publisher
5759,http://www.wikidata.org/entity/Q116819469,university-teacher,organization
5764,http://www.wikidata.org/entity/Q116859728,university-teacher,education
5765,http://www.wikidata.org/entity/Q11686029,anthropologist,university
5766,http://www.wikidata.org/entity/Q11686153,university-teacher,publisher
5767,http://www.wikidata.org/entity/Q116864535,university-teacher,university
5770,http://www.wikidata.org/entity/Q116872078,docent,publisher
5774,http://www.wikidata.org/entity/Q116884448,university-teacher,university
5775,http://www.wikidata.org/entity/Q11688493,university-teacher,university
5781,http://www.wikidata.org/entity/Q11692880,social-activist,organization
5785,http://www.wikidata.org/entity/Q116937619,teacher,university
5787,http://www.wikidata.org/entity/Q1169492,university-teacher,publisher
5797,http://www.wikidata.org/entity/Q116987932,university-teacher,education
5798,http://www.wikidata.org/entity/Q116996530,researcher,publisher
5802,http://www.wikidata.org/entity/Q11701362,anthropologist,university
5809,http://www.wikidata.org/entity/Q11705066,writer,other
5811,http://www.wikidata.org/entity/Q117085803,university-teacher,publisher
5813,http://www.wikidata.org/entity/Q117089120,university-teacher,university
5822,http://www.wikidata.org/entity/Q11713930,university-teacher,publisher
5823,http://www.wikidata.org/entity/Q11714663,university-teacher,publisher
5825,http://www.wikidata.org/entity/Q11715369,university-teacher,university
5827,http://www.wikidata.org/entity/Q11715406,politician,institute
5829,http://www.wikidata.org/entity/Q11715609,university-teacher,university
5830,http://www.wikidata.org/entity/Q11715622,university-teacher,publisher
5831,http://www.wikidata.org/entity/Q11715643,researcher,institute
5835,http://www.wikidata.org/entity/Q11717596,political-scientist,other
5837,http://www.wikidata.org/entity/Q117184228,university-teacher,education
5839,http://www.wikidata.org/entity/Q11718708,ethicist,education
5840,http://www.wikidata.org/entity/Q11719048,university-teacher,university
5845,http://www.wikidata.org/entity/Q117196773,university-teacher,university
5849,http://www.wikidata.org/entity/Q11720343,university-teacher,publisher
5851,http://www.wikidata.org/entity/Q11720831,university-teacher,agency
5853,http://www.wikidata.org/entity/Q117221194,university-teacher,education
5861,http://www.wikidata.org/entity/Q117247584,university-teacher,education
5867,http://www.wikidata.org/entity/Q117259637,university-teacher,education
5868,http://www.wikidata.org/entity/Q11727360,criminologist,education
5876,http://www.wikidata.org/entity/Q11730001,university-teacher,publisher
5878,http://www.wikidata.org/entity/Q117304941,university-teacher,university
5880,http://www.wikidata.org/entity/Q11730872,philosopher,university
5883,http://www.wikidata.org/entity/Q11731049,philosopher,institute
5887,http://www.wikidata.org/entity/Q11731826,university-teacher,university
5888,http://www.wikidata.org/entity/Q117319583,writer,education
5892,http://www.wikidata.org/entity/Q117338363,linguist,education
5894,http://www.wikidata.org/entity/Q117356966,university-teacher,publisher
5896,http://www.wikidata.org/entity/Q11736470,university-teacher,other
5898,http://www.wikidata.org/entity/Q117377892,researcher,publisher
5900,http://www.wikidata.org/entity/Q11737860,university-teacher,publisher
5905,http://www.wikidata.org/entity/Q117415677,university-teacher,publisher
5908,http://www.wikidata.org/entity/Q1174385,university-teacher,education
5911,http://www.wikidata.org/entity/Q117469276,university-teacher,organization
5913,http://www.wikidata.org/entity/Q1174707,university-teacher,education
5920,http://www.wikidata.org/entity/Q11749301,historian,publisher
5921,http://www.wikidata.org/entity/Q11749343,university-teacher,university
5924,http://www.wikidata.org/entity/Q11749433,ethnologist,publisher
5925,http://www.wikidata.org/entity/Q11749606,university-teacher,university
5926,http://www.wikidata.org/entity/Q11749857,university-teacher,organization
5927,http://www.wikidata.org/entity/Q1175031,university-teacher,publisher
5929,http://www.wikidata.org/entity/Q1175310,university-teacher,education
5930,http://www.wikidata.org/entity/Q11753467,university-teacher,academy
5931,http://www.wikidata.org/entity/Q11753512,politician,university
5935,http://www.wikidata.org/entity/Q11754998,university-teacher,education
5939,http://www.wikidata.org/entity/Q1175548,university-teacher,education
5942,http://www.wikidata.org/entity/Q117599167,university-teacher,publisher
5943,http://www.wikidata.org/entity/Q117600,political-scientist,publisher
5945,http://www.wikidata.org/entity/Q117624126,university-teacher,education
5946,http://www.wikidata.org/entity/Q117624398,university-teacher,education
5947,http://www.wikidata.org/entity/Q117624478,university-teacher,education
5951,http://www.wikidata.org/entity/Q11765330,university-teacher,agency
5955,http://www.wikidata.org/entity/Q11768475,journalist,university
5956,http://www.wikidata.org/entity/Q11768497,university-teacher,organization
5957,http://www.wikidata.org/entity/Q11768615,politician,publisher
5958,http://www.wikidata.org/entity/Q11768754,university-teacher,publisher
5960,http://www.wikidata.org/entity/Q11768892,researcher,university
5962,http://www.wikidata.org/entity/Q11769203,historian,institution
5964,http://www.wikidata.org/entity/Q11769485,anthropologist,institute
5965,http://www.wikidata.org/entity/Q11770149,historian,university
5967,http://www.wikidata.org/entity/Q1177019,university-teacher,education
5968,http://www.wikidata.org/entity/Q11770546,university-teacher,university
5970,http://www.wikidata.org/entity/Q117707132,university-teacher,organization
5973,http://www.wikidata.org/entity/Q11772228,queer-theorist,publisher
5974,http://www.wikidata.org/entity/Q11772263,politician,institute
5977,http://www.wikidata.org/entity/Q117751162,university-teacher,organization
5978,http://www.wikidata.org/entity/Q11775942,politician,university
5986,http://www.wikidata.org/entity/Q1177958,historian,education
5987,http://www.wikidata.org/entity/Q11780035,economist,university
5993,http://www.wikidata.org/entity/Q117819925,professor,university
5994,http://www.wikidata.org/entity/Q11781996,university-teacher,university
5999,http://www.wikidata.org/entity/Q117860987,university-teacher,university
6003,http://www.wikidata.org/entity/Q117865667,politician,education
6007,http://www.wikidata.org/entity/Q117886538,university-teacher,organization
6008,http://www.wikidata.org/entity/Q1178903,university-teacher,university
6016,http://www.wikidata.org/entity/Q117968516,university-teacher,institute
6017,http://www.wikidata.org/entity/Q118017,university-teacher,agency
6021,http://www.wikidata.org/entity/Q11814380,historian,university
6024,http://www.wikidata.org/entity/Q11814554,university-teacher,education
6027,http://www.wikidata.org/entity/Q118163361,author,enterprise
6028,http://www.wikidata.org/entity/Q11817338,university-teacher,publisher
6029,http://www.wikidata.org/entity/Q11817487,university-teacher,publisher
6034,http://www.wikidata.org/entity/Q11818153,politician,agency
6035,http://www.wikidata.org/entity/Q11818300,film-scholar,publisher
6036,http://www.wikidata.org/entity/Q118189981,researcher,other
6037,http://www.wikidata.org/entity/Q118190636,docent,education
6038,http://www.wikidata.org/entity/Q118196467,architect,organization
6041,http://www.wikidata.org/entity/Q118247780,university-teacher,publisher
6047,http://www.wikidata.org/entity/Q11836181,university-teacher,publisher
6051,http://www.wikidata.org/entity/Q11837035,university-teacher,education
6052,http://www.wikidata.org/entity/Q118383987,writer,institute
6058,http://www.wikidata.org/entity/Q118541628,university-teacher,publisher
6063,http://www.wikidata.org/entity/Q118611907,university-teacher,university
6070,http://www.wikidata.org/entity/Q11865956,writer,organization
6074,http://www.wikidata.org/entity/Q11867189,lutheran-pastor,organization
6075,http://www.wikidata.org/entity/Q11867682,university-teacher,agency
6081,http://www.wikidata.org/entity/Q118732608,ethnographer,publisher
6084,http://www.wikidata.org/entity/Q118760,university-teacher,publisher
6090,http://www.wikidata.org/entity/Q11882740,professor,publisher
6093,http://www.wikidata.org/entity/Q11887114,university-teacher,university
6094,http://www.wikidata.org/entity/Q11887504,researcher,university
6095,http://www.wikidata.org/entity/Q11887511,journalist,university
6096,http://www.wikidata.org/entity/Q11887541,university-teacher,university
6097,http://www.wikidata.org/entity/Q11887553,university-teacher,university
6100,http://www.wikidata.org/entity/Q118909138,social-scientist,education
6101,http://www.wikidata.org/entity/Q118913119,university-teacher,publisher
6107,http://www.wikidata.org/entity/Q118963066,researcher,university
6108,http://www.wikidata.org/entity/Q11897994,university-teacher,education
6111,http://www.wikidata.org/entity/Q11905513,politician,publisher
6114,http://www.wikidata.org/entity/Q119139,university-teacher,agency
6116,http://www.wikidata.org/entity/Q119166,university-teacher,education
6121,http://www.wikidata.org/entity/Q11924086,politician,other
6126,http://www.wikidata.org/entity/Q119346868,anthropologist,education
6127,http://www.wikidata.org/entity/Q11935544,university-teacher,publisher
6132,http://www.wikidata.org/entity/Q11946746,university-teacher,publisher
6133,http://www.wikidata.org/entity/Q1195380,university-teacher,education
6134,http://www.wikidata.org/entity/Q11954607,university-teacher,publisher
6135,http://www.wikidata.org/entity/Q1195523,writer,education
6141,http://www.wikidata.org/entity/Q11960758,university-teacher,publisher
6147,http://www.wikidata.org/entity/Q119703657,university-teacher,university
6162,http://www.wikidata.org/entity/Q11982027,writer,publisher
6166,http://www.wikidata.org/entity/Q11987806,rapper,publisher
6171,http://www.wikidata.org/entity/Q11993326,university-teacher,publisher
6177,http://www.wikidata.org/entity/Q11997421,non-fiction-writer,publisher
6179,http://www.wikidata.org/entity/Q119983730,university-teacher,publisher
6184,http://www.wikidata.org/entity/Q12002123,writer,institution
6186,http://www.wikidata.org/entity/Q12005547,university-teacher,publisher
6194,http://www.wikidata.org/entity/Q1201272,university-teacher,university
6195,http://www.wikidata.org/entity/Q1201285,university-teacher,university
6196,http://www.wikidata.org/entity/Q1201326,university-teacher,agency
6198,http://www.wikidata.org/entity/Q1201418,university-teacher,university
6199,http://www.wikidata.org/entity/Q1201440,university-teacher,university
6200,http://www.wikidata.org/entity/Q120169,university-teacher,publisher
6204,http://www.wikidata.org/entity/Q12017696,politician,publisher
6206,http://www.wikidata.org/entity/Q12018972,university-teacher,publisher
6208,http://www.wikidata.org/entity/Q120197341,historian,publisher
6210,http://www.wikidata.org/entity/Q12021481,university-teacher,publisher
6226,http://www.wikidata.org/entity/Q12025777,pedagogue,publisher
6227,http://www.wikidata.org/entity/Q12025994,writer,publisher
6228,http://www.wikidata.org/entity/Q120269427,historian,education
6229,http://www.wikidata.org/entity/Q12027125,politician,university
6236,http://www.wikidata.org/entity/Q12034260,historian,publisher
6237,http://www.wikidata.org/entity/Q12037105,university-teacher,publisher
6238,http://www.wikidata.org/entity/Q12037479,pedagogue,publisher
6242,http://www.wikidata.org/entity/Q120432018,writer,education
6252,http://www.wikidata.org/entity/Q120484422,dissident,education
6260,http://www.wikidata.org/entity/Q12058711,university-teacher,publisher
6266,http://www.wikidata.org/entity/Q120598098,trade-unionist,organization
6267,http://www.wikidata.org/entity/Q120598974,university-teacher,university
6269,http://www.wikidata.org/entity/Q120599758,university-teacher,publisher
6274,http://www.wikidata.org/entity/Q120634647,university-teacher,publisher
6275,http://www.wikidata.org/entity/Q120637406,university-teacher,education
6276,http://www.wikidata.org/entity/Q120638730,university-teacher,GLAM
6278,http://www.wikidata.org/entity/Q120640252,university-teacher,education
6279,http://www.wikidata.org/entity/Q120646044,writer,other
6283,http://www.wikidata.org/entity/Q120727550,university-teacher,organization
6284,http://www.wikidata.org/entity/Q120728617,university-teacher,university
6287,http://www.wikidata.org/entity/Q12073170,university-teacher,publisher
6290,http://www.wikidata.org/entity/Q120750974,university-teacher,university
6293,http://www.wikidata.org/entity/Q120756773,economist,other
6297,http://www.wikidata.org/entity/Q12078329,university-teacher,university
6299,http://www.wikidata.org/entity/Q12079548,university-teacher,publisher
6303,http://www.wikidata.org/entity/Q120805180,university-teacher,education
6304,http://www.wikidata.org/entity/Q12082466,philosopher,university
6307,http://www.wikidata.org/entity/Q120847917,economist,organization
6308,http://www.wikidata.org/entity/Q120858819,university-teacher,publisher
6312,http://www.wikidata.org/entity/Q12094137,university-teacher,university
6325,http://www.wikidata.org/entity/Q12109526,politician,education
6326,http://www.wikidata.org/entity/Q121095845,economist,institute
6328,http://www.wikidata.org/entity/Q121138419,university-teacher,education
6329,http://www.wikidata.org/entity/Q121147553,writer,organization
6335,http://www.wikidata.org/entity/Q121222,university-teacher,publisher
6337,http://www.wikidata.org/entity/Q12123813,university-teacher,education
6338,http://www.wikidata.org/entity/Q121239,university-teacher,agency
6345,http://www.wikidata.org/entity/Q12134692,university-teacher,organization
6347,http://www.wikidata.org/entity/Q121354850,university-teacher,publisher
6355,http://www.wikidata.org/entity/Q121438956,university-teacher,publisher
6356,http://www.wikidata.org/entity/Q121438962,university-teacher,university
6362,http://www.wikidata.org/entity/Q121498225,university-teacher,university
6363,http://www.wikidata.org/entity/Q12152738,university-teacher,education
6367,http://www.wikidata.org/entity/Q1215723,university-teacher,publisher
6374,http://www.wikidata.org/entity/Q121631055,researcher,education
6376,http://www.wikidata.org/entity/Q12166415,journalist,university
6377,http://www.wikidata.org/entity/Q12166682,cultural-studies-scholar,publisher
6382,http://www.wikidata.org/entity/Q121707,university-teacher,academy
6383,http://www.wikidata.org/entity/Q12171080,writer,university
6384,http://www.wikidata.org/entity/Q12172508,politician,institution
6389,http://www.wikidata.org/entity/Q12181581,writer,publisher
6394,http://www.wikidata.org/entity/Q121930997,university-teacher,university
6397,http://www.wikidata.org/entity/Q122011384,university-teacher,education
6400,http://www.wikidata.org/entity/Q122124,university-teacher,university
6403,http://www.wikidata.org/entity/Q122189992,university-teacher,education
6404,http://www.wikidata.org/entity/Q1221996,university-teacher,university
6406,http://www.wikidata.org/entity/Q1222118,university-teacher,publisher
6409,http://www.wikidata.org/entity/Q1222552,university-teacher,university
6410,http://www.wikidata.org/entity/Q1222582,university-teacher,university
6414,http://www.wikidata.org/entity/Q12230207,university-teacher,education
6417,http://www.wikidata.org/entity/Q1223876,politician,agency
6421,http://www.wikidata.org/entity/Q122517,university-teacher,publisher
6424,http://www.wikidata.org/entity/Q1225738,university-teacher,education
6430,http://www.wikidata.org/entity/Q12260477,university-teacher,publisher
6431,http://www.wikidata.org/entity/Q12260753,university-teacher,publisher
6432,http://www.wikidata.org/entity/Q12260827,university-teacher,publisher
6436,http://www.wikidata.org/entity/Q12263097,university-teacher,organization
6438,http://www.wikidata.org/entity/Q12268853,university-teacher,publisher
6439,http://www.wikidata.org/entity/Q122700391,university-teacher,education
6444,http://www.wikidata.org/entity/Q12273368,university-teacher,university
6445,http://www.wikidata.org/entity/Q12273859,university-teacher,publisher
6447,http://www.wikidata.org/entity/Q122766126,university-teacher,publisher
6450,http://www.wikidata.org/entity/Q1227750,university-teacher,other
6452,http://www.wikidata.org/entity/Q1227902,university-teacher,university
6454,http://www.wikidata.org/entity/Q1227993,university-teacher,agency
6456,http://www.wikidata.org/entity/Q12280968,university-teacher,publisher
6459,http://www.wikidata.org/entity/Q122817,university-teacher,university
6460,http://www.wikidata.org/entity/Q122818488,economist,school
6462,http://www.wikidata.org/entity/Q122828285,university-teacher,publisher
6466,http://www.wikidata.org/entity/Q122841608,university-teacher,education
6467,http://www.wikidata.org/entity/Q122845557,political-scientist,publisher
6473,http://www.wikidata.org/entity/Q12290292,university-teacher,publisher
6474,http://www.wikidata.org/entity/Q12290345,university-teacher,publisher
6484,http://www.wikidata.org/entity/Q1229796,university-teacher,university
6488,http://www.wikidata.org/entity/Q123003523,director,academy
6493,http://www.wikidata.org/entity/Q1230297,university-teacher,university
6498,http://www.wikidata.org/entity/Q123054795,university-teacher,organization
6499,http://www.wikidata.org/entity/Q123054837,university-teacher,publisher
6504,http://www.wikidata.org/entity/Q12310355,economist,education
6506,http://www.wikidata.org/entity/Q123110562,university-teacher,publisher
6507,http://www.wikidata.org/entity/Q12311550,criminologist,organization
6509,http://www.wikidata.org/entity/Q123126574,university-teacher,GLAM
6510,http://www.wikidata.org/entity/Q123137855,university-teacher,GLAM
6512,http://www.wikidata.org/entity/Q123149885,university-teacher,university
6514,http://www.wikidata.org/entity/Q123167118,essayist,university
6520,http://www.wikidata.org/entity/Q12319096,researcher,publisher
6526,http://www.wikidata.org/entity/Q123224555,university-teacher,institute
6529,http://www.wikidata.org/entity/Q123231696,docent,university
6531,http://www.wikidata.org/entity/Q12323798,university-teacher,publisher
6532,http://www.wikidata.org/entity/Q1232382,university-teacher,publisher
6540,http://www.wikidata.org/entity/Q12324870,university-teacher,education
6544,http://www.wikidata.org/entity/Q123257587,university-teacher,university
6547,http://www.wikidata.org/entity/Q123261975,university-teacher,university
6548,http://www.wikidata.org/entity/Q12326558,researcher,university
6549,http://www.wikidata.org/entity/Q123266738,university-teacher,education
6554,http://www.wikidata.org/entity/Q12330890,political-scientist,publisher
6556,http://www.wikidata.org/entity/Q123315760,university-teacher,publisher
6562,http://www.wikidata.org/entity/Q12335117,writer,other
6564,http://www.wikidata.org/entity/Q123358831,historian,GLAM
6568,http://www.wikidata.org/entity/Q12337206,surveyor,publisher
6572,http://www.wikidata.org/entity/Q123375741,anthropologist,education
6573,http://www.wikidata.org/entity/Q123378618,university-teacher,GLAM
6585,http://www.wikidata.org/entity/Q123412960,university-teacher,institute
6588,http://www.wikidata.org/entity/Q12343815,judge,organization
6599,http://www.wikidata.org/entity/Q12348470,politician,publisher
6601,http://www.wikidata.org/entity/Q123488,university-teacher,university
6602,http://www.wikidata.org/entity/Q123492570,university-teacher,university
6613,http://www.wikidata.org/entity/Q12352812,university-teacher,education
6616,http://www.wikidata.org/entity/Q123536880,university-teacher,publisher
6623,http://www.wikidata.org/entity/Q1235646,university-teacher,university
6627,http://www.wikidata.org/entity/Q123570450,university-teacher,agency
6640,http://www.wikidata.org/entity/Q123643635,university-teacher,organization
6642,http://www.wikidata.org/entity/Q123651969,researcher,university
6643,http://www.wikidata.org/entity/Q12365804,politician,university
6645,http://www.wikidata.org/entity/Q12366159,historian,university
6646,http://www.wikidata.org/entity/Q123674057,university-teacher,publisher
6653,http://www.wikidata.org/entity/Q12369825,economist,university
6657,http://www.wikidata.org/entity/Q123706,university-teacher,publisher
6658,http://www.wikidata.org/entity/Q12372061,philosopher,university
6664,http://www.wikidata.org/entity/Q12373451,politician,organization
6666,http://www.wikidata.org/entity/Q123745498,university-teacher,organization
6672,http://www.wikidata.org/entity/Q123764053,historian,publisher
6678,http://www.wikidata.org/entity/Q12378805,historian,university
6679,http://www.wikidata.org/entity/Q12379642,politician,university
6683,http://www.wikidata.org/entity/Q123861,university-teacher,publisher
6685,http://www.wikidata.org/entity/Q123881,university-teacher,university
6687,http://www.wikidata.org/entity/Q12388364,university-teacher,publisher
6693,http://www.wikidata.org/entity/Q12392467,politician,publisher
6697,http://www.wikidata.org/entity/Q123983854,art-critic,publisher
6698,http://www.wikidata.org/entity/Q123985705,university-teacher,institute
6699,http://www.wikidata.org/entity/Q1239894,university-teacher,university
6704,http://www.wikidata.org/entity/Q1240178,political-scientist,education
6705,http://www.wikidata.org/entity/Q12401848,university-teacher,organization
6706,http://www.wikidata.org/entity/Q1240240,university-teacher,education
6707,http://www.wikidata.org/entity/Q1240243,university-teacher,education
6711,http://www.wikidata.org/entity/Q12403614,historian,university
6712,http://www.wikidata.org/entity/Q12403622,activist,publisher
6713,http://www.wikidata.org/entity/Q12403627,researcher,publisher
6714,http://www.wikidata.org/entity/Q12403965,anthropologist,publisher
6720,http://www.wikidata.org/entity/Q12404828,university-teacher,university
6721,http://www.wikidata.org/entity/Q124051075,university-teacher,organization
6727,http://www.wikidata.org/entity/Q12405758,university-teacher,university
6731,http://www.wikidata.org/entity/Q12407465,university-teacher,publisher
6733,http://www.wikidata.org/entity/Q12408597,researcher,education
6736,http://www.wikidata.org/entity/Q12409103,political-philosopher,publisher
6746,http://www.wikidata.org/entity/Q124155748,university-teacher,university
6755,http://www.wikidata.org/entity/Q124253679,university-teacher,organization
6758,http://www.wikidata.org/entity/Q124257395,journalist,newspaper
6761,http://www.wikidata.org/entity/Q124302833,university-teacher,organization
6766,http://www.wikidata.org/entity/Q124322,university-teacher,organization
6767,http://www.wikidata.org/entity/Q124324361,university-teacher,education
6769,http://www.wikidata.org/entity/Q124333,university-teacher,publisher
6772,http://www.wikidata.org/entity/Q124342182,researcher,publisher
6780,http://www.wikidata.org/entity/Q124373465,university-teacher,publisher
6782,http://www.wikidata.org/entity/Q124377669,university-teacher,organization
6785,http://www.wikidata.org/entity/Q124389041,university-teacher,publisher
6786,http://www.wikidata.org/entity/Q124389113,university-teacher,organization
6787,http://www.wikidata.org/entity/Q124389130,university-teacher,university
6788,http://www.wikidata.org/entity/Q124389204,university-teacher,publisher
6789,http://www.wikidata.org/entity/Q124389744,university-teacher,university
6790,http://www.wikidata.org/entity/Q124389787,university-teacher,university
6791,http://www.wikidata.org/entity/Q124389855,university-teacher,GLAM
6793,http://www.wikidata.org/entity/Q124393433,university-teacher,organization
6809,http://www.wikidata.org/entity/Q1245119,university-teacher,publisher
6814,http://www.wikidata.org/entity/Q124545087,university-teacher,education
6860,http://www.wikidata.org/entity/Q1246400,university-teacher,university
6861,http://www.wikidata.org/entity/Q124640634,university-teacher,organization
6875,http://www.wikidata.org/entity/Q124647016,university-teacher,education
6876,http://www.wikidata.org/entity/Q124650383,university-teacher,education
6878,http://www.wikidata.org/entity/Q124658434,university-teacher,institution
6888,http://www.wikidata.org/entity/Q1246997,university-teacher,university
6895,http://www.wikidata.org/entity/Q124735952,university-teacher,organization
6899,http://www.wikidata.org/entity/Q124739573,university-teacher,publisher
6900,http://www.wikidata.org/entity/Q1247398,university-teacher,education
6909,http://www.wikidata.org/entity/Q124839472,politician,other
6915,http://www.wikidata.org/entity/Q1248569,university-teacher,publisher
6924,http://www.wikidata.org/entity/Q12497962,researcher,publisher
6925,http://www.wikidata.org/entity/Q124985049,university-teacher,publisher
6930,http://www.wikidata.org/entity/Q1249891,university-teacher,education
6931,http://www.wikidata.org/entity/Q1250349,university-teacher,education
6932,http://www.wikidata.org/entity/Q125048,university-teacher,university
6937,http://www.wikidata.org/entity/Q125128,writer,education
6941,http://www.wikidata.org/entity/Q12521181,civil-servant,publisher
6942,http://www.wikidata.org/entity/Q12523640,university-teacher,publisher
6943,http://www.wikidata.org/entity/Q125239,university-teacher,university
6944,http://www.wikidata.org/entity/Q1252392,university-teacher,education
6945,http://www.wikidata.org/entity/Q1252413,university-teacher,publisher
6957,http://www.wikidata.org/entity/Q125360766,psychologist,publisher
6962,http://www.wikidata.org/entity/Q125391896,university-teacher,publisher
6973,http://www.wikidata.org/entity/Q125417501,researcher,organization
6976,http://www.wikidata.org/entity/Q1254323,university-teacher,education
6979,http://www.wikidata.org/entity/Q125460929,university-teacher,institute
6984,http://www.wikidata.org/entity/Q125498377,university-teacher,university
6986,http://www.wikidata.org/entity/Q125511310,writer,education
6988,http://www.wikidata.org/entity/Q125526770,university-teacher,publisher
6989,http://www.wikidata.org/entity/Q125543455,university-teacher,education
6990,http://www.wikidata.org/entity/Q125548266,university-teacher,education
6991,http://www.wikidata.org/entity/Q1255528,university-teacher,agency
6997,http://www.wikidata.org/entity/Q1255976,writer,institute
6999,http://www.wikidata.org/entity/Q125649911,university-teacher,education
7001,http://www.wikidata.org/entity/Q125676440,university-teacher,publisher
7010,http://www.wikidata.org/entity/Q125753936,researcher,publisher
7011,http://www.wikidata.org/entity/Q125756349,university-teacher,education
7016,http://www.wikidata.org/entity/Q125836,university-teacher,publisher
7017,http://www.wikidata.org/entity/Q125839395,professor,publisher
7027,http://www.wikidata.org/entity/Q12588223,academic,publisher
7043,http://www.wikidata.org/entity/Q126000482,university-teacher,school
7058,http://www.wikidata.org/entity/Q126076946,university-teacher,publisher
7063,http://www.wikidata.org/entity/Q12610592,politician,institute
7072,http://www.wikidata.org/entity/Q1261657,university-teacher,university
7076,http://www.wikidata.org/entity/Q1262309,university-teacher,university
7083,http://www.wikidata.org/entity/Q1263139,university-teacher,publisher
7084,http://www.wikidata.org/entity/Q1263206,university-teacher,university
7086,http://www.wikidata.org/entity/Q126326700,university-teacher,publisher
7087,http://www.wikidata.org/entity/Q126326947,university-teacher,publisher
7089,http://www.wikidata.org/entity/Q126365029,university-teacher,education
7090,http://www.wikidata.org/entity/Q126365122,academic,education
7093,http://www.wikidata.org/entity/Q126373681,researcher,education
7094,http://www.wikidata.org/entity/Q126374,university-teacher,education
7105,http://www.wikidata.org/entity/Q126476485,university-teacher,publisher
7106,http://www.wikidata.org/entity/Q1264831,university-teacher,publisher
7108,http://www.wikidata.org/entity/Q126488324,geographer,institute
7109,http://www.wikidata.org/entity/Q126519840,urban-sociologist,university
7111,http://www.wikidata.org/entity/Q126532,university-teacher,university
7114,http://www.wikidata.org/entity/Q1265475,researcher,education
7135,http://www.wikidata.org/entity/Q126886890,historian,newspaper
7136,http://www.wikidata.org/entity/Q126889958,musicologist,college
7137,http://www.wikidata.org/entity/Q126902271,university-teacher,university
7141,http://www.wikidata.org/entity/Q126923612,anthropologist,publisher
7143,http://www.wikidata.org/entity/Q126925022,university-teacher,school
7150,http://www.wikidata.org/entity/Q126965644,politician,publisher
7152,http://www.wikidata.org/entity/Q1269856,university-teacher,publisher
7156,http://www.wikidata.org/entity/Q127110505,university-teacher,institute
7157,http://www.wikidata.org/entity/Q1271239,university-teacher,education
7161,http://www.wikidata.org/entity/Q1271771,writer,university
7163,http://www.wikidata.org/entity/Q12720454,researcher,publisher
7166,http://www.wikidata.org/entity/Q12725495,philosopher,publisher
7167,http://www.wikidata.org/entity/Q12725838,historian,publisher
7175,http://www.wikidata.org/entity/Q12729246,politician,publisher
7178,http://www.wikidata.org/entity/Q1273492,university-teacher,education
7179,http://www.wikidata.org/entity/Q12735168,researcher,education
7183,http://www.wikidata.org/entity/Q12737676,philosopher,publisher
7187,http://www.wikidata.org/entity/Q12740294,anthropologist,publisher
7188,http://www.wikidata.org/entity/Q12742452,politician,publisher
7191,http://www.wikidata.org/entity/Q12744342,political-scientist,publisher
7200,http://www.wikidata.org/entity/Q127604526,translator,university
7201,http://www.wikidata.org/entity/Q127605824,anthropologist,publisher
7207,http://www.wikidata.org/entity/Q1277457,university-teacher,education
7244,http://www.wikidata.org/entity/Q1279952,university-teacher,publisher
7247,http://www.wikidata.org/entity/Q12800523,university-teacher,publisher
7253,http://www.wikidata.org/entity/Q12805780,psychologist,university
7259,http://www.wikidata.org/entity/Q12806582,university-teacher,publisher
7262,http://www.wikidata.org/entity/Q12810266,university-teacher,education
7263,http://www.wikidata.org/entity/Q1281258,university-teacher,university
7264,http://www.wikidata.org/entity/Q128126,writer,education
7266,http://www.wikidata.org/entity/Q1281359,university-teacher,university
7270,http://www.wikidata.org/entity/Q128179,university-teacher,education
7271,http://www.wikidata.org/entity/Q1282121,university-teacher,publisher
7278,http://www.wikidata.org/entity/Q1283460,university-teacher,publisher
7279,http://www.wikidata.org/entity/Q128402226,religious-studies-scholar,other
7281,http://www.wikidata.org/entity/Q1284587,university-teacher,agency
7282,http://www.wikidata.org/entity/Q12849928,opinion-journalist,organization
7287,http://www.wikidata.org/entity/Q1285852,university-teacher,education
7288,http://www.wikidata.org/entity/Q12859528,university-teacher,education
7291,http://www.wikidata.org/entity/Q1286248,university-teacher,publisher
7293,http://www.wikidata.org/entity/Q128652093,university-teacher,organization
7296,http://www.wikidata.org/entity/Q12872875,university-teacher,publisher
7300,http://www.wikidata.org/entity/Q12879717,university-teacher,education
7301,http://www.wikidata.org/entity/Q1287980,university-teacher,publisher
7303,http://www.wikidata.org/entity/Q12881664,university-teacher,organization
7304,http://www.wikidata.org/entity/Q128838701,university-teacher,publisher
7310,http://www.wikidata.org/entity/Q12891927,university-teacher,university
7316,http://www.wikidata.org/entity/Q1290495,university-teacher,university
7318,http://www.wikidata.org/entity/Q1290654,university-teacher,publisher
7319,http://www.wikidata.org/entity/Q129133,political-scientist,institute
7321,http://www.wikidata.org/entity/Q1291869,university-teacher,education
7325,http://www.wikidata.org/entity/Q129273,politician,education
7326,http://www.wikidata.org/entity/Q1292871,university-teacher,university
7327,http://www.wikidata.org/entity/Q1293447,writer,agency
7330,http://www.wikidata.org/entity/Q1293632,university-teacher,school
7332,http://www.wikidata.org/entity/Q129485966,university-teacher,university
7341,http://www.wikidata.org/entity/Q1298461,university-teacher,agency
7353,http://www.wikidata.org/entity/Q130064,university-teacher,education
7355,http://www.wikidata.org/entity/Q130207171,writer,publisher
7359,http://www.wikidata.org/entity/Q130234038,university-teacher,publisher
7361,http://www.wikidata.org/entity/Q1302653,university-teacher,university
7365,http://www.wikidata.org/entity/Q130280904,university-teacher,publisher
7367,http://www.wikidata.org/entity/Q130284730,university-teacher,university
7368,http://www.wikidata.org/entity/Q13029422,university-teacher,institute
7377,http://www.wikidata.org/entity/Q13032999,pedagogue,other
7378,http://www.wikidata.org/entity/Q130332976,political-scientist,education
7381,http://www.wikidata.org/entity/Q130344613,historian,education
7383,http://www.wikidata.org/entity/Q130348205,university-teacher,education
7391,http://www.wikidata.org/entity/Q130418177,adviser,university
7394,http://www.wikidata.org/entity/Q1304249,university-teacher,institute
7401,http://www.wikidata.org/entity/Q1304734,university-teacher,education
7410,http://www.wikidata.org/entity/Q1305409,university-teacher,education
7411,http://www.wikidata.org/entity/Q13054877,historian,school
7416,http://www.wikidata.org/entity/Q1305581,university-teacher,organization
7418,http://www.wikidata.org/entity/Q1306233,university-teacher,publisher
7427,http://www.wikidata.org/entity/Q130729147,researcher,institute
7431,http://www.wikidata.org/entity/Q130739317,university-teacher,university
7453,http://www.wikidata.org/entity/Q130852724,university-teacher,education
7457,http://www.wikidata.org/entity/Q1308983,university-teacher,agency
7458,http://www.wikidata.org/entity/Q130917,university-teacher,publisher
7459,http://www.wikidata.org/entity/Q130933672,university-teacher,organization
7465,http://www.wikidata.org/entity/Q1311385,university-teacher,publisher
7466,http://www.wikidata.org/entity/Q131147121,university-teacher,education
7467,http://www.wikidata.org/entity/Q131153390,university-teacher,education
7468,http://www.wikidata.org/entity/Q131153912,politician,enterprise
7472,http://www.wikidata.org/entity/Q1312340,university-teacher,university
7477,http://www.wikidata.org/entity/Q131285997,university-teacher,education
7478,http://www.wikidata.org/entity/Q131289156,university-teacher,organization
7484,http://www.wikidata.org/entity/Q13133,writer,education
7486,http://www.wikidata.org/entity/Q131340034,professor,publisher
7488,http://www.wikidata.org/entity/Q131361653,university-teacher,organization
7492,http://www.wikidata.org/entity/Q1313695,university-teacher,publisher
7505,http://www.wikidata.org/entity/Q13138751,university-teacher,university
7508,http://www.wikidata.org/entity/Q131397344,university-teacher,institute
7513,http://www.wikidata.org/entity/Q131419984,professor,publisher
7516,http://www.wikidata.org/entity/Q131426838,university-teacher,university
7519,http://www.wikidata.org/entity/Q131433060,university-teacher,publisher
7521,http://www.wikidata.org/entity/Q131454122,university-teacher,organization
7525,http://www.wikidata.org/entity/Q1314844,university-teacher,publisher
7534,http://www.wikidata.org/entity/Q131548878,university-teacher,education
7538,http://www.wikidata.org/entity/Q131578249,university-teacher,publisher
7544,http://www.wikidata.org/entity/Q131622322,university-teacher,education
7547,http://www.wikidata.org/entity/Q1316427,university-teacher,education
7548,http://www.wikidata.org/entity/Q131674885,social-scientist,agency
7549,http://www.wikidata.org/entity/Q131676954,philosopher,publisher
7555,http://www.wikidata.org/entity/Q131693937,university-teacher,university
7558,http://www.wikidata.org/entity/Q131697795,librarian,publisher
7561,http://www.wikidata.org/entity/Q131709317,university-teacher,education
7563,http://www.wikidata.org/entity/Q131746672,philosopher,education
7570,http://www.wikidata.org/entity/Q131805,writer,education
7580,http://www.wikidata.org/entity/Q1319227,university-teacher,publisher
7581,http://www.wikidata.org/entity/Q131923280,university-teacher,publisher
7583,http://www.wikidata.org/entity/Q131926386,university-teacher,university
7585,http://www.wikidata.org/entity/Q131928217,university-teacher,institute
7586,http://www.wikidata.org/entity/Q131938932,university-teacher,education
7588,http://www.wikidata.org/entity/Q131990799,university-teacher,university
7590,http://www.wikidata.org/entity/Q13208932,scientist,education
7599,http://www.wikidata.org/entity/Q1322493,university-teacher,publisher
7600,http://www.wikidata.org/entity/Q132261250,university-teacher,publisher
7604,http://www.wikidata.org/entity/Q132295095,university-teacher,education
7605,http://www.wikidata.org/entity/Q1323100,writer,education
7606,http://www.wikidata.org/entity/Q132387352,political-economist,institute
7608,http://www.wikidata.org/entity/Q1324252,university-teacher,university
7611,http://www.wikidata.org/entity/Q132473591,university-teacher,organization
7614,http://www.wikidata.org/entity/Q132489,university-teacher,education
7617,http://www.wikidata.org/entity/Q1325206,university-teacher,publisher
7626,http://www.wikidata.org/entity/Q132731931,university-teacher,publisher
7638,http://www.wikidata.org/entity/Q132889023,university-teacher,publisher
7653,http://www.wikidata.org/entity/Q1330094,university-teacher,university
7654,http://www.wikidata.org/entity/Q133017900,university-teacher,organization
7662,http://www.wikidata.org/entity/Q1330696,university-teacher,publisher
7667,http://www.wikidata.org/entity/Q133187903,university-teacher,education
7668,http://www.wikidata.org/entity/Q133196933,university-teacher,education
7674,http://www.wikidata.org/entity/Q133253649,researcher,organization
7676,http://www.wikidata.org/entity/Q1332556,university-teacher,education
7688,http://www.wikidata.org/entity/Q133291261,sociological-theory,education
7693,http://www.wikidata.org/entity/Q1333105,university-teacher,education
7700,http://www.wikidata.org/entity/Q133401577,geographer,publisher
7701,http://www.wikidata.org/entity/Q133440712,university-teacher,university
7704,http://www.wikidata.org/entity/Q1334469,university-teacher,university
7706,http://www.wikidata.org/entity/Q133460974,philosopher,institute
7718,http://www.wikidata.org/entity/Q1335486,university-teacher,university
7723,http://www.wikidata.org/entity/Q133577023,university-teacher,publisher
7727,http://www.wikidata.org/entity/Q133582595,university-teacher,education
7731,http://www.wikidata.org/entity/Q133596951,university-teacher,organization
7733,http://www.wikidata.org/entity/Q133599829,university-teacher,education
7734,http://www.wikidata.org/entity/Q1335999,university-teacher,agency
7736,http://www.wikidata.org/entity/Q1336059,university-teacher,university
7746,http://www.wikidata.org/entity/Q133651624,criminologist,education
7753,http://www.wikidata.org/entity/Q133679242,university-teacher,education
7755,http://www.wikidata.org/entity/Q133680145,university-teacher,education
7762,http://www.wikidata.org/entity/Q133695401,researcher,university
7765,http://www.wikidata.org/entity/Q133713143,university-teacher,institute
7771,http://www.wikidata.org/entity/Q1337322,economist,institute
7780,http://www.wikidata.org/entity/Q133758810,anthropologist,education
7782,http://www.wikidata.org/entity/Q133761396,university-teacher,education
7783,http://www.wikidata.org/entity/Q133763257,university-teacher,education
7787,http://www.wikidata.org/entity/Q1337759,journalist,education
7801,http://www.wikidata.org/entity/Q1338467,university-teacher,university
7803,http://www.wikidata.org/entity/Q133852990,statistician,college
7804,http://www.wikidata.org/entity/Q133854184,scientist,publisher
7808,http://www.wikidata.org/entity/Q1338858,university-teacher,education
7809,http://www.wikidata.org/entity/Q1339072,university-teacher,education
7816,http://www.wikidata.org/entity/Q13410227,university-teacher,organization
7818,http://www.wikidata.org/entity/Q13412403,university-teacher,education
7819,http://www.wikidata.org/entity/Q13421197,university-teacher,education
7835,http://www.wikidata.org/entity/Q1343798,university-teacher,education
7842,http://www.wikidata.org/entity/Q1344166,university-teacher,education
7846,http://www.wikidata.org/entity/Q134454527,anthropologist,university
7847,http://www.wikidata.org/entity/Q13445805,university-teacher,education
7849,http://www.wikidata.org/entity/Q134468622,university-teacher,university
7866,http://www.wikidata.org/entity/Q134562130,university-teacher,enterprise
7882,http://www.wikidata.org/entity/Q134602920,university-teacher,university
7884,http://www.wikidata.org/entity/Q134612164,researcher,organization
7895,http://www.wikidata.org/entity/Q134732618,teacher,publisher
7899,http://www.wikidata.org/entity/Q134882605,university-teacher,university
7900,http://www.wikidata.org/entity/Q134888792,university-teacher,education
7905,http://www.wikidata.org/entity/Q1349514,university-teacher,education
7907,http://www.wikidata.org/entity/Q134961299,university-teacher,education
7912,http://www.wikidata.org/entity/Q135011330,researcher,publisher
7913,http://www.wikidata.org/entity/Q135038857,university-teacher,education
7915,http://www.wikidata.org/entity/Q135087642,politician,university
7916,http://www.wikidata.org/entity/Q1350955,university-teacher,publisher
7917,http://www.wikidata.org/entity/Q1351078,writer,university
7919,http://www.wikidata.org/entity/Q1351460,university-teacher,education
7921,http://www.wikidata.org/entity/Q1351843,writer,education
7923,http://www.wikidata.org/entity/Q135190515,teacher,organization
7933,http://www.wikidata.org/entity/Q135231595,university-teacher,other
7936,http://www.wikidata.org/entity/Q13524,historian,education
7937,http://www.wikidata.org/entity/Q135240335,professor,organization
7939,http://www.wikidata.org/entity/Q1352604,university-teacher,education
7946,http://www.wikidata.org/entity/Q1353488,university-teacher,agency
7947,http://www.wikidata.org/entity/Q1353651,university-teacher,education
7948,http://www.wikidata.org/entity/Q135410707,university-teacher,organization
7951,http://www.wikidata.org/entity/Q1354331,university-teacher,education
7954,http://www.wikidata.org/entity/Q135446757,university-teacher,publisher
7959,http://www.wikidata.org/entity/Q135466596,professor,publisher
7963,http://www.wikidata.org/entity/Q135477165,university-teacher,education
7964,http://www.wikidata.org/entity/Q135486910,data-scientist,education
7966,http://www.wikidata.org/entity/Q135495968,university-teacher,university
7968,http://www.wikidata.org/entity/Q135509997,writer,agency
7971,http://www.wikidata.org/entity/Q135529368,university-teacher,education
7972,http://www.wikidata.org/entity/Q135553031,teacher,organization
7974,http://www.wikidata.org/entity/Q135576,anthropologist,education
7977,http://www.wikidata.org/entity/Q1356346,university-teacher,publisher
7978,http://www.wikidata.org/entity/Q1356390,university-teacher,education
7980,http://www.wikidata.org/entity/Q1356426,university-teacher,publisher
7981,http://www.wikidata.org/entity/Q135643876,university-teacher,organization
7983,http://www.wikidata.org/entity/Q135652961,university-teacher,organization
7985,http://www.wikidata.org/entity/Q1356608,university-teacher,education
7986,http://www.wikidata.org/entity/Q1356786,university-teacher,publisher
7988,http://www.wikidata.org/entity/Q135684202,writer,newspaper
7995,http://www.wikidata.org/entity/Q1357080,university-teacher,publisher
7996,http://www.wikidata.org/entity/Q135727099,teacher,other
7997,http://www.wikidata.org/entity/Q13577172,activist,publisher
7998,http://www.wikidata.org/entity/Q1358153,university-teacher,college
8000,http://www.wikidata.org/entity/Q1358306,university-teacher,education
8003,http://www.wikidata.org/entity/Q1358769,university-teacher,publisher
8007,http://www.wikidata.org/entity/Q135920870,university-teacher,education
8012,http://www.wikidata.org/entity/Q135973801,university-teacher,publisher
8015,http://www.wikidata.org/entity/Q136030627,academic,publisher
8020,http://www.wikidata.org/entity/Q136085564,university-teacher,education
8024,http://www.wikidata.org/entity/Q1361073,anthropologist,education
8032,http://www.wikidata.org/entity/Q1361646,functionary,other
8034,http://www.wikidata.org/entity/Q1362257,university-teacher,organization
8037,http://www.wikidata.org/entity/Q136290852,university-teacher,education
8039,http://www.wikidata.org/entity/Q136296703,university-teacher,school
8042,http://www.wikidata.org/entity/Q1363346,university-teacher,education
8043,http://www.wikidata.org/entity/Q1363412,university-teacher,education
8048,http://www.wikidata.org/entity/Q136357310,university-teacher,publisher
8049,http://www.wikidata.org/entity/Q1363673,university-teacher,publisher
8052,http://www.wikidata.org/entity/Q136377449,university-teacher,education
8061,http://www.wikidata.org/entity/Q136410783,writer,university
8062,http://www.wikidata.org/entity/Q136411916,university-teacher,publisher
8068,http://www.wikidata.org/entity/Q1364566,university-teacher,university
8072,http://www.wikidata.org/entity/Q1364830,university-teacher,publisher
8074,http://www.wikidata.org/entity/Q13649815,anthropologist,education
8075,http://www.wikidata.org/entity/Q136498577,university-teacher,publisher
8078,http://www.wikidata.org/entity/Q136514674,researcher,other
8080,http://www.wikidata.org/entity/Q136528029,social-worker,agency
8082,http://www.wikidata.org/entity/Q136530290,author,organization
8085,http://www.wikidata.org/entity/Q13653411,university-teacher,organization
8089,http://www.wikidata.org/entity/Q1365573,university-teacher,education
8092,http://www.wikidata.org/entity/Q136571123,university-teacher,education
8099,http://www.wikidata.org/entity/Q136659080,researcher,other
8101,http://www.wikidata.org/entity/Q136664754,economist,publisher
8103,http://www.wikidata.org/entity/Q136665045,university-teacher,organization
8105,http://www.wikidata.org/entity/Q136668489,ethnologist,publisher
8106,http://www.wikidata.org/entity/Q136669298,university-teacher,education
8113,http://www.wikidata.org/entity/Q136708177,university-teacher,publisher
8117,http://www.wikidata.org/entity/Q136749060,writer,GLAM
8122,http://www.wikidata.org/entity/Q136782422,docent,education
8133,http://www.wikidata.org/entity/Q1369716,university-teacher,agency
8139,http://www.wikidata.org/entity/Q1370033,university-teacher,institute
8142,http://www.wikidata.org/entity/Q1370280,anthropologist,education
8143,http://www.wikidata.org/entity/Q1370370,university-teacher,organization
8147,http://www.wikidata.org/entity/Q1370828,university-teacher,publisher
8154,http://www.wikidata.org/entity/Q137169946,university-teacher,education
8159,http://www.wikidata.org/entity/Q137220293,writer,publisher
8160,http://www.wikidata.org/entity/Q1372422,university-teacher,university
8161,http://www.wikidata.org/entity/Q1372466,university-teacher,education
8172,http://www.wikidata.org/entity/Q13736798,university-teacher,university
8176,http://www.wikidata.org/entity/Q137374777,professor,education
8177,http://www.wikidata.org/entity/Q137376748,university-teacher,education
8182,http://www.wikidata.org/entity/Q137410089,teacher,college
8184,http://www.wikidata.org/entity/Q1374145,politician,publisher
8189,http://www.wikidata.org/entity/Q137452153,physiotherapist,education
8195,http://www.wikidata.org/entity/Q1374701,university-teacher,education
8199,http://www.wikidata.org/entity/Q137684718,university-teacher,university
8204,http://www.wikidata.org/entity/Q1377294,university-teacher,publisher
8206,http://www.wikidata.org/entity/Q137748128,university-teacher,education
8218,http://www.wikidata.org/entity/Q1378374,university-teacher,organization
8221,http://www.wikidata.org/entity/Q137847614,publisher,publisher
8223,http://www.wikidata.org/entity/Q137857735,university-teacher,education
8224,http://www.wikidata.org/entity/Q137858020,university-teacher,education
8228,http://www.wikidata.org/entity/Q137917805,university-teacher,university
8236,http://www.wikidata.org/entity/Q137994623,researcher,organization
8237,http://www.wikidata.org/entity/Q1379975,university-teacher,publisher
8244,http://www.wikidata.org/entity/Q138033640,university-teacher,education
8246,http://www.wikidata.org/entity/Q1381109,anthropologist,education
8249,http://www.wikidata.org/entity/Q1381875,university-teacher,publisher
8250,http://www.wikidata.org/entity/Q1381992,university-teacher,education
8251,http://www.wikidata.org/entity/Q1382371,university-teacher,college
8252,http://www.wikidata.org/entity/Q1382919,university-teacher,university
8256,http://www.wikidata.org/entity/Q138330678,university-teacher,institute
8265,http://www.wikidata.org/entity/Q138474799,university-teacher,education
8269,http://www.wikidata.org/entity/Q138548474,historian,publisher
8270,http://www.wikidata.org/entity/Q138562959,university-teacher,education
8274,http://www.wikidata.org/entity/Q1385952,university-teacher,school
8275,http://www.wikidata.org/entity/Q138607847,university-teacher,university
8276,http://www.wikidata.org/entity/Q1386131,writer,school
8277,http://www.wikidata.org/entity/Q138639311,teacher,other
8279,http://www.wikidata.org/entity/Q138650241,researcher,education
8280,http://www.wikidata.org/entity/Q138665631,university-teacher,publisher
8281,http://www.wikidata.org/entity/Q138665799,university-teacher,education
8282,http://www.wikidata.org/entity/Q138705202,journalist,agency
8283,http://www.wikidata.org/entity/Q138708917,psychologist,publisher
8284,http://www.wikidata.org/entity/Q138713621,researcher,education
8286,http://www.wikidata.org/entity/Q1387543,university-teacher,university
8287,http://www.wikidata.org/entity/Q1387640,university-teacher,university
8289,http://www.wikidata.org/entity/Q1388451,university-teacher,institute
8290,http://www.wikidata.org/entity/Q1390327,university-teacher,education
8291,http://www.wikidata.org/entity/Q1391013,university-teacher,education
8293,http://www.wikidata.org/entity/Q1392531,professor,education
8294,http://www.wikidata.org/entity/Q1392603,university-teacher,education
8298,http://www.wikidata.org/entity/Q1395706,university-teacher,education
8300,http://www.wikidata.org/entity/Q1396805,university-teacher,education
8303,http://www.wikidata.org/entity/Q1399635,university-teacher,education
8304,http://www.wikidata.org/entity/Q1399773,university-teacher,education
8305,http://www.wikidata.org/entity/Q139980,university-teacher,publisher
8307,http://www.wikidata.org/entity/Q1403442,university-teacher,university
8308,http://www.wikidata.org/entity/Q140355,university-teacher,publisher
8310,http://www.wikidata.org/entity/Q1404411,university-teacher,publisher
8311,http://www.wikidata.org/entity/Q14044437,politician,education
8312,http://www.wikidata.org/entity/Q1405664,university-teacher,publisher
8313,http://www.wikidata.org/entity/Q1405837,university-teacher,agency
8314,http://www.wikidata.org/entity/Q1405888,university-teacher,publisher
8315,http://www.wikidata.org/entity/Q1405916,university-teacher,education
8316,http://www.wikidata.org/entity/Q1406132,university-teacher,university
8318,http://www.wikidata.org/entity/Q1409440,university-teacher,organization
8319,http://www.wikidata.org/entity/Q1409691,university-teacher,publisher
8321,http://www.wikidata.org/entity/Q141037,writer,education
8322,http://www.wikidata.org/entity/Q1413094,university-teacher,education
8323,http://www.wikidata.org/entity/Q1414553,university-teacher,education
8325,http://www.wikidata.org/entity/Q1415785,university-teacher,education
8327,http://www.wikidata.org/entity/Q1417701,university-teacher,university
8328,http://www.wikidata.org/entity/Q1418051,university-teacher,publisher
8329,http://www.wikidata.org/entity/Q1420590,university-teacher,education
8331,http://www.wikidata.org/entity/Q1422020,university-teacher,education
8332,http://www.wikidata.org/entity/Q142304,writer,education
8333,http://www.wikidata.org/entity/Q1423236,university-teacher,publisher
8335,http://www.wikidata.org/entity/Q1423928,politician,education
8336,http://www.wikidata.org/entity/Q1425193,university-teacher,education
8338,http://www.wikidata.org/entity/Q1427501,university-teacher,agency
8340,http://www.wikidata.org/entity/Q1428574,university-teacher,publisher
8341,http://www.wikidata.org/entity/Q142881,university-teacher,education
8342,http://www.wikidata.org/entity/Q1430737,university-teacher,agency
8344,http://www.wikidata.org/entity/Q1435914,university-teacher,university
8345,http://www.wikidata.org/entity/Q1435961,university-teacher,education
8346,http://www.wikidata.org/entity/Q1437188,university-teacher,organization
8347,http://www.wikidata.org/entity/Q14389324,university-teacher,publisher
8348,http://www.wikidata.org/entity/Q1441738,university-teacher,education
8349,http://www.wikidata.org/entity/Q1442249,writer,publisher
8350,http://www.wikidata.org/entity/Q1442648,university-teacher,institute
8352,http://www.wikidata.org/entity/Q1442931,university-teacher,university
8353,http://www.wikidata.org/entity/Q1443184,university-teacher,university
8356,http://www.wikidata.org/entity/Q14438111,university-teacher,publisher
8357,http://www.wikidata.org/entity/Q1444071,historian,publisher
8358,http://www.wikidata.org/entity/Q1444299,university-teacher,education
8359,http://www.wikidata.org/entity/Q1445318,university-teacher,organization
8360,http://www.wikidata.org/entity/Q144535,writer,other
8361,http://www.wikidata.org/entity/Q1445783,university-teacher,publisher
8362,http://www.wikidata.org/entity/Q1445853,psychologist,education
8363,http://www.wikidata.org/entity/Q1445923,university-teacher,publisher
8365,http://www.wikidata.org/entity/Q1446841,university-teacher,education
8367,http://www.wikidata.org/entity/Q14504140,university-teacher,organization
8368,http://www.wikidata.org/entity/Q1451006,university-teacher,institute
8370,http://www.wikidata.org/entity/Q1452740,university-teacher,education
8372,http://www.wikidata.org/entity/Q1457224,university-teacher,university
8373,http://www.wikidata.org/entity/Q1457242,university-teacher,publisher
8376,http://www.wikidata.org/entity/Q1459586,university-teacher,university
8377,http://www.wikidata.org/entity/Q1460085,university-teacher,publisher
8379,http://www.wikidata.org/entity/Q1461686,university-teacher,education
8381,http://www.wikidata.org/entity/Q14629232,university-teacher,education
8382,http://www.wikidata.org/entity/Q14634567,university-teacher,organization
8386,http://www.wikidata.org/entity/Q1465898,university-teacher,university
8387,http://www.wikidata.org/entity/Q1465914,university-teacher,agency
8388,http://www.wikidata.org/entity/Q1465955,university-teacher,publisher
8389,http://www.wikidata.org/entity/Q1466113,political-scientist,agency
8390,http://www.wikidata.org/entity/Q1467694,university-teacher,education
8391,http://www.wikidata.org/entity/Q14678,university-teacher,education
8393,http://www.wikidata.org/entity/Q1468958,university-teacher,institute
8394,http://www.wikidata.org/entity/Q1471561,writer,other
8395,http://www.wikidata.org/entity/Q1472289,university-teacher,institute
8397,http://www.wikidata.org/entity/Q1476404,university-teacher,agency
8398,http://www.wikidata.org/entity/Q1477449,university-teacher,education
8399,http://www.wikidata.org/entity/Q1479632,university-teacher,university
8402,http://www.wikidata.org/entity/Q1485542,university-teacher,education
8403,http://www.wikidata.org/entity/Q1488905,university-teacher,education
8404,http://www.wikidata.org/entity/Q1492499,university-teacher,education
8405,http://www.wikidata.org/entity/Q1492994,university-teacher,education
8407,http://www.wikidata.org/entity/Q14941819,university-teacher,organization
8408,http://www.wikidata.org/entity/Q14946693,writer,education
8409,http://www.wikidata.org/entity/Q14946711,university-teacher,education
8412,http://www.wikidata.org/entity/Q14948602,university-teacher,agency
8413,http://www.wikidata.org/entity/Q14948743,university-teacher,education
8414,http://www.wikidata.org/entity/Q14948973,historian,education
8415,http://www.wikidata.org/entity/Q14949231,university-teacher,college
8416,http://www.wikidata.org/entity/Q1495553,university-teacher,institution
8417,http://www.wikidata.org/entity/Q1497091,university-teacher,education
8418,http://www.wikidata.org/entity/Q149768,writer,education
8419,http://www.wikidata.org/entity/Q1498283,university-teacher,education
8420,http://www.wikidata.org/entity/Q1500036,university-teacher,publisher
8422,http://www.wikidata.org/entity/Q15020856,university-teacher,other
8423,http://www.wikidata.org/entity/Q1502922,university-teacher,education
8424,http://www.wikidata.org/entity/Q1503904,university-teacher,agency
8425,http://www.wikidata.org/entity/Q15039952,university-teacher,education
8426,http://www.wikidata.org/entity/Q15040884,philosopher,education
8427,http://www.wikidata.org/entity/Q1504123,university-teacher,publisher
8428,http://www.wikidata.org/entity/Q1504483,university-teacher,publisher
8430,http://www.wikidata.org/entity/Q15046898,historian,education
8431,http://www.wikidata.org/entity/Q1505249,university-teacher,education
8433,http://www.wikidata.org/entity/Q1506086,university-teacher,publisher
8434,http://www.wikidata.org/entity/Q15061999,pedagogue,education
8435,http://www.wikidata.org/entity/Q1506277,university-teacher,publisher
8439,http://www.wikidata.org/entity/Q15066356,scientist,university
8440,http://www.wikidata.org/entity/Q15066992,university-teacher,university
8443,http://www.wikidata.org/entity/Q15071522,university-teacher,education
8445,http://www.wikidata.org/entity/Q1507280,university-teacher,education
8446,http://www.wikidata.org/entity/Q15075096,journalist,organization
8449,http://www.wikidata.org/entity/Q15078868,university-teacher,publisher
8450,http://www.wikidata.org/entity/Q15078902,psychologist,education
8451,http://www.wikidata.org/entity/Q1508077,university-teacher,publisher
8452,http://www.wikidata.org/entity/Q15088520,university-teacher,education
8453,http://www.wikidata.org/entity/Q1509152,university-teacher,education
8455,http://www.wikidata.org/entity/Q1510045,university-teacher,university
8459,http://www.wikidata.org/entity/Q1510643,university-teacher,university
8460,http://www.wikidata.org/entity/Q1511358,university-teacher,university
8461,http://www.wikidata.org/entity/Q1511383,university-teacher,agency
8464,http://www.wikidata.org/entity/Q1512099,university-teacher,agency
8465,http://www.wikidata.org/entity/Q1512299,university-teacher,agency
8466,http://www.wikidata.org/entity/Q1512471,university-teacher,organization
8467,http://www.wikidata.org/entity/Q1512472,university-teacher,publisher
8470,http://www.wikidata.org/entity/Q1512709,university-teacher,agency
8471,http://www.wikidata.org/entity/Q1512794,university-teacher,organization
8472,http://www.wikidata.org/entity/Q15130907,university-teacher,education
8473,http://www.wikidata.org/entity/Q15131143,university-teacher,publisher
8474,http://www.wikidata.org/entity/Q1513733,university-teacher,publisher
8476,http://www.wikidata.org/entity/Q1514269,researcher,education
8480,http://www.wikidata.org/entity/Q151523,university-teacher,other
8481,http://www.wikidata.org/entity/Q1515330,university-teacher,publisher
8484,http://www.wikidata.org/entity/Q1518977,translator,university
8486,http://www.wikidata.org/entity/Q1519212,university-teacher,education
8488,http://www.wikidata.org/entity/Q15216349,demographer,education
8490,http://www.wikidata.org/entity/Q152274,politician,publisher
8492,http://www.wikidata.org/entity/Q152388,university-teacher,agency
8493,http://www.wikidata.org/entity/Q152437,writer,organization
8494,http://www.wikidata.org/entity/Q152452,university-teacher,agency
8495,http://www.wikidata.org/entity/Q1525362,university-teacher,publisher
8497,http://www.wikidata.org/entity/Q152728,university-teacher,publisher
8499,http://www.wikidata.org/entity/Q1528676,university-teacher,publisher
8506,http://www.wikidata.org/entity/Q1530071,university-teacher,publisher
8507,http://www.wikidata.org/entity/Q153020,university-teacher,university
8510,http://www.wikidata.org/entity/Q15305011,university-teacher,publisher
8511,http://www.wikidata.org/entity/Q1530679,university-teacher,education
8513,http://www.wikidata.org/entity/Q1532597,university-teacher,organization
8514,http://www.wikidata.org/entity/Q1533819,university-teacher,publisher
8516,http://www.wikidata.org/entity/Q1536275,university-teacher,publisher
8517,http://www.wikidata.org/entity/Q1537994,university-teacher,education
8518,http://www.wikidata.org/entity/Q1538068,journalist,other
8519,http://www.wikidata.org/entity/Q1539153,university-teacher,publisher
8520,http://www.wikidata.org/entity/Q1540329,university-teacher,university
8523,http://www.wikidata.org/entity/Q15407330,researcher,publisher
8524,http://www.wikidata.org/entity/Q15407419,university-teacher,organization
8527,http://www.wikidata.org/entity/Q15428884,university-teacher,agency
8528,http://www.wikidata.org/entity/Q15428913,university-teacher,publisher
8529,http://www.wikidata.org/entity/Q15428977,university-teacher,education
8532,http://www.wikidata.org/entity/Q15429381,university-teacher,education
8533,http://www.wikidata.org/entity/Q15429565,university-teacher,publisher
8535,http://www.wikidata.org/entity/Q15430090,university-teacher,education
8536,http://www.wikidata.org/entity/Q15430775,university-teacher,education
8541,http://www.wikidata.org/entity/Q15433813,university-teacher,university
8544,http://www.wikidata.org/entity/Q15434616,university-teacher,education
8546,http://www.wikidata.org/entity/Q15435471,university-teacher,publisher
8547,http://www.wikidata.org/entity/Q15435910,psychologist,education
8548,http://www.wikidata.org/entity/Q15435946,university-teacher,university
8550,http://www.wikidata.org/entity/Q15436212,university-teacher,education
8552,http://www.wikidata.org/entity/Q15437159,university-teacher,education
8553,http://www.wikidata.org/entity/Q15437547,university-teacher,education
8554,http://www.wikidata.org/entity/Q15437619,university-teacher,university
8557,http://www.wikidata.org/entity/Q15438553,university-teacher,education
8559,http://www.wikidata.org/entity/Q15438666,university-teacher,education
8560,http://www.wikidata.org/entity/Q15439041,university-teacher,publisher
8561,http://www.wikidata.org/entity/Q15439927,university-teacher,university
8563,http://www.wikidata.org/entity/Q15440591,university-teacher,publisher
8565,http://www.wikidata.org/entity/Q15441587,writer,organization
8566,http://www.wikidata.org/entity/Q15442390,university-teacher,education
8568,http://www.wikidata.org/entity/Q15444474,university-teacher,agency
8569,http://www.wikidata.org/entity/Q15445646,university-teacher,university
8571,http://www.wikidata.org/entity/Q15446459,university-teacher,university
8572,http://www.wikidata.org/entity/Q15447027,university-teacher,publisher
8574,http://www.wikidata.org/entity/Q15447169,university-teacher,education
8575,http://www.wikidata.org/entity/Q15448746,university-teacher,institute
8577,http://www.wikidata.org/entity/Q15449677,university-teacher,university
8578,http://www.wikidata.org/entity/Q15449858,university-teacher,publisher
8580,http://www.wikidata.org/entity/Q15450609,university-teacher,education
8581,http://www.wikidata.org/entity/Q15451923,university-teacher,agency
8582,http://www.wikidata.org/entity/Q15452024,university-teacher,university
8583,http://www.wikidata.org/entity/Q15452125,university-teacher,institute
8585,http://www.wikidata.org/entity/Q15452680,philosopher,education
8586,http://www.wikidata.org/entity/Q15453281,university-teacher,education
8587,http://www.wikidata.org/entity/Q15453871,university-teacher,agency
8588,http://www.wikidata.org/entity/Q15453896,university-teacher,publisher
8589,http://www.wikidata.org/entity/Q15454099,university-teacher,agency
8592,http://www.wikidata.org/entity/Q15456278,criminologist,education
8593,http://www.wikidata.org/entity/Q15456568,university-teacher,university
8600,http://www.wikidata.org/entity/Q15479622,university-teacher,publisher
8601,http://www.wikidata.org/entity/Q15479765,university-teacher,education
8602,http://www.wikidata.org/entity/Q1548428,university-teacher,university
8603,http://www.wikidata.org/entity/Q1548440,university-teacher,other
8605,http://www.wikidata.org/entity/Q15491227,lgbtq-rights-activist,organization
8610,http://www.wikidata.org/entity/Q1552221,university-teacher,publisher
8611,http://www.wikidata.org/entity/Q1552882,university-teacher,education
8612,http://www.wikidata.org/entity/Q15529476,university-teacher,school
8617,http://www.wikidata.org/entity/Q1555398,university-teacher,college
8618,http://www.wikidata.org/entity/Q1555424,politician,publisher
8621,http://www.wikidata.org/entity/Q1558636,university-teacher,publisher
8623,http://www.wikidata.org/entity/Q1559434,university-teacher,agency
8624,http://www.wikidata.org/entity/Q1559897,university-teacher,university
8625,http://www.wikidata.org/entity/Q1560285,university-teacher,publisher
8628,http://www.wikidata.org/entity/Q1560437,university-teacher,publisher
8630,http://www.wikidata.org/entity/Q1560658,university-teacher,publisher
8631,http://www.wikidata.org/entity/Q1561225,university-teacher,publisher
8633,http://www.wikidata.org/entity/Q1561643,university-teacher,education
8637,http://www.wikidata.org/entity/Q1561892,university-teacher,publisher
8638,http://www.wikidata.org/entity/Q156268,philosopher,education
8640,http://www.wikidata.org/entity/Q1562687,university-teacher,institute
8641,http://www.wikidata.org/entity/Q15628667,university-teacher,organization
8642,http://www.wikidata.org/entity/Q15630077,university-teacher,university
8644,http://www.wikidata.org/entity/Q1563579,philosopher,publisher
8646,http://www.wikidata.org/entity/Q1564311,university-teacher,university
8648,http://www.wikidata.org/entity/Q1564498,university-teacher,publisher
8652,http://www.wikidata.org/entity/Q15653858,economist,education
8653,http://www.wikidata.org/entity/Q15697022,university-teacher,university
8654,http://www.wikidata.org/entity/Q1569718,university-teacher,institute
8655,http://www.wikidata.org/entity/Q1570371,university-teacher,institute
8658,http://www.wikidata.org/entity/Q1571294,university-teacher,college
8659,http://www.wikidata.org/entity/Q15713588,university-teacher,publisher
8660,http://www.wikidata.org/entity/Q15714093,university-teacher,publisher
8663,http://www.wikidata.org/entity/Q15733592,university-teacher,publisher
8665,http://www.wikidata.org/entity/Q15734483,university-teacher,education
8667,http://www.wikidata.org/entity/Q15735741,university-teacher,organization
8669,http://www.wikidata.org/entity/Q1576514,university-teacher,organization
8670,http://www.wikidata.org/entity/Q1576574,university-teacher,agency
8672,http://www.wikidata.org/entity/Q1576843,university-teacher,education
8673,http://www.wikidata.org/entity/Q15768528,docent,education
8674,http://www.wikidata.org/entity/Q1577030,university-teacher,publisher
8675,http://www.wikidata.org/entity/Q1577345,university-teacher,organization
8676,http://www.wikidata.org/entity/Q1577360,university-teacher,university
8677,http://www.wikidata.org/entity/Q15773735,writer,education
8678,http://www.wikidata.org/entity/Q1577391,university-teacher,publisher
8679,http://www.wikidata.org/entity/Q1577646,university-teacher,university
8683,http://www.wikidata.org/entity/Q1578273,university-teacher,publisher
8684,http://www.wikidata.org/entity/Q1578327,university-teacher,agency
8686,http://www.wikidata.org/entity/Q1578411,university-teacher,agency
8687,http://www.wikidata.org/entity/Q1578685,university-teacher,publisher
8689,http://www.wikidata.org/entity/Q1579818,university-teacher,publisher
8691,http://www.wikidata.org/entity/Q1580092,university-teacher,agency
8693,http://www.wikidata.org/entity/Q1580435,university-teacher,university
8694,http://www.wikidata.org/entity/Q15805943,university-teacher,university
8695,http://www.wikidata.org/entity/Q158060,writer,education
8696,http://www.wikidata.org/entity/Q158092,university-teacher,education
8697,http://www.wikidata.org/entity/Q1581107,university-teacher,university
8698,http://www.wikidata.org/entity/Q15811751,university-teacher,agency
8699,http://www.wikidata.org/entity/Q1581350,university-teacher,agency
8701,http://www.wikidata.org/entity/Q1581629,university-teacher,organization
8702,http://www.wikidata.org/entity/Q1581672,university-teacher,publisher
8703,http://www.wikidata.org/entity/Q15818849,university-teacher,education
8705,http://www.wikidata.org/entity/Q15822211,university-teacher,education
8706,http://www.wikidata.org/entity/Q15822277,university-teacher,university
8707,http://www.wikidata.org/entity/Q1582575,university-teacher,education
8708,http://www.wikidata.org/entity/Q15829957,writer,other
8709,http://www.wikidata.org/entity/Q15831739,writer,education
8710,http://www.wikidata.org/entity/Q1583246,university-teacher,education
8711,http://www.wikidata.org/entity/Q1583373,university-teacher,publisher
8714,http://www.wikidata.org/entity/Q1583900,university-teacher,publisher
8719,http://www.wikidata.org/entity/Q1584815,university-teacher,publisher
8721,http://www.wikidata.org/entity/Q15856660,university-teacher,publisher
8723,http://www.wikidata.org/entity/Q1586301,university-teacher,education
8725,http://www.wikidata.org/entity/Q1587415,university-teacher,university
8726,http://www.wikidata.org/entity/Q1587443,university-teacher,institute
8729,http://www.wikidata.org/entity/Q1589285,university-teacher,publisher
8732,http://www.wikidata.org/entity/Q15903569,sexologist,education
8738,http://www.wikidata.org/entity/Q1591441,university-teacher,other
8741,http://www.wikidata.org/entity/Q15919419,politician,publisher
8743,http://www.wikidata.org/entity/Q1594049,university-teacher,publisher
8744,http://www.wikidata.org/entity/Q15944135,political-scientist,publisher
8746,http://www.wikidata.org/entity/Q1594592,university-teacher,university
8747,http://www.wikidata.org/entity/Q15948,philosopher,education
8748,http://www.wikidata.org/entity/Q15953956,university-teacher,education
8750,http://www.wikidata.org/entity/Q1596156,university-teacher,publisher
8751,http://www.wikidata.org/entity/Q15965072,university-teacher,publisher
8752,http://www.wikidata.org/entity/Q1596739,university-teacher,publisher
8753,http://www.wikidata.org/entity/Q15970906,university-teacher,education
8754,http://www.wikidata.org/entity/Q1597181,university-teacher,education
8756,http://www.wikidata.org/entity/Q15974177,university-teacher,institute
8758,http://www.wikidata.org/entity/Q15975516,university-teacher,publisher
8760,http://www.wikidata.org/entity/Q15980115,university-teacher,education
8761,http://www.wikidata.org/entity/Q15982611,university-teacher,education
8762,http://www.wikidata.org/entity/Q1598508,university-teacher,publisher
8763,http://www.wikidata.org/entity/Q15987242,university-teacher,publisher
8764,http://www.wikidata.org/entity/Q159876,university-teacher,education
8766,http://www.wikidata.org/entity/Q15990386,university-teacher,education
8770,http://www.wikidata.org/entity/Q15992435,writer,publisher
8774,http://www.wikidata.org/entity/Q1599983,university-teacher,university
8775,http://www.wikidata.org/entity/Q1600090,university-teacher,publisher
8778,http://www.wikidata.org/entity/Q1600191,university-teacher,institute
8779,http://www.wikidata.org/entity/Q16002333,university-teacher,publisher
8783,http://www.wikidata.org/entity/Q1600312,university-teacher,institute
8784,http://www.wikidata.org/entity/Q1600484,university-teacher,university
8785,http://www.wikidata.org/entity/Q1600552,university-teacher,agency
8788,http://www.wikidata.org/entity/Q1600632,university-teacher,university
8792,http://www.wikidata.org/entity/Q1600843,university-teacher,publisher
8793,http://www.wikidata.org/entity/Q1600867,university-teacher,university
8794,http://www.wikidata.org/entity/Q1600876,university-teacher,agency
8795,http://www.wikidata.org/entity/Q16009322,university-teacher,education
8796,http://www.wikidata.org/entity/Q1601016,university-teacher,agency
8798,http://www.wikidata.org/entity/Q16011888,university-teacher,publisher
8800,http://www.wikidata.org/entity/Q16012805,educator,education
8805,http://www.wikidata.org/entity/Q16016201,journalist,education
8807,http://www.wikidata.org/entity/Q1601853,university-teacher,education
8809,http://www.wikidata.org/entity/Q16022898,historian,facility
8810,http://www.wikidata.org/entity/Q1602392,university-teacher,university
8812,http://www.wikidata.org/entity/Q16027076,university-teacher,education
8813,http://www.wikidata.org/entity/Q16027798,university-teacher,university
8814,http://www.wikidata.org/entity/Q1603130,university-teacher,university
8815,http://www.wikidata.org/entity/Q1603468,university-teacher,other
8816,http://www.wikidata.org/entity/Q1603519,university-teacher,organization
8817,http://www.wikidata.org/entity/Q1603839,university-teacher,publisher
8818,http://www.wikidata.org/entity/Q1604020,university-teacher,education
8821,http://www.wikidata.org/entity/Q1604324,university-teacher,publisher
8822,http://www.wikidata.org/entity/Q16049332,politician,publisher
8823,http://www.wikidata.org/entity/Q16050901,university-teacher,publisher
8825,http://www.wikidata.org/entity/Q16053110,politician,facility
8827,http://www.wikidata.org/entity/Q1605382,university-teacher,agency
8829,http://www.wikidata.org/entity/Q1605922,university-teacher,education
8830,http://www.wikidata.org/entity/Q16061133,university-teacher,education
8832,http://www.wikidata.org/entity/Q1606278,university-teacher,organization
8833,http://www.wikidata.org/entity/Q160640,university-teacher,education
8835,http://www.wikidata.org/entity/Q16065124,university-teacher,university
8839,http://www.wikidata.org/entity/Q16069692,university-teacher,education
8840,http://www.wikidata.org/entity/Q1607175,university-teacher,education
8842,http://www.wikidata.org/entity/Q1607343,economist,publisher
8847,http://www.wikidata.org/entity/Q1608042,university-teacher,university
8848,http://www.wikidata.org/entity/Q1608132,university-teacher,university
8853,http://www.wikidata.org/entity/Q1608774,university-teacher,institute
8856,http://www.wikidata.org/entity/Q1608981,university-teacher,education
8857,http://www.wikidata.org/entity/Q1609105,university-teacher,publisher
8858,http://www.wikidata.org/entity/Q1609179,university-teacher,publisher
8860,http://www.wikidata.org/entity/Q1609520,university-teacher,institute
8862,http://www.wikidata.org/entity/Q16102033,university-teacher,publisher
8864,http://www.wikidata.org/entity/Q16104833,criminologist,education
8868,http://www.wikidata.org/entity/Q16106118,university-teacher,education
8869,http://www.wikidata.org/entity/Q16106252,political-scientist,institution
8871,http://www.wikidata.org/entity/Q16107241,writer,publisher
8872,http://www.wikidata.org/entity/Q16107244,economist,education
8873,http://www.wikidata.org/entity/Q1610890,university-teacher,university
8877,http://www.wikidata.org/entity/Q1611838,university-teacher,agency
8888,http://www.wikidata.org/entity/Q1614826,university-teacher,university
8891,http://www.wikidata.org/entity/Q16167821,university-teacher,university
8896,http://www.wikidata.org/entity/Q16181368,professor,publisher
8898,http://www.wikidata.org/entity/Q1618350,university-teacher,publisher
8903,http://www.wikidata.org/entity/Q16195673,university-teacher,education
8904,http://www.wikidata.org/entity/Q16196568,university-teacher,education
8908,http://www.wikidata.org/entity/Q1620845,university-teacher,institute
8909,http://www.wikidata.org/entity/Q16214249,university-teacher,university
8911,http://www.wikidata.org/entity/Q16216287,university-teacher,university
8912,http://www.wikidata.org/entity/Q16216372,university-teacher,publisher
8914,http://www.wikidata.org/entity/Q16218237,university-teacher,university
8915,http://www.wikidata.org/entity/Q16224404,researcher,education
8916,http://www.wikidata.org/entity/Q1624558,university-teacher,publisher
8917,http://www.wikidata.org/entity/Q1624594,university-teacher,education
8918,http://www.wikidata.org/entity/Q1624606,university-teacher,university
8919,http://www.wikidata.org/entity/Q1625785,university-teacher,education
8920,http://www.wikidata.org/entity/Q162597,university-teacher,university
8921,http://www.wikidata.org/entity/Q16262807,university-teacher,publisher
8930,http://www.wikidata.org/entity/Q16267578,university-teacher,organization
8934,http://www.wikidata.org/entity/Q16275148,philosopher,publisher
8935,http://www.wikidata.org/entity/Q1628512,politician,publisher
8936,http://www.wikidata.org/entity/Q16294810,professor,publisher
8937,http://www.wikidata.org/entity/Q1629565,university-teacher,education
8940,http://www.wikidata.org/entity/Q16297977,university-teacher,education
8941,http://www.wikidata.org/entity/Q1629828,university-teacher,institute
8943,http://www.wikidata.org/entity/Q16299747,art-historian,college
8945,http://www.wikidata.org/entity/Q163171,economist,education
8946,http://www.wikidata.org/entity/Q16318769,criminologist,education
8947,http://www.wikidata.org/entity/Q1631941,university-teacher,education
8949,http://www.wikidata.org/entity/Q16320616,university-teacher,education
8953,http://www.wikidata.org/entity/Q1633258,university-teacher,institute
8954,http://www.wikidata.org/entity/Q1633297,university-teacher,education
8955,http://www.wikidata.org/entity/Q1633462,university-teacher,university
8961,http://www.wikidata.org/entity/Q1634275,university-teacher,education
8965,http://www.wikidata.org/entity/Q16373600,scientist,institute
8966,http://www.wikidata.org/entity/Q16403340,journalist,university
8980,http://www.wikidata.org/entity/Q1641151,university-teacher,university
8982,http://www.wikidata.org/entity/Q1642959,university-teacher,publisher
9001,http://www.wikidata.org/entity/Q16493890,politician,university
9004,http://www.wikidata.org/entity/Q16494714,lawyer,publisher
9007,http://www.wikidata.org/entity/Q16499765,university-teacher,education
9008,http://www.wikidata.org/entity/Q16514930,political-scientist,education
9009,http://www.wikidata.org/entity/Q16514956,university-teacher,education
9020,http://www.wikidata.org/entity/Q16528883,university-teacher,university
9029,http://www.wikidata.org/entity/Q16558058,university-teacher,education
9030,http://www.wikidata.org/entity/Q1655854,university-teacher,organization
9031,http://www.wikidata.org/entity/Q16560145,university-teacher,organization
9033,http://www.wikidata.org/entity/Q16560650,university-teacher,publisher
9035,http://www.wikidata.org/entity/Q16564675,university-teacher,university
9038,http://www.wikidata.org/entity/Q16569784,jurist,institution
9041,http://www.wikidata.org/entity/Q16573304,anthropologist,publisher
9043,http://www.wikidata.org/entity/Q1657795,university-teacher,education
9044,http://www.wikidata.org/entity/Q16585698,university-teacher,publisher
9045,http://www.wikidata.org/entity/Q1658613,university-teacher,organization
9048,http://www.wikidata.org/entity/Q1659032,university-teacher,organization
9053,http://www.wikidata.org/entity/Q16594709,political-scientist,publisher
9055,http://www.wikidata.org/entity/Q16611523,university-teacher,organization
9057,http://www.wikidata.org/entity/Q1661707,university-teacher,university
9061,http://www.wikidata.org/entity/Q16628061,writer,university
9063,http://www.wikidata.org/entity/Q1663165,university-teacher,university
9064,http://www.wikidata.org/entity/Q16631683,university-teacher,publisher
9069,http://www.wikidata.org/entity/Q1663345,university-teacher,university
9070,http://www.wikidata.org/entity/Q16633465,university-teacher,institute
9073,http://www.wikidata.org/entity/Q16640889,scientist,education
9075,http://www.wikidata.org/entity/Q1664536,university-teacher,university
9076,http://www.wikidata.org/entity/Q16649305,university-teacher,agency
9077,http://www.wikidata.org/entity/Q16650246,anthropologist,agency
9081,http://www.wikidata.org/entity/Q16665088,researcher,university
9082,http://www.wikidata.org/entity/Q16666254,economist,education
9083,http://www.wikidata.org/entity/Q16666490,academic-staff,education
9084,http://www.wikidata.org/entity/Q16669203,academic,publisher
9089,http://www.wikidata.org/entity/Q1668515,university-teacher,university
9091,http://www.wikidata.org/entity/Q1668865,university-teacher,university
9101,http://www.wikidata.org/entity/Q1672565,university-teacher,publisher
9111,http://www.wikidata.org/entity/Q16730526,writer,education
9112,http://www.wikidata.org/entity/Q1673061,university-teacher,publisher
9113,http://www.wikidata.org/entity/Q16731412,university-teacher,publisher
9116,http://www.wikidata.org/entity/Q1673299,university-teacher,university
9118,http://www.wikidata.org/entity/Q16733294,anthropologist,education
9119,http://www.wikidata.org/entity/Q16733542,university-teacher,education
9120,http://www.wikidata.org/entity/Q16733966,philosopher,education
9122,http://www.wikidata.org/entity/Q16734612,university-teacher,education
9123,http://www.wikidata.org/entity/Q16734716,university-teacher,education
9124,http://www.wikidata.org/entity/Q16735120,university-teacher,publisher
9125,http://www.wikidata.org/entity/Q16739506,university-teacher,education
9126,http://www.wikidata.org/entity/Q1674317,university-teacher,university
9127,http://www.wikidata.org/entity/Q167507,university-teacher,publisher
9129,http://www.wikidata.org/entity/Q1676299,anthropologist,education
9131,http://www.wikidata.org/entity/Q16770280,editor,education
9133,http://www.wikidata.org/entity/Q1677357,university-teacher,publisher
9135,http://www.wikidata.org/entity/Q16778930,university-teacher,organization
9137,http://www.wikidata.org/entity/Q167943,university-teacher,education
9138,http://www.wikidata.org/entity/Q1679577,university-teacher,university
9141,http://www.wikidata.org/entity/Q1681005,university-teacher,education
9142,http://www.wikidata.org/entity/Q1681079,writer,education
9143,http://www.wikidata.org/entity/Q1681252,university-teacher,education
9144,http://www.wikidata.org/entity/Q1681575,university-teacher,publisher
9145,http://www.wikidata.org/entity/Q1682105,politician,publisher
9146,http://www.wikidata.org/entity/Q1683377,university-teacher,publisher
9148,http://www.wikidata.org/entity/Q1684761,university-teacher,university
9149,http://www.wikidata.org/entity/Q1685021,anthropologist,publisher
9152,http://www.wikidata.org/entity/Q16854482,university-teacher,education
9155,http://www.wikidata.org/entity/Q16855318,university-teacher,publisher
9156,http://www.wikidata.org/entity/Q1685635,anthropologist,other
9157,http://www.wikidata.org/entity/Q1686046,university-teacher,publisher
9158,http://www.wikidata.org/entity/Q16861474,political-scientist,education
9159,http://www.wikidata.org/entity/Q1686584,university-teacher,publisher
9160,http://www.wikidata.org/entity/Q1687120,university-teacher,publisher
9161,http://www.wikidata.org/entity/Q16875119,criminologist,education
9165,http://www.wikidata.org/entity/Q1688305,writer,education
9169,http://www.wikidata.org/entity/Q16887975,writer,enterprise
9172,http://www.wikidata.org/entity/Q1689788,university-teacher,education
9173,http://www.wikidata.org/entity/Q16897973,university-teacher,publisher
9174,http://www.wikidata.org/entity/Q1689975,university-teacher,university
9175,http://www.wikidata.org/entity/Q1690107,university-teacher,university
9176,http://www.wikidata.org/entity/Q1690305,university-teacher,publisher
9181,http://www.wikidata.org/entity/Q1690703,university-teacher,education
9187,http://www.wikidata.org/entity/Q1692478,university-teacher,university
9191,http://www.wikidata.org/entity/Q16937784,university-teacher,publisher
9194,http://www.wikidata.org/entity/Q16940702,researcher,education
9201,http://www.wikidata.org/entity/Q1697243,university-teacher,university
9202,http://www.wikidata.org/entity/Q16973898,academic,education
9206,http://www.wikidata.org/entity/Q1698085,university-teacher,publisher
9208,http://www.wikidata.org/entity/Q16983502,university-teacher,education
9209,http://www.wikidata.org/entity/Q16987610,researcher,university
9210,http://www.wikidata.org/entity/Q16988656,university-teacher,university
9218,http://www.wikidata.org/entity/Q1700156,university-teacher,education
9219,http://www.wikidata.org/entity/Q1700343,university-teacher,education
9220,http://www.wikidata.org/entity/Q170078,political-scientist,education
9221,http://www.wikidata.org/entity/Q1700913,university-teacher,education
9222,http://www.wikidata.org/entity/Q1701244,anthropologist,education
9223,http://www.wikidata.org/entity/Q17012831,anthropologist,education
9224,http://www.wikidata.org/entity/Q1701606,university-teacher,education
9226,http://www.wikidata.org/entity/Q17017609,researcher,education
9227,http://www.wikidata.org/entity/Q1701948,university-teacher,education
9228,http://www.wikidata.org/entity/Q1701990,university-teacher,education
9231,http://www.wikidata.org/entity/Q17022961,university-teacher,education
9232,http://www.wikidata.org/entity/Q17025747,university-teacher,university
9233,http://www.wikidata.org/entity/Q1703307,university-teacher,education
9234,http://www.wikidata.org/entity/Q17037053,university-teacher,education
9235,http://www.wikidata.org/entity/Q1703901,university-teacher,publisher
9236,http://www.wikidata.org/entity/Q1704434,university-teacher,university
9237,http://www.wikidata.org/entity/Q1704554,university-teacher,agency
9242,http://www.wikidata.org/entity/Q1705900,university-teacher,publisher
9243,http://www.wikidata.org/entity/Q17062673,university-teacher,publisher
9244,http://www.wikidata.org/entity/Q1707856,university-teacher,education
9245,http://www.wikidata.org/entity/Q1708811,university-teacher,publisher
9246,http://www.wikidata.org/entity/Q1709087,university-teacher,education
9249,http://www.wikidata.org/entity/Q17096886,philosopher,publisher
9254,http://www.wikidata.org/entity/Q17107318,university-teacher,education
9257,http://www.wikidata.org/entity/Q1711168,university-teacher,education
9258,http://www.wikidata.org/entity/Q1711215,university-teacher,education
9259,http://www.wikidata.org/entity/Q17113913,professor,agency
9262,http://www.wikidata.org/entity/Q1712243,political-scientist,university
9263,http://www.wikidata.org/entity/Q17126629,university-teacher,other
9264,http://www.wikidata.org/entity/Q1712800,university-teacher,publisher
9270,http://www.wikidata.org/entity/Q17138716,university-teacher,education
9271,http://www.wikidata.org/entity/Q1713877,university-teacher,publisher
9272,http://www.wikidata.org/entity/Q1714232,university-teacher,publisher
9273,http://www.wikidata.org/entity/Q1714521,university-teacher,publisher
9274,http://www.wikidata.org/entity/Q1714580,university-teacher,publisher
9275,http://www.wikidata.org/entity/Q1715246,university-teacher,publisher
9276,http://www.wikidata.org/entity/Q17154221,political-scientist,university
9277,http://www.wikidata.org/entity/Q17154274,anthropologist,university
9297,http://www.wikidata.org/entity/Q17166462,university-teacher,organization
9299,http://www.wikidata.org/entity/Q1717099,university-teacher,education
9300,http://www.wikidata.org/entity/Q1717114,university-teacher,university
9301,http://www.wikidata.org/entity/Q1717172,university-teacher,publisher
9302,http://www.wikidata.org/entity/Q1717191,university-teacher,publisher
9304,http://www.wikidata.org/entity/Q1717445,university-teacher,publisher
9306,http://www.wikidata.org/entity/Q1717573,university-teacher,publisher
9307,http://www.wikidata.org/entity/Q1718110,university-teacher,publisher
9309,http://www.wikidata.org/entity/Q17184105,political-scientist,education
9312,http://www.wikidata.org/entity/Q1720422,university-teacher,publisher
9323,http://www.wikidata.org/entity/Q1721434,university-teacher,publisher
9333,http://www.wikidata.org/entity/Q1722184,university-teacher,education
9351,http://www.wikidata.org/entity/Q1722938,university-teacher,education
9359,http://www.wikidata.org/entity/Q17253613,university-teacher,publisher
9362,http://www.wikidata.org/entity/Q17274457,academic,education
9363,http://www.wikidata.org/entity/Q1727458,university-teacher,education
9365,http://www.wikidata.org/entity/Q17278898,professor,publisher
9370,http://www.wikidata.org/entity/Q1729521,university-teacher,agency
9372,http://www.wikidata.org/entity/Q1729722,university-teacher,publisher
9373,http://www.wikidata.org/entity/Q1729790,university-teacher,university
9374,http://www.wikidata.org/entity/Q1730200,university-teacher,publisher
9376,http://www.wikidata.org/entity/Q17305551,university-teacher,publisher
9377,http://www.wikidata.org/entity/Q1730777,university-teacher,institute
9378,http://www.wikidata.org/entity/Q1730929,university-teacher,university
9379,http://www.wikidata.org/entity/Q1731189,university-teacher,agency
9380,http://www.wikidata.org/entity/Q1731350,university-teacher,organization
9381,http://www.wikidata.org/entity/Q1731560,university-teacher,publisher
9382,http://www.wikidata.org/entity/Q17317979,politician,publisher
9384,http://www.wikidata.org/entity/Q1732136,university-teacher,university
9385,http://www.wikidata.org/entity/Q17322422,university-teacher,institute
9386,http://www.wikidata.org/entity/Q17322467,university-teacher,publisher
9387,http://www.wikidata.org/entity/Q1732534,university-teacher,agency
9388,http://www.wikidata.org/entity/Q17325528,university-teacher,publisher
9389,http://www.wikidata.org/entity/Q17326983,university-teacher,publisher
9391,http://www.wikidata.org/entity/Q17333600,diplomat,other
9392,http://www.wikidata.org/entity/Q17333880,historian,university
9393,http://www.wikidata.org/entity/Q1733413,university-teacher,education
9400,http://www.wikidata.org/entity/Q17351348,university-teacher,education
9401,http://www.wikidata.org/entity/Q1735531,university-teacher,education
9409,http://www.wikidata.org/entity/Q1737669,university-teacher,university
9410,http://www.wikidata.org/entity/Q17381262,writer,publisher
9412,http://www.wikidata.org/entity/Q17382975,university-teacher,university
9414,http://www.wikidata.org/entity/Q1738478,university-teacher,education
9416,http://www.wikidata.org/entity/Q17385941,university-teacher,education
9417,http://www.wikidata.org/entity/Q17386264,university-teacher,education
9418,http://www.wikidata.org/entity/Q17386393,university-teacher,education
9419,http://www.wikidata.org/entity/Q17386403,university-teacher,education
9420,http://www.wikidata.org/entity/Q17386528,university-teacher,education
9421,http://www.wikidata.org/entity/Q1740079,university-teacher,education
9422,http://www.wikidata.org/entity/Q17402252,university-teacher,publisher
9424,http://www.wikidata.org/entity/Q17410052,university-teacher,publisher
9427,http://www.wikidata.org/entity/Q17418386,university-teacher,education
9428,http://www.wikidata.org/entity/Q17421343,social-worker,education
9430,http://www.wikidata.org/entity/Q17426493,university-teacher,university
9435,http://www.wikidata.org/entity/Q1744857,university-teacher,agency
9436,http://www.wikidata.org/entity/Q1745022,university-teacher,university
9437,http://www.wikidata.org/entity/Q1745070,university-teacher,organization
9439,http://www.wikidata.org/entity/Q17452343,philosopher,publisher
9440,http://www.wikidata.org/entity/Q1745242,university-teacher,organization
9441,http://www.wikidata.org/entity/Q1745268,university-teacher,publisher
9442,http://www.wikidata.org/entity/Q17453205,university-teacher,publisher
9443,http://www.wikidata.org/entity/Q1745329,university-teacher,agency
9444,http://www.wikidata.org/entity/Q1745434,university-teacher,agency
9446,http://www.wikidata.org/entity/Q1745585,university-teacher,agency
9447,http://www.wikidata.org/entity/Q1745773,university-teacher,publisher
9448,http://www.wikidata.org/entity/Q17465713,university-teacher,education
9449,http://www.wikidata.org/entity/Q17465959,researcher,education
9452,http://www.wikidata.org/entity/Q17478003,university-teacher,publisher
9453,http://www.wikidata.org/entity/Q17484153,university-teacher,education
9454,http://www.wikidata.org/entity/Q1748762,university-teacher,organization
9458,http://www.wikidata.org/entity/Q1750291,university-teacher,publisher
9459,http://www.wikidata.org/entity/Q17510503,university-teacher,education
9461,http://www.wikidata.org/entity/Q1752339,university-teacher,agency
9463,http://www.wikidata.org/entity/Q17544430,university-teacher,education
9464,http://www.wikidata.org/entity/Q17544560,philosopher,university
9467,http://www.wikidata.org/entity/Q1756969,university-teacher,publisher
9468,http://www.wikidata.org/entity/Q17576603,university-teacher,institute
9472,http://www.wikidata.org/entity/Q17593893,historian,publisher
9473,http://www.wikidata.org/entity/Q1759679,university-teacher,education
9475,http://www.wikidata.org/entity/Q1762009,university-teacher,organization
9480,http://www.wikidata.org/entity/Q17627211,ethnologist,education
9486,http://www.wikidata.org/entity/Q17637404,university-teacher,education
9488,http://www.wikidata.org/entity/Q1764889,university-teacher,institute
9489,http://www.wikidata.org/entity/Q1765118,researcher,education
9495,http://www.wikidata.org/entity/Q17686991,university-teacher,university
9498,http://www.wikidata.org/entity/Q1769728,writer,publisher
9500,http://www.wikidata.org/entity/Q17704860,researcher,publisher
9501,http://www.wikidata.org/entity/Q1771051,university-teacher,publisher
9504,http://www.wikidata.org/entity/Q1774118,university-teacher,agency
9505,http://www.wikidata.org/entity/Q1776712,university-teacher,education
9506,http://www.wikidata.org/entity/Q1777102,university-teacher,education
9508,http://www.wikidata.org/entity/Q1785021,university-teacher,publisher
9513,http://www.wikidata.org/entity/Q179109,university-teacher,education
9514,http://www.wikidata.org/entity/Q179126,university-teacher,education
9515,http://www.wikidata.org/entity/Q1792087,university-teacher,university
9516,http://www.wikidata.org/entity/Q1793825,university-teacher,publisher
9517,http://www.wikidata.org/entity/Q1794249,university-teacher,institute
9518,http://www.wikidata.org/entity/Q1794545,university-teacher,organization
9521,http://www.wikidata.org/entity/Q1798243,university-teacher,publisher
9523,http://www.wikidata.org/entity/Q17987480,university-teacher,publisher
9524,http://www.wikidata.org/entity/Q1798823,university-teacher,university
9525,http://www.wikidata.org/entity/Q1799258,university-teacher,agency
9531,http://www.wikidata.org/entity/Q18009184,university-teacher,education
9532,http://www.wikidata.org/entity/Q18018363,university-teacher,publisher
9534,http://www.wikidata.org/entity/Q18019921,university-teacher,institute
9538,http://www.wikidata.org/entity/Q1803058,politician,university
9539,http://www.wikidata.org/entity/Q18043636,researcher,education
9541,http://www.wikidata.org/entity/Q18054766,teacher,publisher
9542,http://www.wikidata.org/entity/Q1806277,university-teacher,university
9543,http://www.wikidata.org/entity/Q18088966,university-teacher,university
9544,http://www.wikidata.org/entity/Q18089602,criminologist,other
9546,http://www.wikidata.org/entity/Q1810798,university-teacher,education
9550,http://www.wikidata.org/entity/Q1811952,university-teacher,education
9553,http://www.wikidata.org/entity/Q18152339,university-teacher,university
9554,http://www.wikidata.org/entity/Q181529,university-teacher,education
9555,http://www.wikidata.org/entity/Q18155589,university-teacher,education
9559,http://www.wikidata.org/entity/Q18176269,philosopher,education
9560,http://www.wikidata.org/entity/Q181870,university-teacher,education
9561,http://www.wikidata.org/entity/Q1818913,university-teacher,education
9562,http://www.wikidata.org/entity/Q18191206,researcher,publisher
9563,http://www.wikidata.org/entity/Q18191243,university-teacher,publisher
9564,http://www.wikidata.org/entity/Q18191269,senior-lecturer,publisher
9566,http://www.wikidata.org/entity/Q18214123,economist,publisher
9567,http://www.wikidata.org/entity/Q18220988,university-teacher,organization
9570,http://www.wikidata.org/entity/Q1822143,writer,education
9574,http://www.wikidata.org/entity/Q18226328,theologian,education
9576,http://www.wikidata.org/entity/Q18227079,university-teacher,university
9578,http://www.wikidata.org/entity/Q18243139,librarian,publisher
9582,http://www.wikidata.org/entity/Q18274603,university-teacher,education
9583,http://www.wikidata.org/entity/Q18275311,writer,education
9587,http://www.wikidata.org/entity/Q18279147,anthropologist,publisher
9589,http://www.wikidata.org/entity/Q182847,university-teacher,education
9590,http://www.wikidata.org/entity/Q18285240,writer,publisher
9594,http://www.wikidata.org/entity/Q18333317,university-teacher,university
9595,http://www.wikidata.org/entity/Q18334068,university-teacher,publisher
9596,http://www.wikidata.org/entity/Q18334691,researcher,education
9604,http://www.wikidata.org/entity/Q18379674,university-teacher,education
9609,http://www.wikidata.org/entity/Q18418397,university-teacher,education
9610,http://www.wikidata.org/entity/Q18423163,philosopher,university
9611,http://www.wikidata.org/entity/Q1844137,university-teacher,education
9612,http://www.wikidata.org/entity/Q184435,university-teacher,university
9615,http://www.wikidata.org/entity/Q18471877,university-teacher,education
9617,http://www.wikidata.org/entity/Q184750,university-teacher,education
9621,http://www.wikidata.org/entity/Q1849891,university-teacher,university
9622,http://www.wikidata.org/entity/Q184992,university-teacher,education
9638,http://www.wikidata.org/entity/Q18534605,historian,publisher
9644,http://www.wikidata.org/entity/Q18540734,historian,publisher
9648,http://www.wikidata.org/entity/Q18575493,professor,institute
9649,http://www.wikidata.org/entity/Q185777,biologist,education
9656,http://www.wikidata.org/entity/Q18593670,non-fiction-writer,publisher
9657,http://www.wikidata.org/entity/Q18602823,university-teacher,university
9665,http://www.wikidata.org/entity/Q18612933,university-teacher,publisher
9667,http://www.wikidata.org/entity/Q18617226,professor,publisher
9668,http://www.wikidata.org/entity/Q18619099,researcher,organization
9669,http://www.wikidata.org/entity/Q18619167,academic,organization
9673,http://www.wikidata.org/entity/Q18627728,university-teacher,publisher
9675,http://www.wikidata.org/entity/Q18628202,university-teacher,school
9676,http://www.wikidata.org/entity/Q18629459,university-teacher,agency
9681,http://www.wikidata.org/entity/Q18633645,writer,organization
9685,http://www.wikidata.org/entity/Q18643006,university-teacher,publisher
9694,http://www.wikidata.org/entity/Q18644580,university-teacher,institution
9699,http://www.wikidata.org/entity/Q18645163,university-teacher,publisher
9702,http://www.wikidata.org/entity/Q18645757,university-teacher,education
9705,http://www.wikidata.org/entity/Q18647484,political-scientist,publisher
9707,http://www.wikidata.org/entity/Q186561,university-teacher,education
9708,http://www.wikidata.org/entity/Q1866029,university-teacher,university
9709,http://www.wikidata.org/entity/Q18683259,university-teacher,publisher
9711,http://www.wikidata.org/entity/Q18684093,university-teacher,publisher
9713,http://www.wikidata.org/entity/Q18704566,philosopher,facility
9715,http://www.wikidata.org/entity/Q1871426,university-teacher,education
9716,http://www.wikidata.org/entity/Q1871468,university-teacher,university
9717,http://www.wikidata.org/entity/Q18719231,editor,college
9718,http://www.wikidata.org/entity/Q18719245,criminologist,education
9720,http://www.wikidata.org/entity/Q1873547,university-teacher,university
9722,http://www.wikidata.org/entity/Q18738721,historian,education
9724,http://www.wikidata.org/entity/Q18744681,researcher,publisher
9726,http://www.wikidata.org/entity/Q1874828,university-teacher,agency
9727,http://www.wikidata.org/entity/Q18748301,writer,publisher
9730,http://www.wikidata.org/entity/Q1878113,university-teacher,university
9731,http://www.wikidata.org/entity/Q1878239,university-teacher,university
9732,http://www.wikidata.org/entity/Q18785056,writer,organization
9733,http://www.wikidata.org/entity/Q1880779,university-teacher,publisher
9736,http://www.wikidata.org/entity/Q18817216,religious-studies-scholar,university
9737,http://www.wikidata.org/entity/Q18817364,researcher,university
9740,http://www.wikidata.org/entity/Q18818016,university-teacher,university
9741,http://www.wikidata.org/entity/Q18818063,peace-activist,university
9743,http://www.wikidata.org/entity/Q18818292,political-scientist,publisher
9748,http://www.wikidata.org/entity/Q18857370,university-teacher,education
9749,http://www.wikidata.org/entity/Q1887796,university-teacher,education
9751,http://www.wikidata.org/entity/Q1889425,university-teacher,publisher
9753,http://www.wikidata.org/entity/Q1890092,university-teacher,education
9755,http://www.wikidata.org/entity/Q18910493,university-teacher,education
9758,http://www.wikidata.org/entity/Q18911929,university-teacher,education
9760,http://www.wikidata.org/entity/Q18912062,university-teacher,education
9762,http://www.wikidata.org/entity/Q1891695,university-teacher,education
9764,http://www.wikidata.org/entity/Q189172,writer,education
9765,http://www.wikidata.org/entity/Q18920052,university-teacher,university
9767,http://www.wikidata.org/entity/Q18921626,business-economist,publisher
9769,http://www.wikidata.org/entity/Q18922793,economist,education
9771,http://www.wikidata.org/entity/Q18927789,writer,education
9772,http://www.wikidata.org/entity/Q1892853,politician,enterprise
9773,http://www.wikidata.org/entity/Q1894631,researcher,education
9774,http://www.wikidata.org/entity/Q1894952,university-teacher,organization
9775,http://www.wikidata.org/entity/Q1895367,university-teacher,university
9776,http://www.wikidata.org/entity/Q18955382,historian,publisher
9778,http://www.wikidata.org/entity/Q1895887,university-teacher,university
9780,http://www.wikidata.org/entity/Q18974782,university-teacher,publisher
9781,http://www.wikidata.org/entity/Q18977652,university-teacher,education
9782,http://www.wikidata.org/entity/Q18978002,university-teacher,education
9783,http://www.wikidata.org/entity/Q189782,university-teacher,publisher
9786,http://www.wikidata.org/entity/Q1899109,university-teacher,university
9787,http://www.wikidata.org/entity/Q1899176,university-teacher,education
9789,http://www.wikidata.org/entity/Q1901790,university-teacher,university
9791,http://www.wikidata.org/entity/Q1903689,university-teacher,university
9792,http://www.wikidata.org/entity/Q1903975,university-teacher,publisher
9793,http://www.wikidata.org/entity/Q1904124,university-teacher,university
9794,http://www.wikidata.org/entity/Q1904334,university-teacher,education
9796,http://www.wikidata.org/entity/Q1904596,university-teacher,university
9797,http://www.wikidata.org/entity/Q1904881,university-teacher,education
9798,http://www.wikidata.org/entity/Q1904943,writer,publisher
9801,http://www.wikidata.org/entity/Q19060278,non-fiction-writer,newspaper
9802,http://www.wikidata.org/entity/Q1906058,university-teacher,education
9804,http://www.wikidata.org/entity/Q19074,university-teacher,education
9806,http://www.wikidata.org/entity/Q1910024,university-teacher,university
9807,http://www.wikidata.org/entity/Q1910061,university-teacher,publisher
9813,http://www.wikidata.org/entity/Q1913053,university-teacher,university
9814,http://www.wikidata.org/entity/Q1913314,university-teacher,organization
9816,http://www.wikidata.org/entity/Q1915608,university-teacher,university
9818,http://www.wikidata.org/entity/Q19204599,university-teacher,publisher
9819,http://www.wikidata.org/entity/Q19206420,politician,publisher
9823,http://www.wikidata.org/entity/Q19268512,political-scientist,institute
9824,http://www.wikidata.org/entity/Q19268672,university-teacher,university
9826,http://www.wikidata.org/entity/Q19268922,university-teacher,university
9829,http://www.wikidata.org/entity/Q1927011,university-teacher,publisher
9830,http://www.wikidata.org/entity/Q1927016,university-teacher,university
9831,http://www.wikidata.org/entity/Q1927236,university-teacher,university
9835,http://www.wikidata.org/entity/Q19277124,university-teacher,university
9836,http://www.wikidata.org/entity/Q19277430,university-teacher,education
9838,http://www.wikidata.org/entity/Q1928614,author,education
9839,http://www.wikidata.org/entity/Q19287602,university-teacher,agency
9840,http://www.wikidata.org/entity/Q19287996,university-teacher,university
9845,http://www.wikidata.org/entity/Q19296052,university-teacher,organization
9846,http://www.wikidata.org/entity/Q19296345,university-teacher,university
9847,http://www.wikidata.org/entity/Q19297578,university-teacher,university
9848,http://www.wikidata.org/entity/Q19299291,university-teacher,university
9849,http://www.wikidata.org/entity/Q1930087,university-teacher,organization
9850,http://www.wikidata.org/entity/Q1930168,university-teacher,education
9854,http://www.wikidata.org/entity/Q19309146,university-teacher,university
9856,http://www.wikidata.org/entity/Q19311841,university-teacher,education
9858,http://www.wikidata.org/entity/Q19320890,writer,publisher
9859,http://www.wikidata.org/entity/Q193257,university-teacher,education
9860,http://www.wikidata.org/entity/Q1933479,university-teacher,organization
9861,http://www.wikidata.org/entity/Q19335551,university-teacher,education
9863,http://www.wikidata.org/entity/Q1933670,professor,university
9864,http://www.wikidata.org/entity/Q19357525,university-teacher,publisher
9868,http://www.wikidata.org/entity/Q1935897,writer,education
9869,http://www.wikidata.org/entity/Q1936154,university-teacher,education
9872,http://www.wikidata.org/entity/Q19365931,philosopher,publisher
9881,http://www.wikidata.org/entity/Q1938520,university-teacher,education
9882,http://www.wikidata.org/entity/Q193871,university-teacher,education
9883,http://www.wikidata.org/entity/Q1942773,university-teacher,publisher
9886,http://www.wikidata.org/entity/Q194655,university-teacher,institute
9888,http://www.wikidata.org/entity/Q194771,researcher,publisher
9889,http://www.wikidata.org/entity/Q1948926,university-teacher,university
9890,http://www.wikidata.org/entity/Q1949262,university-teacher,publisher
9891,http://www.wikidata.org/entity/Q1949844,university-teacher,university
9893,http://www.wikidata.org/entity/Q195085,university-teacher,education
9894,http://www.wikidata.org/entity/Q19513369,university-teacher,education
9897,http://www.wikidata.org/entity/Q19513689,university-teacher,education
9900,http://www.wikidata.org/entity/Q1953672,university-teacher,institute
9902,http://www.wikidata.org/entity/Q19543887,writer,newspaper
9907,http://www.wikidata.org/entity/Q1956990,university-teacher,organization
9908,http://www.wikidata.org/entity/Q1957088,university-teacher,publisher
9909,http://www.wikidata.org/entity/Q1957483,university-teacher,organization
9910,http://www.wikidata.org/entity/Q1958362,university-teacher,organization
9912,http://www.wikidata.org/entity/Q19587623,university-teacher,institute
9917,http://www.wikidata.org/entity/Q19613842,university-teacher,university
9923,http://www.wikidata.org/entity/Q19630004,university-teacher,education
9927,http://www.wikidata.org/entity/Q19636989,author,education
9928,http://www.wikidata.org/entity/Q1963831,university-teacher,publisher
9932,http://www.wikidata.org/entity/Q19661095,university-teacher,university
9933,http://www.wikidata.org/entity/Q1966295,university-teacher,education
9935,http://www.wikidata.org/entity/Q19664823,university-teacher,education
9936,http://www.wikidata.org/entity/Q19665154,psychologist,education
9937,http://www.wikidata.org/entity/Q19665430,university-teacher,publisher
9939,http://www.wikidata.org/entity/Q19666815,university-teacher,education
9941,http://www.wikidata.org/entity/Q19667391,activist,organization
9943,http://www.wikidata.org/entity/Q19668528,photographer,education
9944,http://www.wikidata.org/entity/Q19668652,university-teacher,organization
9947,http://www.wikidata.org/entity/Q19690198,university-teacher,university
9948,http://www.wikidata.org/entity/Q19690277,university-teacher,education
9950,http://www.wikidata.org/entity/Q19691364,university-teacher,institute
9952,http://www.wikidata.org/entity/Q1969431,writer,education
9958,http://www.wikidata.org/entity/Q19731586,civil-servant,publisher
9962,http://www.wikidata.org/entity/Q1974473,economist,education
9963,http://www.wikidata.org/entity/Q1974529,translator,university
9964,http://www.wikidata.org/entity/Q19745749,university-teacher,publisher
9965,http://www.wikidata.org/entity/Q1974658,university-teacher,organization
9970,http://www.wikidata.org/entity/Q19757762,economist,education
9975,http://www.wikidata.org/entity/Q19803270,university-teacher,publisher
9976,http://www.wikidata.org/entity/Q19825343,political-scientist,education
9977,http://www.wikidata.org/entity/Q19835760,university-teacher,publisher
9978,http://www.wikidata.org/entity/Q1984383,university-teacher,organization
9982,http://www.wikidata.org/entity/Q19866745,researcher,education
9983,http://www.wikidata.org/entity/Q19871491,academic,organization
9985,http://www.wikidata.org/entity/Q19874006,writer,education
9988,http://www.wikidata.org/entity/Q19880951,university-teacher,education
9989,http://www.wikidata.org/entity/Q19881137,university-teacher,education
9991,http://www.wikidata.org/entity/Q19893700,university-teacher,education
9992,http://www.wikidata.org/entity/Q19898950,university-teacher,university
9993,http://www.wikidata.org/entity/Q19901625,university-teacher,university
9994,http://www.wikidata.org/entity/Q1990451,university-teacher,publisher
9995,http://www.wikidata.org/entity/Q19906828,political-scientist,institute
10001,http://www.wikidata.org/entity/Q1991603,university-teacher,publisher
10004,http://www.wikidata.org/entity/Q19924467,professeur-des-universités,university
10006,http://www.wikidata.org/entity/Q19945161,university-teacher,university
10008,http://www.wikidata.org/entity/Q19957873,university-teacher,university
10010,http://www.wikidata.org/entity/Q19959118,university-teacher,education
10011,http://www.wikidata.org/entity/Q19959912,university-teacher,publisher
10013,http://www.wikidata.org/entity/Q19960221,university-teacher,university
10014,http://www.wikidata.org/entity/Q19964103,university-teacher,publisher
10015,http://www.wikidata.org/entity/Q19965175,university-teacher,university
10016,http://www.wikidata.org/entity/Q1996730,university-teacher,education
10017,http://www.wikidata.org/entity/Q1997006,university-teacher,publisher
10018,http://www.wikidata.org/entity/Q19973910,university-teacher,university
10019,http://www.wikidata.org/entity/Q19974686,university-teacher,publisher
10022,http://www.wikidata.org/entity/Q199890,university-teacher,publisher
10023,http://www.wikidata.org/entity/Q1999452,university-teacher,education
10024,http://www.wikidata.org/entity/Q1999455,university-teacher,university
10026,http://www.wikidata.org/entity/Q1999558,university-teacher,education
10027,http://www.wikidata.org/entity/Q19998243,professor,publisher
10029,http://www.wikidata.org/entity/Q20003379,university-teacher,other
10032,http://www.wikidata.org/entity/Q20005307,journalist,newspaper
10034,http://www.wikidata.org/entity/Q20006906,university-teacher,publisher
10042,http://www.wikidata.org/entity/Q20017140,writer,publisher
10047,http://www.wikidata.org/entity/Q20029871,writer,publisher
10048,http://www.wikidata.org/entity/Q20032074,university-teacher,education
10064,http://www.wikidata.org/entity/Q20041688,activist,university
10065,http://www.wikidata.org/entity/Q20041837,teacher,publisher
10069,http://www.wikidata.org/entity/Q20045888,writer,publisher
10073,http://www.wikidata.org/entity/Q20048474,writer,education
10079,http://www.wikidata.org/entity/Q20055517,university-teacher,education
10081,http://www.wikidata.org/entity/Q20056769,writer,education
10083,http://www.wikidata.org/entity/Q20064357,university-teacher,university
10087,http://www.wikidata.org/entity/Q20085101,university-teacher,university
10091,http://www.wikidata.org/entity/Q200913,university-teacher,education
10092,http://www.wikidata.org/entity/Q20107436,writer,university
10094,http://www.wikidata.org/entity/Q20113511,political-scientist,facility
10096,http://www.wikidata.org/entity/Q20127890,university-teacher,education
10098,http://www.wikidata.org/entity/Q201489,university-teacher,education
10103,http://www.wikidata.org/entity/Q2020415,university-teacher,publisher
10105,http://www.wikidata.org/entity/Q2020434,economist,publisher
10106,http://www.wikidata.org/entity/Q2021759,university-teacher,publisher
10107,http://www.wikidata.org/entity/Q2022636,historian,university
10109,http://www.wikidata.org/entity/Q20252458,university-teacher,university
10111,http://www.wikidata.org/entity/Q20252757,physician,organization
10113,http://www.wikidata.org/entity/Q20254100,university-teacher,university
10115,http://www.wikidata.org/entity/Q2027067,historian,university
10118,http://www.wikidata.org/entity/Q2032293,university-teacher,publisher
10119,http://www.wikidata.org/entity/Q2033008,university-teacher,publisher
10120,http://www.wikidata.org/entity/Q2034439,university-teacher,university
10121,http://www.wikidata.org/entity/Q2036141,university-teacher,education
10122,http://www.wikidata.org/entity/Q2036385,university-teacher,education
10124,http://www.wikidata.org/entity/Q2038294,university-teacher,publisher
10126,http://www.wikidata.org/entity/Q2039101,university-teacher,publisher
10127,http://www.wikidata.org/entity/Q203913,university-teacher,education
10135,http://www.wikidata.org/entity/Q20437697,politician,other
10136,http://www.wikidata.org/entity/Q2044760,pedagogue,education
10146,http://www.wikidata.org/entity/Q20487010,university-teacher,education
10148,http://www.wikidata.org/entity/Q20501890,scientist,education
10149,http://www.wikidata.org/entity/Q20502863,university-teacher,education
10150,http://www.wikidata.org/entity/Q20506147,philosopher,publisher
10151,http://www.wikidata.org/entity/Q20510158,university-teacher,institute
10152,http://www.wikidata.org/entity/Q20510823,economist,institute
10153,http://www.wikidata.org/entity/Q205162,university-teacher,education
10157,http://www.wikidata.org/entity/Q20525420,historian,organization
10159,http://www.wikidata.org/entity/Q2053026,university-teacher,university
10161,http://www.wikidata.org/entity/Q20533475,writer,university
10162,http://www.wikidata.org/entity/Q20533858,university-teacher,publisher
10167,http://www.wikidata.org/entity/Q2055134,university-teacher,university
10174,http://www.wikidata.org/entity/Q2060461,university-teacher,education
10175,http://www.wikidata.org/entity/Q2060571,university-teacher,publisher
10179,http://www.wikidata.org/entity/Q20631227,historian,education
10180,http://www.wikidata.org/entity/Q20631235,academic,education
10181,http://www.wikidata.org/entity/Q2063164,university-teacher,publisher
10182,http://www.wikidata.org/entity/Q2063498,university-teacher,university
10183,http://www.wikidata.org/entity/Q20638645,university-teacher,education
10184,http://www.wikidata.org/entity/Q20638668,university-teacher,education
10187,http://www.wikidata.org/entity/Q20640771,scientist,institute
10194,http://www.wikidata.org/entity/Q20666064,university-teacher,university
10195,http://www.wikidata.org/entity/Q20666321,university-teacher,organization
10196,http://www.wikidata.org/entity/Q20668460,university-teacher,education
10199,http://www.wikidata.org/entity/Q20675496,university-teacher,university
10201,http://www.wikidata.org/entity/Q20675520,anthropologist,education
10204,http://www.wikidata.org/entity/Q20675662,university-teacher,education
10207,http://www.wikidata.org/entity/Q20675755,university-teacher,publisher
10211,http://www.wikidata.org/entity/Q20712225,rower,organization
10212,http://www.wikidata.org/entity/Q20715606,historian,publisher
10213,http://www.wikidata.org/entity/Q20716216,university-teacher,organization
10218,http://www.wikidata.org/entity/Q2073491,university-teacher,organization
10219,http://www.wikidata.org/entity/Q2073557,university-teacher,university
10220,http://www.wikidata.org/entity/Q2073566,university-teacher,organization
10222,http://www.wikidata.org/entity/Q2073652,university-teacher,organization
10224,http://www.wikidata.org/entity/Q20739093,philosopher,publisher
10236,http://www.wikidata.org/entity/Q207478,psychologist,institution
10238,http://www.wikidata.org/entity/Q2075276,university-teacher,university
10239,http://www.wikidata.org/entity/Q2075373,university-teacher,education
10240,http://www.wikidata.org/entity/Q20754835,university-teacher,university
10241,http://www.wikidata.org/entity/Q20754974,sociolinguist,publisher
10242,http://www.wikidata.org/entity/Q20757834,writer,publisher
10243,http://www.wikidata.org/entity/Q2076537,university-teacher,institute
10245,http://www.wikidata.org/entity/Q2077150,professor,education
10247,http://www.wikidata.org/entity/Q2078031,university-teacher,education
10248,http://www.wikidata.org/entity/Q2078855,university-teacher,university
10249,http://www.wikidata.org/entity/Q20790798,university-teacher,college
10252,http://www.wikidata.org/entity/Q2080483,university-teacher,publisher
10253,http://www.wikidata.org/entity/Q2080862,university-teacher,education
10254,http://www.wikidata.org/entity/Q2080935,university-teacher,institute
10256,http://www.wikidata.org/entity/Q20821261,economist,education
10257,http://www.wikidata.org/entity/Q20829491,trade-unionist,publisher
10258,http://www.wikidata.org/entity/Q20831437,university-teacher,education
10259,http://www.wikidata.org/entity/Q20831439,historian,organization
10262,http://www.wikidata.org/entity/Q2086156,university-teacher,education
10267,http://www.wikidata.org/entity/Q20872855,university-teacher,university
10268,http://www.wikidata.org/entity/Q20873755,economist,education
10270,http://www.wikidata.org/entity/Q2087559,university-teacher,education
10273,http://www.wikidata.org/entity/Q20877138,university-teacher,organization
10278,http://www.wikidata.org/entity/Q20895269,university-teacher,education
10282,http://www.wikidata.org/entity/Q20908933,university-teacher,organization
10283,http://www.wikidata.org/entity/Q20929114,university-teacher,publisher
10284,http://www.wikidata.org/entity/Q2093915,politician,education
10286,http://www.wikidata.org/entity/Q2094482,university-teacher,education
10288,http://www.wikidata.org/entity/Q20961820,historian,publisher
10289,http://www.wikidata.org/entity/Q20961880,researcher,university
10290,http://www.wikidata.org/entity/Q20962866,university-teacher,organization
10293,http://www.wikidata.org/entity/Q20968749,political-scientist,institute
10294,http://www.wikidata.org/entity/Q20973595,literary-critic,publisher
10297,http://www.wikidata.org/entity/Q20981392,researcher,publisher
10298,http://www.wikidata.org/entity/Q20984803,university-teacher,education
10300,http://www.wikidata.org/entity/Q20985925,university-teacher,education
10301,http://www.wikidata.org/entity/Q20994187,university-teacher,publisher
10303,http://www.wikidata.org/entity/Q20994938,politician,publisher
10306,http://www.wikidata.org/entity/Q2100213,university-teacher,university
10309,http://www.wikidata.org/entity/Q21013691,catholic-priest,publisher
10317,http://www.wikidata.org/entity/Q21028975,non-fiction-writer,publisher
10322,http://www.wikidata.org/entity/Q210343,university-teacher,publisher
10324,http://www.wikidata.org/entity/Q21036831,politician,education
10325,http://www.wikidata.org/entity/Q21055393,writer,education
10328,http://www.wikidata.org/entity/Q21062173,social-scientist,publisher
10329,http://www.wikidata.org/entity/Q21062184,university-teacher,education
10333,http://www.wikidata.org/entity/Q21062374,researcher,education
10337,http://www.wikidata.org/entity/Q21074076,university-teacher,organization
10340,http://www.wikidata.org/entity/Q21084262,university-teacher,university
10342,http://www.wikidata.org/entity/Q21091536,university-teacher,publisher
10345,http://www.wikidata.org/entity/Q21104171,writer,education
10347,http://www.wikidata.org/entity/Q211095,educator,education
10349,http://www.wikidata.org/entity/Q21131842,geographer,education
10350,http://www.wikidata.org/entity/Q21133465,scientist,education
10355,http://www.wikidata.org/entity/Q21152477,university-teacher,publisher
10356,http://www.wikidata.org/entity/Q21154097,university-teacher,publisher
10358,http://www.wikidata.org/entity/Q21163,university-teacher,agency
10359,http://www.wikidata.org/entity/Q21163383,university-teacher,organization
10362,http://www.wikidata.org/entity/Q21176397,geographer,education
10364,http://www.wikidata.org/entity/Q211771,politician,publisher
10365,http://www.wikidata.org/entity/Q21192233,university-teacher,education
10367,http://www.wikidata.org/entity/Q21207265,university-teacher,publisher
10368,http://www.wikidata.org/entity/Q21257719,university-teacher,publisher
10370,http://www.wikidata.org/entity/Q21258453,university-teacher,university
10372,http://www.wikidata.org/entity/Q21264067,professor,education
10373,http://www.wikidata.org/entity/Q21264298,university-teacher,publisher
10374,http://www.wikidata.org/entity/Q21264644,university-teacher,education
10375,http://www.wikidata.org/entity/Q21264662,university-teacher,agency
10376,http://www.wikidata.org/entity/Q21272292,university-teacher,publisher
10377,http://www.wikidata.org/entity/Q2128059,university-teacher,publisher
10378,http://www.wikidata.org/entity/Q2128084,university-teacher,institute
10380,http://www.wikidata.org/entity/Q21282147,politician,university
10381,http://www.wikidata.org/entity/Q2128275,university-teacher,institute
10383,http://www.wikidata.org/entity/Q2128349,university-teacher,education
10386,http://www.wikidata.org/entity/Q21288053,university-teacher,education
10390,http://www.wikidata.org/entity/Q2129632,university-teacher,education
10391,http://www.wikidata.org/entity/Q212993,university-teacher,education
10393,http://www.wikidata.org/entity/Q2134762,university-teacher,organization
10394,http://www.wikidata.org/entity/Q213652,university-teacher,education
10395,http://www.wikidata.org/entity/Q2138050,university-teacher,publisher
10396,http://www.wikidata.org/entity/Q213909,university-teacher,university
10397,http://www.wikidata.org/entity/Q21392115,scientist,institute
10399,http://www.wikidata.org/entity/Q21402726,university-teacher,education
10401,http://www.wikidata.org/entity/Q2140428,university-teacher,university
10402,http://www.wikidata.org/entity/Q2140590,university-teacher,publisher
10404,http://www.wikidata.org/entity/Q2140800,university-teacher,university
10406,http://www.wikidata.org/entity/Q2141255,university-teacher,university
10407,http://www.wikidata.org/entity/Q2141401,university-teacher,publisher
10408,http://www.wikidata.org/entity/Q214256,university-teacher,agency
10409,http://www.wikidata.org/entity/Q2143451,university-teacher,organization
10410,http://www.wikidata.org/entity/Q2143487,university-teacher,university
10411,http://www.wikidata.org/entity/Q2144773,university-teacher,university
10412,http://www.wikidata.org/entity/Q2144933,university-teacher,newspaper
10413,http://www.wikidata.org/entity/Q21451382,university-teacher,organization
10414,http://www.wikidata.org/entity/Q214676,university-teacher,college
10418,http://www.wikidata.org/entity/Q214958,university-teacher,education
10419,http://www.wikidata.org/entity/Q2150038,university-teacher,education
10420,http://www.wikidata.org/entity/Q2150248,university-teacher,publisher
10421,http://www.wikidata.org/entity/Q215031,university-teacher,education
10422,http://www.wikidata.org/entity/Q215046,university-teacher,agency
10426,http://www.wikidata.org/entity/Q21513544,university-teacher,university
10427,http://www.wikidata.org/entity/Q215139,university-teacher,education
10429,http://www.wikidata.org/entity/Q215178,university-teacher,agency
10430,http://www.wikidata.org/entity/Q21517986,university-teacher,education
10431,http://www.wikidata.org/entity/Q21526412,university-teacher,education
10437,http://www.wikidata.org/entity/Q21539727,academic,publisher
10438,http://www.wikidata.org/entity/Q21541858,university-teacher,publisher
10444,http://www.wikidata.org/entity/Q21543259,university-teacher,university
10445,http://www.wikidata.org/entity/Q2154641,university-teacher,publisher
10446,http://www.wikidata.org/entity/Q21551908,university-teacher,university
10447,http://www.wikidata.org/entity/Q21551990,university-teacher,university
10448,http://www.wikidata.org/entity/Q2156108,university-teacher,university
10449,http://www.wikidata.org/entity/Q215656,university-teacher,organization
10450,http://www.wikidata.org/entity/Q2156770,university-teacher,education
10451,http://www.wikidata.org/entity/Q21569204,documentary-filmmaker,enterprise
10452,http://www.wikidata.org/entity/Q2156939,university-teacher,university
10453,http://www.wikidata.org/entity/Q21570412,researcher,university
10454,http://www.wikidata.org/entity/Q2157155,university-teacher,education
10459,http://www.wikidata.org/entity/Q215779,politician,university
10460,http://www.wikidata.org/entity/Q21583285,university-teacher,education
10461,http://www.wikidata.org/entity/Q215834,university-teacher,education
10462,http://www.wikidata.org/entity/Q215896,university-teacher,agency
10464,http://www.wikidata.org/entity/Q2159863,university-teacher,education
10465,http://www.wikidata.org/entity/Q21601054,university-teacher,education
10467,http://www.wikidata.org/entity/Q2160788,university-teacher,university
10468,http://www.wikidata.org/entity/Q21612538,university-teacher,education
10470,http://www.wikidata.org/entity/Q21624067,university-teacher,publisher
10471,http://www.wikidata.org/entity/Q2162673,university-teacher,education
10472,http://www.wikidata.org/entity/Q2162719,university-teacher,university
10474,http://www.wikidata.org/entity/Q2163390,university-teacher,agency
10477,http://www.wikidata.org/entity/Q2163802,university-teacher,publisher
10479,http://www.wikidata.org/entity/Q21644215,writer,academy
10485,http://www.wikidata.org/entity/Q2165623,university-teacher,institute
10486,http://www.wikidata.org/entity/Q2165653,university-teacher,education
10488,http://www.wikidata.org/entity/Q21664057,university-teacher,education
10491,http://www.wikidata.org/entity/Q2166751,university-teacher,education
10492,http://www.wikidata.org/entity/Q2166894,university-teacher,university
10493,http://www.wikidata.org/entity/Q21683814,historian,education
10510,http://www.wikidata.org/entity/Q2170766,docent,education
10511,http://www.wikidata.org/entity/Q21715510,university-teacher,education
10512,http://www.wikidata.org/entity/Q2172123,university-teacher,university
10513,http://www.wikidata.org/entity/Q2173270,university-teacher,education
10514,http://www.wikidata.org/entity/Q2173895,university-teacher,publisher
10515,http://www.wikidata.org/entity/Q2173903,university-teacher,university
10518,http://www.wikidata.org/entity/Q2177712,university-teacher,publisher
10521,http://www.wikidata.org/entity/Q21811399,university-teacher,publisher
10528,http://www.wikidata.org/entity/Q21872221,university-teacher,organization
10529,http://www.wikidata.org/entity/Q21884175,social-scientist,institute
10531,http://www.wikidata.org/entity/Q2190544,university-teacher,organization
10535,http://www.wikidata.org/entity/Q219368,university-teacher,education
10538,http://www.wikidata.org/entity/Q21953084,university-teacher,school
10539,http://www.wikidata.org/entity/Q21964902,writer,education
10541,http://www.wikidata.org/entity/Q21997121,historian,college
10542,http://www.wikidata.org/entity/Q220008,university-teacher,education
10543,http://www.wikidata.org/entity/Q22001820,university-teacher,institute
10545,http://www.wikidata.org/entity/Q22003285,researcher,publisher
10548,http://www.wikidata.org/entity/Q22005671,university-teacher,university
10549,http://www.wikidata.org/entity/Q22006773,university-teacher,education
10550,http://www.wikidata.org/entity/Q2202147,literary-critic,education
10551,http://www.wikidata.org/entity/Q220269,university-teacher,publisher
10555,http://www.wikidata.org/entity/Q22069301,university-teacher,organization
10558,http://www.wikidata.org/entity/Q22095876,epidemiologist,school
10559,http://www.wikidata.org/entity/Q22095898,university-teacher,education
10561,http://www.wikidata.org/entity/Q22096471,university-teacher,education
10562,http://www.wikidata.org/entity/Q22096670,university-teacher,publisher
10563,http://www.wikidata.org/entity/Q22097377,university-teacher,university
10565,http://www.wikidata.org/entity/Q22102114,university-teacher,education
10572,http://www.wikidata.org/entity/Q22133181,historian,organization
10574,http://www.wikidata.org/entity/Q2217894,university-teacher,education
10581,http://www.wikidata.org/entity/Q22249280,anthropologist,publisher
10582,http://www.wikidata.org/entity/Q2225588,university-teacher,institute
10583,http://www.wikidata.org/entity/Q2227382,university-teacher,university
10586,http://www.wikidata.org/entity/Q22278218,writer,facility
10588,http://www.wikidata.org/entity/Q22279267,university-teacher,other
10589,http://www.wikidata.org/entity/Q22298484,ethicist,university
10594,http://www.wikidata.org/entity/Q22349204,professor,education
10597,http://www.wikidata.org/entity/Q22367193,university-teacher,education
10598,http://www.wikidata.org/entity/Q22386384,university-teacher,education
10601,http://www.wikidata.org/entity/Q22442868,professor,education
10602,http://www.wikidata.org/entity/Q22442870,university-teacher,education
10603,http://www.wikidata.org/entity/Q22442889,university-teacher,education
10607,http://www.wikidata.org/entity/Q22443140,university-teacher,education
10608,http://www.wikidata.org/entity/Q22443207,university-teacher,education
10613,http://www.wikidata.org/entity/Q2256450,university-teacher,university
10615,http://www.wikidata.org/entity/Q2261953,university-teacher,education
10616,http://www.wikidata.org/entity/Q2263060,university-teacher,university
10617,http://www.wikidata.org/entity/Q22666021,university-teacher,education
10620,http://www.wikidata.org/entity/Q2267452,university-teacher,organization
10621,http://www.wikidata.org/entity/Q22679512,university-teacher,school
10625,http://www.wikidata.org/entity/Q22695633,economist,university
10628,http://www.wikidata.org/entity/Q2269923,psychologist,institute
10631,http://www.wikidata.org/entity/Q2277864,university-teacher,education
10632,http://www.wikidata.org/entity/Q2278220,university-teacher,publisher
10633,http://www.wikidata.org/entity/Q2281031,university-teacher,publisher
10634,http://www.wikidata.org/entity/Q22813241,computer-scientist,education
10636,http://www.wikidata.org/entity/Q2283543,university-teacher,university
10637,http://www.wikidata.org/entity/Q2284731,university-teacher,publisher
10638,http://www.wikidata.org/entity/Q2285246,trade-unionist,institute
10641,http://www.wikidata.org/entity/Q2289806,university-teacher,university
10646,http://www.wikidata.org/entity/Q2293023,university-teacher,education
10648,http://www.wikidata.org/entity/Q2293713,university-teacher,organization
10649,http://www.wikidata.org/entity/Q2293866,university-teacher,university
10650,http://www.wikidata.org/entity/Q2294066,university-teacher,publisher
10652,http://www.wikidata.org/entity/Q229520,university-teacher,organization
10654,http://www.wikidata.org/entity/Q2296654,politician,university
10655,http://www.wikidata.org/entity/Q2298313,university-teacher,education
10657,http://www.wikidata.org/entity/Q23001474,university-teacher,university
10659,http://www.wikidata.org/entity/Q23006292,university-teacher,university
10660,http://www.wikidata.org/entity/Q23010280,researcher,publisher
10661,http://www.wikidata.org/entity/Q23011316,anthropologist,education
10662,http://www.wikidata.org/entity/Q23014827,university-teacher,education
10663,http://www.wikidata.org/entity/Q23014907,university-teacher,education
10664,http://www.wikidata.org/entity/Q23016834,professor,education
10668,http://www.wikidata.org/entity/Q23039859,psychometrist,institute
10675,http://www.wikidata.org/entity/Q23043548,university-teacher,publisher
10677,http://www.wikidata.org/entity/Q230578,writer,education
10678,http://www.wikidata.org/entity/Q23059395,university-teacher,education
10683,http://www.wikidata.org/entity/Q23062633,librarian,publisher
10685,http://www.wikidata.org/entity/Q23065401,university-teacher,university
10686,http://www.wikidata.org/entity/Q23071873,university-teacher,publisher
10688,http://www.wikidata.org/entity/Q23091468,university-teacher,college
10689,http://www.wikidata.org/entity/Q23091920,university-teacher,education
10692,http://www.wikidata.org/entity/Q231349,anthropologist,education
10695,http://www.wikidata.org/entity/Q2325491,university-teacher,education
10698,http://www.wikidata.org/entity/Q23296493,university-teacher,publisher
10703,http://www.wikidata.org/entity/Q23303136,university-teacher,education
10704,http://www.wikidata.org/entity/Q23304500,university-teacher,publisher
10707,http://www.wikidata.org/entity/Q2335595,political-scientist,education
10708,http://www.wikidata.org/entity/Q2336155,university-teacher,university
10709,http://www.wikidata.org/entity/Q2336570,university-teacher,publisher
10710,http://www.wikidata.org/entity/Q2336950,university-teacher,publisher
10711,http://www.wikidata.org/entity/Q2337174,university-teacher,university
10712,http://www.wikidata.org/entity/Q2338687,university-teacher,organization
10713,http://www.wikidata.org/entity/Q2339288,university-teacher,education
10716,http://www.wikidata.org/entity/Q2341229,author,education
10717,http://www.wikidata.org/entity/Q234335,writer,other
10718,http://www.wikidata.org/entity/Q2343535,university-teacher,organization
10723,http://www.wikidata.org/entity/Q2346981,university-teacher,education
10724,http://www.wikidata.org/entity/Q2346989,university-teacher,education
10725,http://www.wikidata.org/entity/Q2347881,university-teacher,education
10728,http://www.wikidata.org/entity/Q235125,university-teacher,education
10736,http://www.wikidata.org/entity/Q23654945,economist,institution
10737,http://www.wikidata.org/entity/Q23656651,university-teacher,academy
10742,http://www.wikidata.org/entity/Q2367468,anthropologist,education
10743,http://www.wikidata.org/entity/Q23682004,writer,publisher
10744,http://www.wikidata.org/entity/Q23682282,university-teacher,organization
10745,http://www.wikidata.org/entity/Q23682321,writer,education
10746,http://www.wikidata.org/entity/Q23682374,researcher,education
10747,http://www.wikidata.org/entity/Q2368950,university-teacher,education
10748,http://www.wikidata.org/entity/Q2369299,university-teacher,education
10752,http://www.wikidata.org/entity/Q2370158,university-teacher,education
10753,http://www.wikidata.org/entity/Q23710546,university-teacher,publisher
10754,http://www.wikidata.org/entity/Q2371291,university-teacher,agency
10755,http://www.wikidata.org/entity/Q2371473,university-teacher,education
10758,http://www.wikidata.org/entity/Q2373527,university-teacher,university
10761,http://www.wikidata.org/entity/Q23759736,university-teacher,education
10766,http://www.wikidata.org/entity/Q2377908,politician,publisher
10769,http://www.wikidata.org/entity/Q23809743,university-teacher,education
10770,http://www.wikidata.org/entity/Q23809832,university-teacher,university
10772,http://www.wikidata.org/entity/Q23817156,university-teacher,publisher
10773,http://www.wikidata.org/entity/Q2382686,politician,university
10778,http://www.wikidata.org/entity/Q23835912,university-teacher,publisher
10779,http://www.wikidata.org/entity/Q23836109,philosopher,publisher
10781,http://www.wikidata.org/entity/Q2384045,university-teacher,university
10785,http://www.wikidata.org/entity/Q2384852,economist,publisher
10788,http://www.wikidata.org/entity/Q2387448,university-teacher,publisher
10790,http://www.wikidata.org/entity/Q2387824,university-teacher,publisher
10792,http://www.wikidata.org/entity/Q23881744,criminologist,university
10793,http://www.wikidata.org/entity/Q23883364,philosopher,education
10794,http://www.wikidata.org/entity/Q23884009,writer,education
10795,http://www.wikidata.org/entity/Q23890217,university-teacher,university
10801,http://www.wikidata.org/entity/Q2390370,university-teacher,publisher
10810,http://www.wikidata.org/entity/Q23926331,teacher,university
10812,http://www.wikidata.org/entity/Q23936531,politician,publisher
10813,http://www.wikidata.org/entity/Q239419,university-teacher,education
10823,http://www.wikidata.org/entity/Q23950507,anthropologist,organization
10825,http://www.wikidata.org/entity/Q2398132,philosopher,university
10829,http://www.wikidata.org/entity/Q24008015,political-scientist,university
10835,http://www.wikidata.org/entity/Q2403577,anthropologist,university
10840,http://www.wikidata.org/entity/Q24045851,university-teacher,publisher
10841,http://www.wikidata.org/entity/Q24050044,university-teacher,institute
10842,http://www.wikidata.org/entity/Q24054887,university-teacher,publisher
10843,http://www.wikidata.org/entity/Q24055308,university-teacher,education
10845,http://www.wikidata.org/entity/Q24056007,university-teacher,education
10846,http://www.wikidata.org/entity/Q2406653,politician,institute
10852,http://www.wikidata.org/entity/Q2409677,journalist,institute
10854,http://www.wikidata.org/entity/Q241199,political-scientist,education
10856,http://www.wikidata.org/entity/Q2414827,university-teacher,organization
10858,http://www.wikidata.org/entity/Q2416978,university-teacher,publisher
10859,http://www.wikidata.org/entity/Q2417965,university-teacher,agency
10860,http://www.wikidata.org/entity/Q2418606,university-teacher,education
10861,http://www.wikidata.org/entity/Q2418627,university-teacher,education
10862,http://www.wikidata.org/entity/Q24189009,writer,education
10863,http://www.wikidata.org/entity/Q2419536,university-teacher,publisher
10868,http://www.wikidata.org/entity/Q242376,university-teacher,publisher
10869,http://www.wikidata.org/entity/Q2423787,university-teacher,publisher
10872,http://www.wikidata.org/entity/Q24248319,university-teacher,education
10877,http://www.wikidata.org/entity/Q2425565,university-teacher,agency
10879,http://www.wikidata.org/entity/Q2425836,university-teacher,institute
10880,http://www.wikidata.org/entity/Q24260015,researcher,education
10884,http://www.wikidata.org/entity/Q2427202,university-teacher,publisher
10886,http://www.wikidata.org/entity/Q24285900,historian,university
10892,http://www.wikidata.org/entity/Q24291868,university-teacher,publisher
10893,http://www.wikidata.org/entity/Q2429592,writer,publisher
10895,http://www.wikidata.org/entity/Q24351957,scientist,organization
10899,http://www.wikidata.org/entity/Q2438434,university-teacher,education
10900,http://www.wikidata.org/entity/Q2439570,university-teacher,education
10901,http://www.wikidata.org/entity/Q2440014,researcher,publisher
10902,http://www.wikidata.org/entity/Q2440796,anthropologist,education
10903,http://www.wikidata.org/entity/Q24416292,economist,education
10905,http://www.wikidata.org/entity/Q24427782,psychologist,college
10908,http://www.wikidata.org/entity/Q24430711,economist,publisher
10911,http://www.wikidata.org/entity/Q24431488,university-teacher,university
10912,http://www.wikidata.org/entity/Q2443702,university-teacher,publisher
10913,http://www.wikidata.org/entity/Q2446531,writer,education
10914,http://www.wikidata.org/entity/Q2448266,university-teacher,institute
10917,http://www.wikidata.org/entity/Q2452752,university-teacher,education
10920,http://www.wikidata.org/entity/Q24546274,draughts-player,university
10922,http://www.wikidata.org/entity/Q24565808,criminologist,university
10924,http://www.wikidata.org/entity/Q2456726,university-teacher,agency
10927,http://www.wikidata.org/entity/Q245800,politician,publisher
10928,http://www.wikidata.org/entity/Q2458224,university-teacher,publisher
10931,http://www.wikidata.org/entity/Q24642247,university-teacher,education
10933,http://www.wikidata.org/entity/Q2468158,university-teacher,organization
10935,http://www.wikidata.org/entity/Q24690412,university-teacher,publisher
10936,http://www.wikidata.org/entity/Q2469055,university-teacher,education
10939,http://www.wikidata.org/entity/Q24695428,university-teacher,education
10940,http://www.wikidata.org/entity/Q24703507,politician,organization
10942,http://www.wikidata.org/entity/Q24716707,educator,university
10943,http://www.wikidata.org/entity/Q2473337,university-teacher,university
10944,http://www.wikidata.org/entity/Q2473612,university-teacher,publisher
10945,http://www.wikidata.org/entity/Q2474825,university-teacher,publisher
10946,http://www.wikidata.org/entity/Q2474916,university-teacher,university
10947,http://www.wikidata.org/entity/Q2475630,university-teacher,publisher
10948,http://www.wikidata.org/entity/Q2475667,journalist,other
10949,http://www.wikidata.org/entity/Q2476812,university-teacher,university
10950,http://www.wikidata.org/entity/Q2477193,university-teacher,institute
10952,http://www.wikidata.org/entity/Q24817280,university-teacher,university
10959,http://www.wikidata.org/entity/Q2484549,pedagogue,organization
10961,http://www.wikidata.org/entity/Q24852186,university-teacher,university
10962,http://www.wikidata.org/entity/Q248558,university-teacher,education
10966,http://www.wikidata.org/entity/Q2488041,university-teacher,education
10968,http://www.wikidata.org/entity/Q24929506,psychologist,publisher
10974,http://www.wikidata.org/entity/Q24950966,university-teacher,education
10979,http://www.wikidata.org/entity/Q2501814,university-teacher,university
10982,http://www.wikidata.org/entity/Q2502980,university-teacher,agency
10984,http://www.wikidata.org/entity/Q2512361,university-teacher,organization
10985,http://www.wikidata.org/entity/Q2512445,university-teacher,education
10986,http://www.wikidata.org/entity/Q251282,university-teacher,education
10989,http://www.wikidata.org/entity/Q2516728,politician,organization
10990,http://www.wikidata.org/entity/Q2517502,university-teacher,publisher
10992,http://www.wikidata.org/entity/Q25189761,researcher,education
10993,http://www.wikidata.org/entity/Q2519220,university-teacher,publisher
10994,http://www.wikidata.org/entity/Q25209645,researcher,education
10995,http://www.wikidata.org/entity/Q25214228,university-teacher,publisher
10997,http://www.wikidata.org/entity/Q2524412,university-teacher,publisher
11000,http://www.wikidata.org/entity/Q2528746,university-teacher,publisher
11001,http://www.wikidata.org/entity/Q2529253,university-teacher,education
11002,http://www.wikidata.org/entity/Q2530910,university-teacher,institute
11003,http://www.wikidata.org/entity/Q253407,university-teacher,education
11005,http://www.wikidata.org/entity/Q25352378,university-teacher,education
11006,http://www.wikidata.org/entity/Q25376474,scientist,university
11012,http://www.wikidata.org/entity/Q2542199,university-teacher,education
11014,http://www.wikidata.org/entity/Q25428369,professor,university
11020,http://www.wikidata.org/entity/Q2544507,university-teacher,education
11021,http://www.wikidata.org/entity/Q254478,writer,education
11022,http://www.wikidata.org/entity/Q2544804,university-teacher,organization
11023,http://www.wikidata.org/entity/Q2545268,university-teacher,university
11025,http://www.wikidata.org/entity/Q2546032,university-teacher,publisher
11026,http://www.wikidata.org/entity/Q25460937,university-teacher,publisher
11027,http://www.wikidata.org/entity/Q2546101,university-teacher,university
11029,http://www.wikidata.org/entity/Q25461299,university-teacher,university
11032,http://www.wikidata.org/entity/Q2546305,university-teacher,university
11034,http://www.wikidata.org/entity/Q2546459,university-teacher,agency
11042,http://www.wikidata.org/entity/Q2551919,psychologist,education
11044,http://www.wikidata.org/entity/Q25536440,university-teacher,school
11046,http://www.wikidata.org/entity/Q2554664,political-scientist,education
11047,http://www.wikidata.org/entity/Q25550620,university-teacher,university
11050,http://www.wikidata.org/entity/Q2558727,anthropologist,publisher
11052,http://www.wikidata.org/entity/Q25591211,scientist,publisher
11056,http://www.wikidata.org/entity/Q2561223,university-teacher,publisher
11057,http://www.wikidata.org/entity/Q2561227,university-teacher,university
11058,http://www.wikidata.org/entity/Q25614772,psychologist,education
11059,http://www.wikidata.org/entity/Q2561528,university-teacher,university
11060,http://www.wikidata.org/entity/Q2561984,university-teacher,organization
11061,http://www.wikidata.org/entity/Q2562961,university-teacher,organization
11062,http://www.wikidata.org/entity/Q2563950,university-teacher,institute
11063,http://www.wikidata.org/entity/Q25649,writer,organization
11065,http://www.wikidata.org/entity/Q2568666,university-teacher,publisher
11066,http://www.wikidata.org/entity/Q2570134,university-teacher,education
11069,http://www.wikidata.org/entity/Q2571178,university-teacher,institute
11071,http://www.wikidata.org/entity/Q2575507,university-teacher,publisher
11073,http://www.wikidata.org/entity/Q2576683,university-teacher,institute
11074,http://www.wikidata.org/entity/Q2576756,writer,education
11075,http://www.wikidata.org/entity/Q2581404,university-teacher,education
11076,http://www.wikidata.org/entity/Q25820510,university-teacher,university
11077,http://www.wikidata.org/entity/Q2582212,university-teacher,university
11079,http://www.wikidata.org/entity/Q2584316,university-teacher,organization
11081,http://www.wikidata.org/entity/Q2589111,university-teacher,university
11082,http://www.wikidata.org/entity/Q2589201,university-teacher,publisher
11083,http://www.wikidata.org/entity/Q2589534,university-teacher,school
11086,http://www.wikidata.org/entity/Q2590296,university-teacher,publisher
11087,http://www.wikidata.org/entity/Q2590392,university-teacher,publisher
11088,http://www.wikidata.org/entity/Q2590472,university-teacher,publisher
11089,http://www.wikidata.org/entity/Q2590485,university-teacher,organization
11091,http://www.wikidata.org/entity/Q25909439,university-teacher,education
11092,http://www.wikidata.org/entity/Q2591204,university-teacher,publisher
11093,http://www.wikidata.org/entity/Q2591531,university-teacher,education
11095,http://www.wikidata.org/entity/Q2591819,university-teacher,publisher
11096,http://www.wikidata.org/entity/Q2591866,university-teacher,publisher
11097,http://www.wikidata.org/entity/Q2592024,university-teacher,university
11098,http://www.wikidata.org/entity/Q2592176,university-teacher,university
11103,http://www.wikidata.org/entity/Q2594771,university-teacher,university
11108,http://www.wikidata.org/entity/Q26025045,university-teacher,institute
11111,http://www.wikidata.org/entity/Q26059307,writer,publisher
11112,http://www.wikidata.org/entity/Q261112,university-teacher,agency
11114,http://www.wikidata.org/entity/Q26178986,political-scientist,publisher
11115,http://www.wikidata.org/entity/Q2618597,political-scientist,university
11118,http://www.wikidata.org/entity/Q2621509,university-teacher,organization
11119,http://www.wikidata.org/entity/Q26216079,political-scientist,education
11123,http://www.wikidata.org/entity/Q26240111,university-teacher,university
11125,http://www.wikidata.org/entity/Q26251562,university-teacher,education
11126,http://www.wikidata.org/entity/Q26251866,university-teacher,education
11128,http://www.wikidata.org/entity/Q26255424,university-teacher,publisher
11129,http://www.wikidata.org/entity/Q26255514,university-teacher,institute
11130,http://www.wikidata.org/entity/Q262628,historian,publisher
11131,http://www.wikidata.org/entity/Q26265655,university-teacher,university
11133,http://www.wikidata.org/entity/Q2633741,blogger,publisher
11134,http://www.wikidata.org/entity/Q2634091,journalist,education
11136,http://www.wikidata.org/entity/Q263531,university-teacher,education
11137,http://www.wikidata.org/entity/Q26365083,professor,education
11138,http://www.wikidata.org/entity/Q2636685,university-teacher,education
11139,http://www.wikidata.org/entity/Q263681,university-teacher,education
11140,http://www.wikidata.org/entity/Q2638216,university-teacher,education
11141,http://www.wikidata.org/entity/Q2638731,university-teacher,education
11145,http://www.wikidata.org/entity/Q2643009,university-teacher,publisher
11146,http://www.wikidata.org/entity/Q26433905,writer,publisher
11147,http://www.wikidata.org/entity/Q264341,university-teacher,education
11148,http://www.wikidata.org/entity/Q2643470,economist,organization
11150,http://www.wikidata.org/entity/Q2644225,university-teacher,other
11151,http://www.wikidata.org/entity/Q2644328,university-teacher,publisher
11153,http://www.wikidata.org/entity/Q2645288,university-teacher,university
11154,http://www.wikidata.org/entity/Q2646169,journalist,agency
11155,http://www.wikidata.org/entity/Q2646201,university-teacher,publisher
11158,http://www.wikidata.org/entity/Q2649845,university-teacher,college
11162,http://www.wikidata.org/entity/Q2657777,university-teacher,publisher
11163,http://www.wikidata.org/entity/Q2664204,writer,publisher
11164,http://www.wikidata.org/entity/Q2668049,university-teacher,education
11165,http://www.wikidata.org/entity/Q26689953,demographer,education
11167,http://www.wikidata.org/entity/Q26709223,academic,education
11170,http://www.wikidata.org/entity/Q267536,university-teacher,education
11171,http://www.wikidata.org/entity/Q26772379,criminologist,publisher
11172,http://www.wikidata.org/entity/Q26776669,scientist,publisher
11177,http://www.wikidata.org/entity/Q26838379,catholic-priest,university
11184,http://www.wikidata.org/entity/Q2692011,university-teacher,publisher
11185,http://www.wikidata.org/entity/Q26923701,university-teacher,college
11189,http://www.wikidata.org/entity/Q26973255,university-teacher,publisher
11195,http://www.wikidata.org/entity/Q27016810,university-teacher,institute
11197,http://www.wikidata.org/entity/Q27016818,pedagogue,education
11198,http://www.wikidata.org/entity/Q27020139,university-teacher,publisher
11200,http://www.wikidata.org/entity/Q270358,economist,publisher
11204,http://www.wikidata.org/entity/Q27063665,researcher,organization
11206,http://www.wikidata.org/entity/Q27064029,criminologist,school
11208,http://www.wikidata.org/entity/Q2707044,university-teacher,education
11210,http://www.wikidata.org/entity/Q2709641,philosopher,university
11212,http://www.wikidata.org/entity/Q2711710,university-teacher,education
11216,http://www.wikidata.org/entity/Q27145744,librarian,university
11217,http://www.wikidata.org/entity/Q27147112,journalist,institute
11225,http://www.wikidata.org/entity/Q27178316,university-teacher,education
11228,http://www.wikidata.org/entity/Q2719795,politician,university
11232,http://www.wikidata.org/entity/Q272504,politician,enterprise
11237,http://www.wikidata.org/entity/Q27335228,university-teacher,publisher
11241,http://www.wikidata.org/entity/Q2740910,university-teacher,education
11242,http://www.wikidata.org/entity/Q2740925,writer,publisher
11243,http://www.wikidata.org/entity/Q2741391,university-teacher,university
11244,http://www.wikidata.org/entity/Q2742104,university-teacher,university
11245,http://www.wikidata.org/entity/Q2742180,university-teacher,education
11246,http://www.wikidata.org/entity/Q2743680,head-teacher,university
11248,http://www.wikidata.org/entity/Q2745867,university-teacher,education
11251,http://www.wikidata.org/entity/Q2746442,university-teacher,institute
11253,http://www.wikidata.org/entity/Q274697,university-teacher,agency
11254,http://www.wikidata.org/entity/Q27469854,university-teacher,education
11255,http://www.wikidata.org/entity/Q274893,university-teacher,education
11256,http://www.wikidata.org/entity/Q27491453,political-scientist,education
11257,http://www.wikidata.org/entity/Q274965,writer,school
11258,http://www.wikidata.org/entity/Q27503445,university-teacher,university
11260,http://www.wikidata.org/entity/Q2751120,university-teacher,publisher
11263,http://www.wikidata.org/entity/Q275631,university-teacher,education
11268,http://www.wikidata.org/entity/Q27642892,university-teacher,organization
11275,http://www.wikidata.org/entity/Q27749727,university-teacher,publisher
11277,http://www.wikidata.org/entity/Q2776440,historian,education
11278,http://www.wikidata.org/entity/Q27764853,university-teacher,publisher
11280,http://www.wikidata.org/entity/Q27779407,journalist,education
11284,http://www.wikidata.org/entity/Q2780421,university-teacher,publisher
11287,http://www.wikidata.org/entity/Q2781083,university-teacher,university
11288,http://www.wikidata.org/entity/Q27825242,university-teacher,education
11289,http://www.wikidata.org/entity/Q27859460,university-teacher,education
11291,http://www.wikidata.org/entity/Q27861835,university-teacher,education
11292,http://www.wikidata.org/entity/Q2786465,politician,other
11293,http://www.wikidata.org/entity/Q27866183,demographer,university
11294,http://www.wikidata.org/entity/Q278696,university-teacher,education
11297,http://www.wikidata.org/entity/Q27908406,writer,organization
11298,http://www.wikidata.org/entity/Q27910006,scientist,education
11306,http://www.wikidata.org/entity/Q27921057,politician,university
11310,http://www.wikidata.org/entity/Q27927324,university-teacher,education
11311,http://www.wikidata.org/entity/Q2794745,university-teacher,university
11314,http://www.wikidata.org/entity/Q27947704,university-teacher,education
11316,http://www.wikidata.org/entity/Q27948819,writer,college
11317,http://www.wikidata.org/entity/Q27948866,university-teacher,education
11319,http://www.wikidata.org/entity/Q27949785,political-scientist,education
11328,http://www.wikidata.org/entity/Q27968130,demographer,school
11339,http://www.wikidata.org/entity/Q28003561,criminologist,education
11344,http://www.wikidata.org/entity/Q28022026,researcher,publisher
11346,http://www.wikidata.org/entity/Q28026552,journalist,publisher
11347,http://www.wikidata.org/entity/Q28027830,university-teacher,education
11351,http://www.wikidata.org/entity/Q28042333,essayist,facility
11352,http://www.wikidata.org/entity/Q2804430,university-teacher,university
11354,http://www.wikidata.org/entity/Q28045435,writer,publisher
11355,http://www.wikidata.org/entity/Q28051574,writer,university
11356,http://www.wikidata.org/entity/Q28054128,academic,university
11365,http://www.wikidata.org/entity/Q28076620,university-teacher,university
11367,http://www.wikidata.org/entity/Q28086040,university-teacher,education
11368,http://www.wikidata.org/entity/Q28091744,university-teacher,organization
11373,http://www.wikidata.org/entity/Q28101695,translator,publisher
11375,http://www.wikidata.org/entity/Q28105040,university-teacher,publisher
11376,http://www.wikidata.org/entity/Q28112788,university-teacher,education
11379,http://www.wikidata.org/entity/Q28115529,university-teacher,education
11381,http://www.wikidata.org/entity/Q28123988,university-teacher,university
11385,http://www.wikidata.org/entity/Q2821183,writer,institute
11389,http://www.wikidata.org/entity/Q28229624,university-teacher,education
11391,http://www.wikidata.org/entity/Q2827521,university-teacher,publisher
11392,http://www.wikidata.org/entity/Q28293441,university-teacher,organization
11393,http://www.wikidata.org/entity/Q2829507,professeur-des-universités,university
11394,http://www.wikidata.org/entity/Q2829572,university-teacher,education
11399,http://www.wikidata.org/entity/Q2829740,university-teacher,publisher
11400,http://www.wikidata.org/entity/Q2829742,statistician,institute
11401,http://www.wikidata.org/entity/Q2829877,non-fiction-writer,agency
11405,http://www.wikidata.org/entity/Q2830197,university-teacher,university
11406,http://www.wikidata.org/entity/Q2830356,university-teacher,education
11410,http://www.wikidata.org/entity/Q2831470,university-teacher,university
11411,http://www.wikidata.org/entity/Q28316798,university-teacher,education
11412,http://www.wikidata.org/entity/Q2831837,philosopher,education
11413,http://www.wikidata.org/entity/Q28321505,academic,education
11415,http://www.wikidata.org/entity/Q2832993,university-teacher,publisher
11417,http://www.wikidata.org/entity/Q2834393,writer,newspaper
11418,http://www.wikidata.org/entity/Q2834879,university-teacher,publisher
11419,http://www.wikidata.org/entity/Q2835091,university-teacher,publisher
11420,http://www.wikidata.org/entity/Q2835129,philosopher,institution
11424,http://www.wikidata.org/entity/Q28355532,university-teacher,school
11426,http://www.wikidata.org/entity/Q28358442,scientist,publisher
11429,http://www.wikidata.org/entity/Q2836201,writer,university
11431,http://www.wikidata.org/entity/Q283948,philosopher,education
11435,http://www.wikidata.org/entity/Q28416268,university-teacher,publisher
11438,http://www.wikidata.org/entity/Q284415,anthropologist,institute
11439,http://www.wikidata.org/entity/Q2845010,writer,publisher
11443,http://www.wikidata.org/entity/Q28465233,writer,education
11447,http://www.wikidata.org/entity/Q2846705,university-teacher,education
11449,http://www.wikidata.org/entity/Q28472909,economist,publisher
11451,http://www.wikidata.org/entity/Q2848522,political-scientist,publisher
11453,http://www.wikidata.org/entity/Q2848793,university-teacher,institution
11456,http://www.wikidata.org/entity/Q28497119,university-teacher,agency
11459,http://www.wikidata.org/entity/Q28500557,psychologist,institute
11463,http://www.wikidata.org/entity/Q28504038,university-teacher,publisher
11464,http://www.wikidata.org/entity/Q2850871,research-fellow,university
11465,http://www.wikidata.org/entity/Q2850977,professeur-des-universités,publisher
11470,http://www.wikidata.org/entity/Q2851465,university-teacher,organization
11473,http://www.wikidata.org/entity/Q28528823,university-teacher,education
11477,http://www.wikidata.org/entity/Q28555546,university-teacher,publisher
11478,http://www.wikidata.org/entity/Q2857756,politician,publisher
11480,http://www.wikidata.org/entity/Q2861238,university-teacher,organization
11481,http://www.wikidata.org/entity/Q286125,university-teacher,publisher
11485,http://www.wikidata.org/entity/Q286362,university-teacher,institute
11486,http://www.wikidata.org/entity/Q2864873,university-teacher,publisher
11487,http://www.wikidata.org/entity/Q28648945,anthropologist,publisher
11488,http://www.wikidata.org/entity/Q2866266,university-teacher,organization
11494,http://www.wikidata.org/entity/Q28690023,university-teacher,education
11499,http://www.wikidata.org/entity/Q28701584,university-teacher,university
11501,http://www.wikidata.org/entity/Q2871586,philosopher,education
11504,http://www.wikidata.org/entity/Q2871869,university-teacher,publisher
11505,http://www.wikidata.org/entity/Q28719960,university-teacher,organization
11508,http://www.wikidata.org/entity/Q28726948,university-teacher,publisher
11511,http://www.wikidata.org/entity/Q28752461,anthropologist,publisher
11512,http://www.wikidata.org/entity/Q287567,university-teacher,education
11515,http://www.wikidata.org/entity/Q28777817,journalist,publisher
11516,http://www.wikidata.org/entity/Q28787992,political-scientist,publisher
11520,http://www.wikidata.org/entity/Q28803474,writer,publisher
11524,http://www.wikidata.org/entity/Q28822922,university-teacher,education
11526,http://www.wikidata.org/entity/Q28823404,researcher,education
11528,http://www.wikidata.org/entity/Q28827958,university-teacher,publisher
11529,http://www.wikidata.org/entity/Q288283,writer,university
11530,http://www.wikidata.org/entity/Q28839403,teacher,publisher
11536,http://www.wikidata.org/entity/Q28867515,university-teacher,institute
11539,http://www.wikidata.org/entity/Q28870542,teacher,organization
11540,http://www.wikidata.org/entity/Q28870628,university-teacher,organization
11541,http://www.wikidata.org/entity/Q28870693,university-teacher,education
11542,http://www.wikidata.org/entity/Q28870744,university-teacher,publisher
11543,http://www.wikidata.org/entity/Q28871993,university-teacher,organization
11544,http://www.wikidata.org/entity/Q28872060,university-teacher,publisher
11546,http://www.wikidata.org/entity/Q28876,university-teacher,education
11549,http://www.wikidata.org/entity/Q2890271,anthropologist,publisher
11551,http://www.wikidata.org/entity/Q28921553,university-teacher,education
11552,http://www.wikidata.org/entity/Q28925702,university-teacher,education
11554,http://www.wikidata.org/entity/Q2892939,university-teacher,school
11555,http://www.wikidata.org/entity/Q28933491,university-teacher,education
11556,http://www.wikidata.org/entity/Q28935115,university-teacher,education
11558,http://www.wikidata.org/entity/Q2894114,writer,publisher
11559,http://www.wikidata.org/entity/Q2894271,politician,education
11561,http://www.wikidata.org/entity/Q2894504,pedagogue,education
11562,http://www.wikidata.org/entity/Q28952279,university-teacher,publisher
11564,http://www.wikidata.org/entity/Q2896108,academic,education
11566,http://www.wikidata.org/entity/Q28962754,university-teacher,education
11569,http://www.wikidata.org/entity/Q28971952,psychologist,education
11572,http://www.wikidata.org/entity/Q28976192,university-teacher,publisher
11574,http://www.wikidata.org/entity/Q2897924,university-teacher,university
11575,http://www.wikidata.org/entity/Q2898000,university-teacher,publisher
11576,http://www.wikidata.org/entity/Q2898124,university-teacher,publisher
11578,http://www.wikidata.org/entity/Q2899562,agronomist,publisher
11581,http://www.wikidata.org/entity/Q290093,university-teacher,publisher
11583,http://www.wikidata.org/entity/Q29018239,philosopher,agency
11584,http://www.wikidata.org/entity/Q29021055,university-teacher,university
11585,http://www.wikidata.org/entity/Q29021198,university-teacher,publisher
11586,http://www.wikidata.org/entity/Q2902507,historian,university
11587,http://www.wikidata.org/entity/Q29029932,university-teacher,organization
11591,http://www.wikidata.org/entity/Q29033431,researcher,publisher
11598,http://www.wikidata.org/entity/Q2905119,university-teacher,education
11599,http://www.wikidata.org/entity/Q29051778,university-teacher,publisher
11600,http://www.wikidata.org/entity/Q29054514,university-teacher,organization
11601,http://www.wikidata.org/entity/Q29054645,university-teacher,education
11602,http://www.wikidata.org/entity/Q2907553,writer,education
11605,http://www.wikidata.org/entity/Q2910970,philosopher,organization
11609,http://www.wikidata.org/entity/Q2913394,university-teacher,education
11611,http://www.wikidata.org/entity/Q2915928,university-teacher,publisher
11613,http://www.wikidata.org/entity/Q2917670,university-teacher,university
11614,http://www.wikidata.org/entity/Q2918834,university-teacher,publisher
11615,http://www.wikidata.org/entity/Q2919816,university-teacher,education
11617,http://www.wikidata.org/entity/Q2920504,politician,agency
11618,http://www.wikidata.org/entity/Q292340,politician,organization
11619,http://www.wikidata.org/entity/Q2925482,university-teacher,university
11621,http://www.wikidata.org/entity/Q2926844,philosopher,institute
11623,http://www.wikidata.org/entity/Q2927041,political-scientist,publisher
11626,http://www.wikidata.org/entity/Q29342040,docent,education
11630,http://www.wikidata.org/entity/Q29353498,university-teacher,education
11632,http://www.wikidata.org/entity/Q2939162,writer,GLAM
11634,http://www.wikidata.org/entity/Q2939438,writer,university
11638,http://www.wikidata.org/entity/Q2941984,research-fellow,education
11639,http://www.wikidata.org/entity/Q29419902,university-teacher,university
11641,http://www.wikidata.org/entity/Q2942102,university-teacher,publisher
11644,http://www.wikidata.org/entity/Q29447401,communication-scholar,education
11645,http://www.wikidata.org/entity/Q29447431,university-teacher,education
11651,http://www.wikidata.org/entity/Q295393,politician,education
11661,http://www.wikidata.org/entity/Q29583139,criminologist,education
11667,http://www.wikidata.org/entity/Q295978,university-teacher,education
11669,http://www.wikidata.org/entity/Q29611671,university-teacher,organization
11677,http://www.wikidata.org/entity/Q29650333,philosopher,GLAM
11680,http://www.wikidata.org/entity/Q2965409,translator,university
11681,http://www.wikidata.org/entity/Q2965411,political-scientist,university
11682,http://www.wikidata.org/entity/Q2965664,university-teacher,institute
11683,http://www.wikidata.org/entity/Q2965725,university-teacher,university
11685,http://www.wikidata.org/entity/Q2965956,university-teacher,education
11687,http://www.wikidata.org/entity/Q2966188,psychoanalyst,education
11688,http://www.wikidata.org/entity/Q297425,writer,education
11689,http://www.wikidata.org/entity/Q2974428,university-teacher,university
11690,http://www.wikidata.org/entity/Q2977327,professeur-des-universités,education
11694,http://www.wikidata.org/entity/Q2977707,university-teacher,organization
11700,http://www.wikidata.org/entity/Q29834137,university-teacher,education
11704,http://www.wikidata.org/entity/Q2993155,historian,publisher
11710,http://www.wikidata.org/entity/Q29969640,director-of-studies,institute
11712,http://www.wikidata.org/entity/Q29982444,university-teacher,education
11714,http://www.wikidata.org/entity/Q299863,university-teacher,education
11719,http://www.wikidata.org/entity/Q30044509,university-teacher,university
11720,http://www.wikidata.org/entity/Q30044571,political-scientist,publisher
11721,http://www.wikidata.org/entity/Q30056706,university-teacher,education
11723,http://www.wikidata.org/entity/Q30068239,economist,organization
11725,http://www.wikidata.org/entity/Q3007694,university-teacher,university
11726,http://www.wikidata.org/entity/Q300790,university-teacher,education
11729,http://www.wikidata.org/entity/Q3009026,university-teacher,publisher
11736,http://www.wikidata.org/entity/Q30118596,university-teacher,university
11738,http://www.wikidata.org/entity/Q30123076,university-teacher,publisher
11739,http://www.wikidata.org/entity/Q30127786,university-teacher,university
11740,http://www.wikidata.org/entity/Q30131190,university-teacher,institute
11744,http://www.wikidata.org/entity/Q3013875,professeur-des-universités,education
11747,http://www.wikidata.org/entity/Q30145156,researcher,education
11750,http://www.wikidata.org/entity/Q3014802,university-teacher,publisher
11751,http://www.wikidata.org/entity/Q30149436,university-teacher,education
11752,http://www.wikidata.org/entity/Q3014954,writer,publisher
11753,http://www.wikidata.org/entity/Q3015000,university-teacher,publisher
11754,http://www.wikidata.org/entity/Q3015097,professeur-des-universités,university
11755,http://www.wikidata.org/entity/Q3015146,university-teacher,institute
11757,http://www.wikidata.org/entity/Q301653,university-teacher,university
11758,http://www.wikidata.org/entity/Q30174316,university-teacher,university
11759,http://www.wikidata.org/entity/Q3017532,university-teacher,publisher
11761,http://www.wikidata.org/entity/Q3018178,politician,publisher
11763,http://www.wikidata.org/entity/Q3019110,philosopher,publisher
11769,http://www.wikidata.org/entity/Q3023014,writer,enterprise
11773,http://www.wikidata.org/entity/Q30234707,university-teacher,education
11774,http://www.wikidata.org/entity/Q3024610,diplomat,education
11776,http://www.wikidata.org/entity/Q3026219,writer,publisher
11779,http://www.wikidata.org/entity/Q3027008,university-teacher,education
11782,http://www.wikidata.org/entity/Q302889,university-teacher,education
11786,http://www.wikidata.org/entity/Q30320846,university-teacher,education
11787,http://www.wikidata.org/entity/Q3032266,university-teacher,publisher
11788,http://www.wikidata.org/entity/Q30323336,lawyer,education
11789,http://www.wikidata.org/entity/Q30323631,university-teacher,college
11795,http://www.wikidata.org/entity/Q30339800,academic,education
11797,http://www.wikidata.org/entity/Q30346037,scientist,institute
11799,http://www.wikidata.org/entity/Q30346551,university-teacher,publisher
11806,http://www.wikidata.org/entity/Q3035352,university-teacher,publisher
11807,http://www.wikidata.org/entity/Q3035373,director-of-research-at-cnrs,publisher
11808,http://www.wikidata.org/entity/Q3035522,university-teacher,university
11811,http://www.wikidata.org/entity/Q3035981,engineer,publisher
11813,http://www.wikidata.org/entity/Q3038129,writer,organization
11814,http://www.wikidata.org/entity/Q303926,politician,organization
11815,http://www.wikidata.org/entity/Q30423262,university-teacher,organization
11816,http://www.wikidata.org/entity/Q304262,politician,enterprise
11817,http://www.wikidata.org/entity/Q30440837,psychologist,publisher
11819,http://www.wikidata.org/entity/Q30461761,criminologist,college
11821,http://www.wikidata.org/entity/Q3048294,writer,publisher
11823,http://www.wikidata.org/entity/Q3049381,novelist,university
11827,http://www.wikidata.org/entity/Q3051126,writer,education
11829,http://www.wikidata.org/entity/Q3051968,university-teacher,education
11834,http://www.wikidata.org/entity/Q305361,university-teacher,education
11838,http://www.wikidata.org/entity/Q30560587,university-teacher,publisher
11842,http://www.wikidata.org/entity/Q3056560,political-scientist,university
11846,http://www.wikidata.org/entity/Q3057526,anthropologist,education
11847,http://www.wikidata.org/entity/Q3057527,political-scientist,education
11854,http://www.wikidata.org/entity/Q3060805,university-teacher,university
11856,http://www.wikidata.org/entity/Q3062857,political-scientist,education
11857,http://www.wikidata.org/entity/Q3063622,university-teacher,publisher
11859,http://www.wikidata.org/entity/Q3066765,university-teacher,publisher
11862,http://www.wikidata.org/entity/Q3069188,university-teacher,organization
11869,http://www.wikidata.org/entity/Q3072912,university-teacher,education
11870,http://www.wikidata.org/entity/Q30729466,university-teacher,school
11872,http://www.wikidata.org/entity/Q3075643,politician,publisher
11873,http://www.wikidata.org/entity/Q3076265,politician,education
11875,http://www.wikidata.org/entity/Q3078901,philosopher,publisher
11877,http://www.wikidata.org/entity/Q3081293,political-scientist,education
11882,http://www.wikidata.org/entity/Q3082373,university-teacher,organization
11885,http://www.wikidata.org/entity/Q3084998,university-teacher,publisher
11888,http://www.wikidata.org/entity/Q3085838,economist,education
11890,http://www.wikidata.org/entity/Q3086321,university-teacher,publisher
11891,http://www.wikidata.org/entity/Q3086490,politician,institute
11895,http://www.wikidata.org/entity/Q30902338,university-teacher,education
11902,http://www.wikidata.org/entity/Q30903224,university-teacher,education
11904,http://www.wikidata.org/entity/Q30903356,university-teacher,organization
11905,http://www.wikidata.org/entity/Q3090497,university-teacher,education
11909,http://www.wikidata.org/entity/Q30930777,politician,other
11920,http://www.wikidata.org/entity/Q3093824,jurist,education
11925,http://www.wikidata.org/entity/Q3099296,university-teacher,publisher
11926,http://www.wikidata.org/entity/Q3100312,writer,education
11927,http://www.wikidata.org/entity/Q310106,university-teacher,publisher
11929,http://www.wikidata.org/entity/Q310161,writer,education
11930,http://www.wikidata.org/entity/Q3102071,writer,university
11932,http://www.wikidata.org/entity/Q3102100,university-teacher,publisher
11934,http://www.wikidata.org/entity/Q3102665,historian,university
11936,http://www.wikidata.org/entity/Q3103036,philosopher,university
11938,http://www.wikidata.org/entity/Q3103204,university-teacher,publisher
11939,http://www.wikidata.org/entity/Q310341,writer,education
11942,http://www.wikidata.org/entity/Q3105261,university-teacher,publisher
11943,http://www.wikidata.org/entity/Q3105266,university-teacher,education
11944,http://www.wikidata.org/entity/Q3105524,political-scientist,publisher
11950,http://www.wikidata.org/entity/Q3108017,university-teacher,institute
11952,http://www.wikidata.org/entity/Q31088608,university-teacher,education
11956,http://www.wikidata.org/entity/Q3109511,professor,publisher
11957,http://www.wikidata.org/entity/Q310956,university-teacher,education
11958,http://www.wikidata.org/entity/Q311167,university-teacher,education
11959,http://www.wikidata.org/entity/Q311323,university-teacher,publisher
11960,http://www.wikidata.org/entity/Q311529,psychologist,education
11961,http://www.wikidata.org/entity/Q311538,anthropologist,education
11962,http://www.wikidata.org/entity/Q311697,university-teacher,organization
11963,http://www.wikidata.org/entity/Q31172682,university-teacher,education
11964,http://www.wikidata.org/entity/Q31172991,writer,institute
11965,http://www.wikidata.org/entity/Q311757,university-teacher,education
11971,http://www.wikidata.org/entity/Q3120674,university-teacher,organization
11975,http://www.wikidata.org/entity/Q3122110,university-teacher,publisher
11977,http://www.wikidata.org/entity/Q3123596,university-teacher,publisher
11978,http://www.wikidata.org/entity/Q3123613,university-teacher,publisher
11979,http://www.wikidata.org/entity/Q3123727,university-teacher,university
11980,http://www.wikidata.org/entity/Q3123783,university-teacher,publisher
11981,http://www.wikidata.org/entity/Q3123912,university-teacher,publisher
11982,http://www.wikidata.org/entity/Q3124079,official,other
11986,http://www.wikidata.org/entity/Q3126416,economist,education
11988,http://www.wikidata.org/entity/Q31275780,university-teacher,publisher
11996,http://www.wikidata.org/entity/Q312837,university-teacher,education
11997,http://www.wikidata.org/entity/Q312843,university-teacher,education
11999,http://www.wikidata.org/entity/Q3131351,university-teacher,education
12007,http://www.wikidata.org/entity/Q313852,historian,education
12008,http://www.wikidata.org/entity/Q313908,university-teacher,organization
12009,http://www.wikidata.org/entity/Q3140273,writer,facility
12011,http://www.wikidata.org/entity/Q314252,university-teacher,facility
12014,http://www.wikidata.org/entity/Q31440081,university-teacher,university
12015,http://www.wikidata.org/entity/Q314462,political-scientist,education
12016,http://www.wikidata.org/entity/Q314471,anthropologist,education
12018,http://www.wikidata.org/entity/Q3148612,anthropologist,institute
12019,http://www.wikidata.org/entity/Q315094,writer,publisher
12020,http://www.wikidata.org/entity/Q315372,philosopher,education
12021,http://www.wikidata.org/entity/Q3154667,university-teacher,publisher
12022,http://www.wikidata.org/entity/Q3154750,philosopher,institution
12023,http://www.wikidata.org/entity/Q3154932,theologian,university
12025,http://www.wikidata.org/entity/Q315542,journalist,education
12027,http://www.wikidata.org/entity/Q3157739,university-teacher,university
12029,http://www.wikidata.org/entity/Q3158563,university-teacher,education
12030,http://www.wikidata.org/entity/Q3158664,sport-historian,university
12033,http://www.wikidata.org/entity/Q3158759,university-teacher,institution
12034,http://www.wikidata.org/entity/Q3158782,university-teacher,publisher
12035,http://www.wikidata.org/entity/Q3158941,historian,newspaper
12036,http://www.wikidata.org/entity/Q3159019,writer,organization
12043,http://www.wikidata.org/entity/Q3161798,university-teacher,education
12045,http://www.wikidata.org/entity/Q316330,university-teacher,education
12048,http://www.wikidata.org/entity/Q3164630,researcher,organization
12049,http://www.wikidata.org/entity/Q3164652,university-teacher,publisher
12051,http://www.wikidata.org/entity/Q3165083,professeur-des-universités,university
12052,http://www.wikidata.org/entity/Q3165157,epistemologist,institute
12054,http://www.wikidata.org/entity/Q3165308,university-teacher,education
12055,http://www.wikidata.org/entity/Q3165330,ethnologist,university
12056,http://www.wikidata.org/entity/Q3165464,university-teacher,university
12059,http://www.wikidata.org/entity/Q3165878,researcher,publisher
12061,http://www.wikidata.org/entity/Q3166419,university-teacher,publisher
12063,http://www.wikidata.org/entity/Q3166868,university-teacher,other
12068,http://www.wikidata.org/entity/Q3167845,librarian,other
12069,http://www.wikidata.org/entity/Q3167950,philosopher,publisher
12073,http://www.wikidata.org/entity/Q3168384,university-teacher,organization
12074,http://www.wikidata.org/entity/Q3168718,university-teacher,education
12075,http://www.wikidata.org/entity/Q3168892,anthropologist,organization
12080,http://www.wikidata.org/entity/Q3169270,university-teacher,publisher
12081,http://www.wikidata.org/entity/Q3169321,university-teacher,school
12084,http://www.wikidata.org/entity/Q3169660,anthropologist,publisher
12088,http://www.wikidata.org/entity/Q3170169,journalist,publisher
12089,http://www.wikidata.org/entity/Q3170193,university-teacher,publisher
12091,http://www.wikidata.org/entity/Q3170641,university-teacher,education
12095,http://www.wikidata.org/entity/Q3171847,university-teacher,organization
12096,http://www.wikidata.org/entity/Q3172758,professor,education
12100,http://www.wikidata.org/entity/Q3173895,university-teacher,publisher
12103,http://www.wikidata.org/entity/Q3174684,psychologist,education
12106,http://www.wikidata.org/entity/Q3175020,writer,publisher
12107,http://www.wikidata.org/entity/Q3176262,politician,institute
12109,http://www.wikidata.org/entity/Q31773505,university-teacher,publisher
12110,http://www.wikidata.org/entity/Q317880,philosopher,publisher
12111,http://www.wikidata.org/entity/Q3178823,university-teacher,university
12114,http://www.wikidata.org/entity/Q318029,university-teacher,education
12115,http://www.wikidata.org/entity/Q3180339,university-teacher,university
12116,http://www.wikidata.org/entity/Q318151,university-teacher,education
12117,http://www.wikidata.org/entity/Q3181746,university-teacher,education
12119,http://www.wikidata.org/entity/Q3181892,university-teacher,education
12120,http://www.wikidata.org/entity/Q31833802,professor,institution
12121,http://www.wikidata.org/entity/Q3184128,writer,publisher
12124,http://www.wikidata.org/entity/Q3184951,writer,other
12126,http://www.wikidata.org/entity/Q3186033,university-teacher,education
12133,http://www.wikidata.org/entity/Q3188547,university-teacher,organization
12137,http://www.wikidata.org/entity/Q3189814,historian,publisher
12139,http://www.wikidata.org/entity/Q3194763,economist,education
12140,http://www.wikidata.org/entity/Q3195197,university-teacher,education
12141,http://www.wikidata.org/entity/Q319704,university-teacher,publisher
12142,http://www.wikidata.org/entity/Q319816,university-teacher,education
12143,http://www.wikidata.org/entity/Q32156941,criminologist,education
12144,http://www.wikidata.org/entity/Q321753,university-teacher,university
12145,http://www.wikidata.org/entity/Q3218045,political-scientist,education
12147,http://www.wikidata.org/entity/Q3219048,writer,university
12151,http://www.wikidata.org/entity/Q322922,university-teacher,education
12152,http://www.wikidata.org/entity/Q3229592,historian,education
12153,http://www.wikidata.org/entity/Q3237482,writer,education
12154,http://www.wikidata.org/entity/Q323751,politician,organization
12156,http://www.wikidata.org/entity/Q3241369,artist,education
12158,http://www.wikidata.org/entity/Q32462278,computer-scientist,institute
12160,http://www.wikidata.org/entity/Q324932,university-teacher,institution
12163,http://www.wikidata.org/entity/Q32540740,university-teacher,education
12165,http://www.wikidata.org/entity/Q325840,university-teacher,education
12166,http://www.wikidata.org/entity/Q326000,philosopher,education
12169,http://www.wikidata.org/entity/Q3262945,university-teacher,education
12176,http://www.wikidata.org/entity/Q326584,university-teacher,education
12178,http://www.wikidata.org/entity/Q3266022,university-teacher,education
12179,http://www.wikidata.org/entity/Q326639,university-teacher,education
12180,http://www.wikidata.org/entity/Q3267701,political-scientist,education
12182,http://www.wikidata.org/entity/Q326830,university-teacher,publisher
12183,http://www.wikidata.org/entity/Q326996,university-teacher,facility
12189,http://www.wikidata.org/entity/Q3277673,writer,publisher
12190,http://www.wikidata.org/entity/Q32786223,researcher,agency
12192,http://www.wikidata.org/entity/Q32838412,criminologist,education
12195,http://www.wikidata.org/entity/Q3287758,university-teacher,education
12196,http://www.wikidata.org/entity/Q3288191,university-teacher,publisher
12197,http://www.wikidata.org/entity/Q328844,university-teacher,education
12198,http://www.wikidata.org/entity/Q328887,university-teacher,education
12200,http://www.wikidata.org/entity/Q3289225,political-scientist,education
12201,http://www.wikidata.org/entity/Q3289329,writer,publisher
12203,http://www.wikidata.org/entity/Q3290015,journalist,newspaper
12204,http://www.wikidata.org/entity/Q3290504,economist,publisher
12206,http://www.wikidata.org/entity/Q329104,university-teacher,university
12215,http://www.wikidata.org/entity/Q3292500,university-teacher,education
12217,http://www.wikidata.org/entity/Q3293118,children's-writer,enterprise
12219,http://www.wikidata.org/entity/Q3293590,university-teacher,institution
12220,http://www.wikidata.org/entity/Q3294481,university-teacher,education
12221,http://www.wikidata.org/entity/Q32948081,university-teacher,university
12226,http://www.wikidata.org/entity/Q3295838,university-teacher,university
12228,http://www.wikidata.org/entity/Q329624,university-teacher,education
12229,http://www.wikidata.org/entity/Q3296324,author,publisher
12230,http://www.wikidata.org/entity/Q3296345,statistician,institute
12234,http://www.wikidata.org/entity/Q3301198,philosopher,facility
12237,http://www.wikidata.org/entity/Q33016429,university-teacher,education
12239,http://www.wikidata.org/entity/Q3302024,university-teacher,university
12242,http://www.wikidata.org/entity/Q3302630,historian,publisher
12243,http://www.wikidata.org/entity/Q33026693,criminologist,university
12244,http://www.wikidata.org/entity/Q330407,philosopher,publisher
12246,http://www.wikidata.org/entity/Q3305311,university-teacher,education
12247,http://www.wikidata.org/entity/Q33060575,university-teacher,education
12248,http://www.wikidata.org/entity/Q33068430,researcher,education
12249,http://www.wikidata.org/entity/Q330765,economist,agency
12250,http://www.wikidata.org/entity/Q3307811,university-teacher,education
12253,http://www.wikidata.org/entity/Q33084512,university-teacher,organization
12255,http://www.wikidata.org/entity/Q33084660,researcher,education
12256,http://www.wikidata.org/entity/Q33088105,university-teacher,publisher
12260,http://www.wikidata.org/entity/Q3309295,university-teacher,publisher
12261,http://www.wikidata.org/entity/Q3309493,university-teacher,publisher
12262,http://www.wikidata.org/entity/Q3309496,political-scientist,publisher
12263,http://www.wikidata.org/entity/Q3309644,director-of-research-at-cnrs,publisher
12264,http://www.wikidata.org/entity/Q3309772,politician,publisher
12265,http://www.wikidata.org/entity/Q3309827,researcher,publisher
12266,http://www.wikidata.org/entity/Q3310075,docent,education
12267,http://www.wikidata.org/entity/Q3310192,professeur-des-universités,college
12268,http://www.wikidata.org/entity/Q33102560,official,other
12269,http://www.wikidata.org/entity/Q33102675,researcher,university
12270,http://www.wikidata.org/entity/Q33103251,university-teacher,organization
12272,http://www.wikidata.org/entity/Q33103684,research-fellow,university
12273,http://www.wikidata.org/entity/Q3310480,university-teacher,organization
12277,http://www.wikidata.org/entity/Q33109063,university-teacher,school
12280,http://www.wikidata.org/entity/Q3311168,translator,institute
12281,http://www.wikidata.org/entity/Q3311251,university-teacher,publisher
12284,http://www.wikidata.org/entity/Q3311640,researcher,education
12286,http://www.wikidata.org/entity/Q33120661,university-teacher,publisher
12288,http://www.wikidata.org/entity/Q33124437,scientist,institute
12289,http://www.wikidata.org/entity/Q3313065,university-teacher,publisher
12291,http://www.wikidata.org/entity/Q331422,teacher,other
12293,http://www.wikidata.org/entity/Q33164537,economist,publisher
12294,http://www.wikidata.org/entity/Q33177465,university-teacher,publisher
12295,http://www.wikidata.org/entity/Q3318377,writer,publisher
12297,http://www.wikidata.org/entity/Q3319297,anthropologist,publisher
12303,http://www.wikidata.org/entity/Q332442,writer,education
12305,http://www.wikidata.org/entity/Q3327849,psychologist,college
12306,http://www.wikidata.org/entity/Q3329432,university-teacher,university
12307,http://www.wikidata.org/entity/Q3329469,university-teacher,organization
12308,http://www.wikidata.org/entity/Q3329638,university-teacher,education
12313,http://www.wikidata.org/entity/Q3336314,researcher,education
12316,http://www.wikidata.org/entity/Q3336600,researcher,publisher
12317,http://www.wikidata.org/entity/Q333686,university-teacher,institute
12321,http://www.wikidata.org/entity/Q3340566,historian,publisher
12322,http://www.wikidata.org/entity/Q3341068,university-teacher,publisher
12324,http://www.wikidata.org/entity/Q3341890,university-teacher,institute
12325,http://www.wikidata.org/entity/Q3341943,writer,education
12328,http://www.wikidata.org/entity/Q3346267,university-teacher,institute
12330,http://www.wikidata.org/entity/Q3347416,university-teacher,publisher
12331,http://www.wikidata.org/entity/Q334842,university-teacher,education
12332,http://www.wikidata.org/entity/Q3348925,writer,other
12335,http://www.wikidata.org/entity/Q3350892,university-teacher,publisher
12337,http://www.wikidata.org/entity/Q3351033,political-scientist,university
12338,http://www.wikidata.org/entity/Q3351053,university-teacher,publisher
12340,http://www.wikidata.org/entity/Q3351192,statistician,university
12341,http://www.wikidata.org/entity/Q3351372,university-teacher,university
12342,http://www.wikidata.org/entity/Q335142,writer,university
12343,http://www.wikidata.org/entity/Q335544,politician,other
12344,http://www.wikidata.org/entity/Q335698,politician,agency
12346,http://www.wikidata.org/entity/Q3362641,university-teacher,university
12347,http://www.wikidata.org/entity/Q336283,politician,university
12348,http://www.wikidata.org/entity/Q336683,politician,education
12349,http://www.wikidata.org/entity/Q3367390,university-teacher,other
12352,http://www.wikidata.org/entity/Q3369215,university-teacher,education
12354,http://www.wikidata.org/entity/Q3369699,political-scientist,publisher
12356,http://www.wikidata.org/entity/Q3369859,demographer,organization
12359,http://www.wikidata.org/entity/Q3370307,french-resistance-fighter,institute
12360,http://www.wikidata.org/entity/Q3370435,psychologist,university
12361,http://www.wikidata.org/entity/Q3370498,university-teacher,enterprise
12365,http://www.wikidata.org/entity/Q3371199,university-teacher,university
12369,http://www.wikidata.org/entity/Q3372192,historian,school
12373,http://www.wikidata.org/entity/Q3373202,university-teacher,publisher
12374,http://www.wikidata.org/entity/Q3373473,anthropologist,education
12375,http://www.wikidata.org/entity/Q33760,university-teacher,education
12377,http://www.wikidata.org/entity/Q3376528,university-teacher,publisher
12378,http://www.wikidata.org/entity/Q3378455,university-teacher,education
12381,http://www.wikidata.org/entity/Q3379351,researcher,publisher
12382,http://www.wikidata.org/entity/Q3379642,university-teacher,other
12384,http://www.wikidata.org/entity/Q3379880,political-scientist,organization
12390,http://www.wikidata.org/entity/Q338128,university-teacher,institute
12391,http://www.wikidata.org/entity/Q3382734,university-teacher,publisher
12393,http://www.wikidata.org/entity/Q3383737,university-teacher,publisher
12394,http://www.wikidata.org/entity/Q3384015,lecturer,publisher
12395,http://www.wikidata.org/entity/Q3384016,activist,organization
12396,http://www.wikidata.org/entity/Q3385048,philosopher,university
12401,http://www.wikidata.org/entity/Q3385797,jurist,publisher
12402,http://www.wikidata.org/entity/Q3386248,professeur-des-universités,education
12403,http://www.wikidata.org/entity/Q3386512,teacher,institution
12404,http://www.wikidata.org/entity/Q3387253,economist,university
12409,http://www.wikidata.org/entity/Q3389055,university-teacher,GLAM
12410,http://www.wikidata.org/entity/Q339885,historian,publisher
12411,http://www.wikidata.org/entity/Q33995481,university-teacher,publisher
12413,http://www.wikidata.org/entity/Q34004366,university-teacher,publisher
12416,http://www.wikidata.org/entity/Q340469,university-teacher,agency
12420,http://www.wikidata.org/entity/Q3417286,singer,publisher
12425,http://www.wikidata.org/entity/Q3421379,activist,university
12427,http://www.wikidata.org/entity/Q3424953,university-teacher,publisher
12431,http://www.wikidata.org/entity/Q3426864,university-teacher,university
12434,http://www.wikidata.org/entity/Q3430365,university-teacher,university
12439,http://www.wikidata.org/entity/Q3435762,university-teacher,organization
12443,http://www.wikidata.org/entity/Q34384727,scientist,education
12445,http://www.wikidata.org/entity/Q3439311,trade-unionist,education
12447,http://www.wikidata.org/entity/Q3440153,political-scientist,institute
12450,http://www.wikidata.org/entity/Q3441601,university-teacher,university
12451,http://www.wikidata.org/entity/Q3442076,politician,university
12453,http://www.wikidata.org/entity/Q34472433,university-teacher,education
12454,http://www.wikidata.org/entity/Q344917,university-teacher,university
12455,http://www.wikidata.org/entity/Q3450567,university-teacher,university
12457,http://www.wikidata.org/entity/Q3455506,university-teacher,organization
12458,http://www.wikidata.org/entity/Q3455722,university-teacher,education
12464,http://www.wikidata.org/entity/Q3469434,university-teacher,education
12465,http://www.wikidata.org/entity/Q3470277,university-teacher,education
12469,http://www.wikidata.org/entity/Q347209,university-teacher,publisher
12470,http://www.wikidata.org/entity/Q3473351,political-scientist,publisher
12472,http://www.wikidata.org/entity/Q347362,university-teacher,education
12477,http://www.wikidata.org/entity/Q3479287,university-teacher,other
12478,http://www.wikidata.org/entity/Q3479340,politician,education
12479,http://www.wikidata.org/entity/Q3479479,researcher,publisher
12480,http://www.wikidata.org/entity/Q3479501,university-teacher,organization
12481,http://www.wikidata.org/entity/Q3481755,university-teacher,education
12482,http://www.wikidata.org/entity/Q3482420,university-teacher,university
12485,http://www.wikidata.org/entity/Q3484268,historian,university
12488,http://www.wikidata.org/entity/Q3485539,university-teacher,university
12489,http://www.wikidata.org/entity/Q3487725,politician,publisher
12491,http://www.wikidata.org/entity/Q3488837,economist,university
12492,http://www.wikidata.org/entity/Q3490420,university-teacher,university
12493,http://www.wikidata.org/entity/Q3490734,university-teacher,education
12497,http://www.wikidata.org/entity/Q34971964,pedagogue,institute
12500,http://www.wikidata.org/entity/Q3500411,university-teacher,education
12501,http://www.wikidata.org/entity/Q35006583,researcher,education
12503,http://www.wikidata.org/entity/Q3500916,university-teacher,organization
12504,http://www.wikidata.org/entity/Q35010292,university-teacher,institute
12505,http://www.wikidata.org/entity/Q3501392,writer,institute
12506,http://www.wikidata.org/entity/Q3501583,university-teacher,education
12507,http://www.wikidata.org/entity/Q3501867,writer,organization
12509,http://www.wikidata.org/entity/Q3502844,writer,education
12510,http://www.wikidata.org/entity/Q3502938,professor,education
12514,http://www.wikidata.org/entity/Q3505585,historian,education
12518,http://www.wikidata.org/entity/Q350659,university-teacher,education
12519,http://www.wikidata.org/entity/Q3507041,university-teacher,university
12522,http://www.wikidata.org/entity/Q3512648,university-teacher,publisher
12523,http://www.wikidata.org/entity/Q351527,writer,publisher
12525,http://www.wikidata.org/entity/Q35179659,university-teacher,education
12526,http://www.wikidata.org/entity/Q351815,university-teacher,education
12529,http://www.wikidata.org/entity/Q3529108,political-scientist,education
12530,http://www.wikidata.org/entity/Q352959,university-teacher,education
12532,http://www.wikidata.org/entity/Q3538596,university-teacher,education
12533,http://www.wikidata.org/entity/Q3544625,university-teacher,education
12536,http://www.wikidata.org/entity/Q35497866,university-teacher,education
12537,http://www.wikidata.org/entity/Q355223,university-teacher,education
12538,http://www.wikidata.org/entity/Q355237,writer,education
12539,http://www.wikidata.org/entity/Q355277,university-teacher,publisher
12542,http://www.wikidata.org/entity/Q3554227,linguist,institute
12543,http://www.wikidata.org/entity/Q355527,university-teacher,education
12546,http://www.wikidata.org/entity/Q3557442,resistance-fighter,organization
12548,http://www.wikidata.org/entity/Q3559644,political-scientist,publisher
12550,http://www.wikidata.org/entity/Q3559898,university-teacher,university
12551,http://www.wikidata.org/entity/Q3561575,university-teacher,publisher
12553,http://www.wikidata.org/entity/Q3565699,university-teacher,education
12554,http://www.wikidata.org/entity/Q3567958,university-teacher,organization
12556,http://www.wikidata.org/entity/Q3568751,university-teacher,education
12563,http://www.wikidata.org/entity/Q3573673,university-teacher,organization
12565,http://www.wikidata.org/entity/Q3573967,university-teacher,university
12567,http://www.wikidata.org/entity/Q3574007,university-teacher,education
12569,http://www.wikidata.org/entity/Q357480,anthropologist,education
12571,http://www.wikidata.org/entity/Q357923,university-teacher,education
12572,http://www.wikidata.org/entity/Q3579993,historian,school
12573,http://www.wikidata.org/entity/Q35814721,writer,publisher
12575,http://www.wikidata.org/entity/Q358529,university-teacher,education
12576,http://www.wikidata.org/entity/Q3587728,economist,publisher
12577,http://www.wikidata.org/entity/Q3588368,university-teacher,publisher
12578,http://www.wikidata.org/entity/Q3588688,political-scientist,publisher
12580,http://www.wikidata.org/entity/Q3591013,historian-of-science,institute
12582,http://www.wikidata.org/entity/Q3591122,university-teacher,university
12585,http://www.wikidata.org/entity/Q3592794,university-teacher,institution
12586,http://www.wikidata.org/entity/Q3595543,journalist,school
12587,http://www.wikidata.org/entity/Q360127,politician,university
12588,http://www.wikidata.org/entity/Q3601731,university-teacher,institute
12589,http://www.wikidata.org/entity/Q360252,economist,institution
12590,http://www.wikidata.org/entity/Q3604324,politician,publisher
12594,http://www.wikidata.org/entity/Q3609686,university-teacher,publisher
12598,http://www.wikidata.org/entity/Q3610213,university-teacher,education
12600,http://www.wikidata.org/entity/Q3615431,university-teacher,education
12602,http://www.wikidata.org/entity/Q3616269,biologist,education
12608,http://www.wikidata.org/entity/Q3632652,writer,university
12609,http://www.wikidata.org/entity/Q363367,university-teacher,university
12610,http://www.wikidata.org/entity/Q3634676,writer,education
12611,http://www.wikidata.org/entity/Q363706,university-teacher,education
12612,http://www.wikidata.org/entity/Q3639902,university-teacher,education
12613,http://www.wikidata.org/entity/Q3641717,politician,university
12614,http://www.wikidata.org/entity/Q36490473,historian,education
12616,http://www.wikidata.org/entity/Q3654714,university-teacher,institution
12617,http://www.wikidata.org/entity/Q36562946,university-teacher,education
12619,http://www.wikidata.org/entity/Q365852,university-teacher,education
12623,http://www.wikidata.org/entity/Q366456,university-teacher,organization
12625,http://www.wikidata.org/entity/Q3667511,university-teacher,publisher
12626,http://www.wikidata.org/entity/Q367116,university-teacher,publisher
12627,http://www.wikidata.org/entity/Q368784,university-teacher,education
12628,http://www.wikidata.org/entity/Q369022,writer,other
12631,http://www.wikidata.org/entity/Q369782,university-teacher,education
12636,http://www.wikidata.org/entity/Q3702759,politician,organization
12637,http://www.wikidata.org/entity/Q370721,political-scientist,university
12639,http://www.wikidata.org/entity/Q3713005,university-teacher,publisher
12640,http://www.wikidata.org/entity/Q3713715,university-teacher,publisher
12641,http://www.wikidata.org/entity/Q371634,mathematician,education
12645,http://www.wikidata.org/entity/Q372244,university-teacher,education
12651,http://www.wikidata.org/entity/Q37411163,university-teacher,publisher
12654,http://www.wikidata.org/entity/Q37439090,economist,organization
12656,http://www.wikidata.org/entity/Q3749286,university-teacher,university
12657,http://www.wikidata.org/entity/Q3750070,essayist,university
12661,http://www.wikidata.org/entity/Q3751342,university-teacher,publisher
12663,http://www.wikidata.org/entity/Q375310,university-teacher,education
12664,http://www.wikidata.org/entity/Q37531172,criminologist,education
12665,http://www.wikidata.org/entity/Q3753518,university-teacher,education
12666,http://www.wikidata.org/entity/Q3753758,university-teacher,publisher
12667,http://www.wikidata.org/entity/Q375492,university-teacher,university
12668,http://www.wikidata.org/entity/Q375612,university-teacher,education
12671,http://www.wikidata.org/entity/Q37580005,journalist,other
12672,http://www.wikidata.org/entity/Q376066,activist,publisher
12677,http://www.wikidata.org/entity/Q3763744,university-teacher,university
12679,http://www.wikidata.org/entity/Q376554,university-teacher,education
12681,http://www.wikidata.org/entity/Q3766254,university-teacher,university
12684,http://www.wikidata.org/entity/Q37782051,university-teacher,education
12685,http://www.wikidata.org/entity/Q3779192,journalist,enterprise
12686,http://www.wikidata.org/entity/Q37841114,researcher,publisher
12688,http://www.wikidata.org/entity/Q379211,writer,newspaper
12691,http://www.wikidata.org/entity/Q379771,university-teacher,publisher
12693,http://www.wikidata.org/entity/Q37998263,criminologist,education
12698,http://www.wikidata.org/entity/Q3814913,politician,publisher
12700,http://www.wikidata.org/entity/Q381848,philosopher,publisher
12701,http://www.wikidata.org/entity/Q382163,university-teacher,publisher
12702,http://www.wikidata.org/entity/Q38222385,professeur-des-universités,publisher
12704,http://www.wikidata.org/entity/Q382260,university-teacher,publisher
12715,http://www.wikidata.org/entity/Q3827731,politician,university
12717,http://www.wikidata.org/entity/Q383190,university-teacher,organization
12718,http://www.wikidata.org/entity/Q38373033,criminologist,education
12719,http://www.wikidata.org/entity/Q3838150,university-teacher,organization
12720,http://www.wikidata.org/entity/Q3838255,university-teacher,publisher
12721,http://www.wikidata.org/entity/Q3838591,university-teacher,publisher
12724,http://www.wikidata.org/entity/Q3839817,politician,publisher
12728,http://www.wikidata.org/entity/Q3846415,university-teacher,university
12736,http://www.wikidata.org/entity/Q3852952,university-teacher,publisher
12737,http://www.wikidata.org/entity/Q3853889,literary-critic,education
12739,http://www.wikidata.org/entity/Q38545459,demographer,institute
12743,http://www.wikidata.org/entity/Q38581081,university-teacher,university
12746,http://www.wikidata.org/entity/Q3867444,political-scientist,education
12748,http://www.wikidata.org/entity/Q3870254,writer,publisher
12751,http://www.wikidata.org/entity/Q387803,university-teacher,education
12753,http://www.wikidata.org/entity/Q38794893,writer,publisher
12756,http://www.wikidata.org/entity/Q3893206,university-teacher,education
12760,http://www.wikidata.org/entity/Q3896211,politician,organization
12761,http://www.wikidata.org/entity/Q3898119,criminologist,university
12763,http://www.wikidata.org/entity/Q3903853,politician,publisher
12766,http://www.wikidata.org/entity/Q39047329,university-teacher,education
12767,http://www.wikidata.org/entity/Q3917468,politician,university
12768,http://www.wikidata.org/entity/Q3920284,philosopher,institute
12770,http://www.wikidata.org/entity/Q39275121,social-worker,education
12772,http://www.wikidata.org/entity/Q392925,politician,agency
12775,http://www.wikidata.org/entity/Q3932754,university-teacher,university
12776,http://www.wikidata.org/entity/Q3934803,university-teacher,education
12778,http://www.wikidata.org/entity/Q3938271,writer,publisher
12779,http://www.wikidata.org/entity/Q39385778,scientist,institute
12780,http://www.wikidata.org/entity/Q39385906,university-teacher,university
12781,http://www.wikidata.org/entity/Q39387765,scientist,university
12783,http://www.wikidata.org/entity/Q39389347,scientist,institute
12786,http://www.wikidata.org/entity/Q3944641,university-teacher,education
12787,http://www.wikidata.org/entity/Q394628,writer,education
12793,http://www.wikidata.org/entity/Q39688463,university-teacher,education
12795,http://www.wikidata.org/entity/Q39774895,university-teacher,publisher
12796,http://www.wikidata.org/entity/Q39891687,university-teacher,education
12797,http://www.wikidata.org/entity/Q39919902,demographer,education
12800,http://www.wikidata.org/entity/Q40012800,university-teacher,publisher
12802,http://www.wikidata.org/entity/Q4003018,writer,university
12804,http://www.wikidata.org/entity/Q4003398,university-teacher,university
12813,http://www.wikidata.org/entity/Q4011670,university-teacher,education
12816,http://www.wikidata.org/entity/Q40152316,economist,education
12817,http://www.wikidata.org/entity/Q40240099,university-teacher,education
12819,http://www.wikidata.org/entity/Q40508749,researcher,organization
12823,http://www.wikidata.org/entity/Q4062223,scientist,academy
12825,http://www.wikidata.org/entity/Q4065551,university-teacher,university
12829,http://www.wikidata.org/entity/Q4071358,journalist,other
12831,http://www.wikidata.org/entity/Q4072953,political-scientist,institute
12834,http://www.wikidata.org/entity/Q4074492,politician,institute
12841,http://www.wikidata.org/entity/Q4078830,university-teacher,GLAM
12842,http://www.wikidata.org/entity/Q4079564,university-teacher,institute
12847,http://www.wikidata.org/entity/Q4085851,economist,institute
12849,http://www.wikidata.org/entity/Q4085906,writer,education
12850,http://www.wikidata.org/entity/Q4086017,writer,publisher
12851,http://www.wikidata.org/entity/Q4086596,politician,organization
12856,http://www.wikidata.org/entity/Q4102782,economist,university
12857,http://www.wikidata.org/entity/Q4104012,university-teacher,school
12858,http://www.wikidata.org/entity/Q4104637,university-teacher,education
12859,http://www.wikidata.org/entity/Q4104915,scientist,publisher
12860,http://www.wikidata.org/entity/Q4116180,psychologist,university
12861,http://www.wikidata.org/entity/Q41164458,university-teacher,publisher
12864,http://www.wikidata.org/entity/Q4123297,psychologist,university
12865,http://www.wikidata.org/entity/Q4123350,scientist,education
12869,http://www.wikidata.org/entity/Q4131056,journalist,education
12870,http://www.wikidata.org/entity/Q4132603,political-scientist,institute
12872,http://www.wikidata.org/entity/Q4134523,philosopher,institute
12877,http://www.wikidata.org/entity/Q4141387,university-teacher,education
12879,http://www.wikidata.org/entity/Q4142166,university-teacher,education
12883,http://www.wikidata.org/entity/Q4146043,academic,institute
12884,http://www.wikidata.org/entity/Q41463025,university-teacher,education
12887,http://www.wikidata.org/entity/Q4149348,university-teacher,education
12888,http://www.wikidata.org/entity/Q4149652,historian,education
12889,http://www.wikidata.org/entity/Q4149786,philosopher,education
12890,http://www.wikidata.org/entity/Q41501066,pedagogue,university
12893,http://www.wikidata.org/entity/Q4152308,philosopher,organization
12895,http://www.wikidata.org/entity/Q4153813,philosopher,institute
12901,http://www.wikidata.org/entity/Q41573650,historian,education
12903,http://www.wikidata.org/entity/Q41615835,university-teacher,education
12904,http://www.wikidata.org/entity/Q4162722,university-teacher,institute
12906,http://www.wikidata.org/entity/Q4163425,university-teacher,university
12907,http://www.wikidata.org/entity/Q41634525,university-teacher,education
12908,http://www.wikidata.org/entity/Q41634789,university-teacher,publisher
12910,http://www.wikidata.org/entity/Q4166146,cultural-studies-scholar,institute
12913,http://www.wikidata.org/entity/Q4168174,psychologist,institute
12915,http://www.wikidata.org/entity/Q4168261,historian,education
12925,http://www.wikidata.org/entity/Q41704306,university-teacher,university
12926,http://www.wikidata.org/entity/Q4171939,poet,enterprise
12929,http://www.wikidata.org/entity/Q4175204,university-teacher,university
12931,http://www.wikidata.org/entity/Q417748,economist,education
12932,http://www.wikidata.org/entity/Q41776837,university-teacher,publisher
12933,http://www.wikidata.org/entity/Q41787205,researcher,education
12934,http://www.wikidata.org/entity/Q41787918,professor,education
12936,http://www.wikidata.org/entity/Q417984,university-teacher,education
12938,http://www.wikidata.org/entity/Q4181347,historian,institution
12940,http://www.wikidata.org/entity/Q4186658,university-teacher,education
12944,http://www.wikidata.org/entity/Q4190023,university-teacher,institute
12946,http://www.wikidata.org/entity/Q4191868,philosopher,education
12948,http://www.wikidata.org/entity/Q4196624,university-teacher,university
12951,http://www.wikidata.org/entity/Q4199711,university-teacher,university
12952,http://www.wikidata.org/entity/Q42005080,university-teacher,education
12954,http://www.wikidata.org/entity/Q4202056,historian,education
12957,http://www.wikidata.org/entity/Q4202946,university-teacher,university
12958,http://www.wikidata.org/entity/Q4203531,economist,university
12962,http://www.wikidata.org/entity/Q4208408,researcher,organization
12963,http://www.wikidata.org/entity/Q4213250,university-teacher,institute
12964,http://www.wikidata.org/entity/Q42156,writer,education
12967,http://www.wikidata.org/entity/Q42204361,university-teacher,university
12968,http://www.wikidata.org/entity/Q42211660,university-teacher,education
12969,http://www.wikidata.org/entity/Q4221205,economist,education
12972,http://www.wikidata.org/entity/Q4225152,historian,publisher
12973,http://www.wikidata.org/entity/Q4225993,cultural-studies-scholar,education
12976,http://www.wikidata.org/entity/Q4226807,philosopher,university
12979,http://www.wikidata.org/entity/Q42302142,university-teacher,organization
12981,http://www.wikidata.org/entity/Q42306441,university-teacher,organization
12984,http://www.wikidata.org/entity/Q42310569,political-scientist,publisher
12985,http://www.wikidata.org/entity/Q4231449,writer,institute
12987,http://www.wikidata.org/entity/Q42314808,university-teacher,organization
12989,http://www.wikidata.org/entity/Q42315860,university-teacher,education
12993,http://www.wikidata.org/entity/Q42343384,social-scientist,institute
12997,http://www.wikidata.org/entity/Q42391996,scientist,institute
12998,http://www.wikidata.org/entity/Q42392750,anthropologist,publisher
13007,http://www.wikidata.org/entity/Q4243053,university-teacher,education
13010,http://www.wikidata.org/entity/Q4245051,philosopher,education
13012,http://www.wikidata.org/entity/Q4246580,economist,education
13014,http://www.wikidata.org/entity/Q4249854,university-teacher,agency
13015,http://www.wikidata.org/entity/Q4249872,economist,education
13016,http://www.wikidata.org/entity/Q4250258,historian,education
13020,http://www.wikidata.org/entity/Q4254197,philosopher,education
13022,http://www.wikidata.org/entity/Q42603869,university-teacher,education
13024,http://www.wikidata.org/entity/Q4260647,writer,university
13026,http://www.wikidata.org/entity/Q4263276,university-teacher,publisher
13027,http://www.wikidata.org/entity/Q4268375,university-teacher,education
13031,http://www.wikidata.org/entity/Q4269498,political-scientist,education
13033,http://www.wikidata.org/entity/Q42706967,politician,GLAM
13034,http://www.wikidata.org/entity/Q42724499,researcher,organization
13036,http://www.wikidata.org/entity/Q42790984,teacher,organization
13039,http://www.wikidata.org/entity/Q42852915,university-teacher,education
13040,http://www.wikidata.org/entity/Q4285579,economist,publisher
13041,http://www.wikidata.org/entity/Q4287991,university-teacher,education
13042,http://www.wikidata.org/entity/Q4289698,political-scientist,education
13043,http://www.wikidata.org/entity/Q42897817,politician,university
13044,http://www.wikidata.org/entity/Q42904531,human-rights-defender,organization
13045,http://www.wikidata.org/entity/Q42911353,university-teacher,publisher
13047,http://www.wikidata.org/entity/Q4292405,university-teacher,publisher
13048,http://www.wikidata.org/entity/Q4296042,university-teacher,publisher
13049,http://www.wikidata.org/entity/Q42965637,medical-sociologist,college
13050,http://www.wikidata.org/entity/Q4296850,historian,university
13052,http://www.wikidata.org/entity/Q4298599,comparative-literature-academic,education
13053,http://www.wikidata.org/entity/Q4302001,economist,education
13054,http://www.wikidata.org/entity/Q43035326,university-teacher,publisher
13055,http://www.wikidata.org/entity/Q4304434,university-teacher,education
13057,http://www.wikidata.org/entity/Q4305233,philosopher,publisher
13059,http://www.wikidata.org/entity/Q430765,writer,organization
13062,http://www.wikidata.org/entity/Q4308920,writer,publisher
13064,http://www.wikidata.org/entity/Q43096509,researcher,publisher
13066,http://www.wikidata.org/entity/Q4312110,psychologist,education
13072,http://www.wikidata.org/entity/Q432784,university-teacher,education
13074,http://www.wikidata.org/entity/Q432851,university-teacher,education
13076,http://www.wikidata.org/entity/Q433517,university-teacher,education
13078,http://www.wikidata.org/entity/Q4336591,economist,publisher
13080,http://www.wikidata.org/entity/Q4336617,theologian,education
13082,http://www.wikidata.org/entity/Q43373083,university-teacher,education
13083,http://www.wikidata.org/entity/Q43375596,statistician,education
13084,http://www.wikidata.org/entity/Q4337567,university-teacher,education
13085,http://www.wikidata.org/entity/Q4337871,university-teacher,university
13086,http://www.wikidata.org/entity/Q4338016,university-teacher,education
13093,http://www.wikidata.org/entity/Q4343846,philosopher,publisher
13094,http://www.wikidata.org/entity/Q4344047,university-teacher,publisher
13097,http://www.wikidata.org/entity/Q43485157,demographer,education
13098,http://www.wikidata.org/entity/Q4349539,university-teacher,education
13100,http://www.wikidata.org/entity/Q4352808,university-teacher,publisher
13102,http://www.wikidata.org/entity/Q4354422,writer,organization
13103,http://www.wikidata.org/entity/Q43546275,university-teacher,education
13104,http://www.wikidata.org/entity/Q4356053,political-scientist,agency
13106,http://www.wikidata.org/entity/Q436131,university-teacher,education
13107,http://www.wikidata.org/entity/Q43632352,university-teacher,education
13111,http://www.wikidata.org/entity/Q4368563,university-teacher,education
13112,http://www.wikidata.org/entity/Q4369316,university-teacher,education
13113,http://www.wikidata.org/entity/Q437139,university-teacher,university
13114,http://www.wikidata.org/entity/Q4371751,university-teacher,institute
13116,http://www.wikidata.org/entity/Q437371,university-teacher,education
13117,http://www.wikidata.org/entity/Q43766797,university-teacher,institute
13119,http://www.wikidata.org/entity/Q4382155,journalist,school
13121,http://www.wikidata.org/entity/Q438839,writer,education
13122,http://www.wikidata.org/entity/Q439143,university-teacher,education
13123,http://www.wikidata.org/entity/Q43914706,criminologist,education
13125,http://www.wikidata.org/entity/Q4392714,historian,GLAM
13127,http://www.wikidata.org/entity/Q4394379,lawyer,education
13128,http://www.wikidata.org/entity/Q4394973,university-teacher,education
13129,http://www.wikidata.org/entity/Q4396644,university-teacher,publisher
13131,http://www.wikidata.org/entity/Q4398649,political-scientist,university
13134,http://www.wikidata.org/entity/Q4401708,university-teacher,education
13138,http://www.wikidata.org/entity/Q4405623,professor,university
13140,http://www.wikidata.org/entity/Q4408686,university-teacher,university
13143,http://www.wikidata.org/entity/Q4415865,historian,education
13144,http://www.wikidata.org/entity/Q441679,university-teacher,institute
13145,http://www.wikidata.org/entity/Q4418802,music-educator,education
13149,http://www.wikidata.org/entity/Q442649,university-teacher,publisher
13150,http://www.wikidata.org/entity/Q44272,philosopher,education
13153,http://www.wikidata.org/entity/Q4431275,university-teacher,education
13155,http://www.wikidata.org/entity/Q44374305,university-teacher,education
13158,http://www.wikidata.org/entity/Q4441133,philosopher,publisher
13163,http://www.wikidata.org/entity/Q444495,university-teacher,education
13164,http://www.wikidata.org/entity/Q4445122,university-teacher,publisher
13167,http://www.wikidata.org/entity/Q444704,university-teacher,publisher
13170,http://www.wikidata.org/entity/Q444906,university-teacher,education
13172,http://www.wikidata.org/entity/Q4452788,scientist,education
13175,http://www.wikidata.org/entity/Q445511,university-teacher,education
13177,http://www.wikidata.org/entity/Q4457340,university-teacher,education
13178,http://www.wikidata.org/entity/Q44589956,university-teacher,education
13179,http://www.wikidata.org/entity/Q445984,university-teacher,publisher
13180,http://www.wikidata.org/entity/Q4460326,university-teacher,education
13184,http://www.wikidata.org/entity/Q44640710,filmmaker,publisher
13188,http://www.wikidata.org/entity/Q4477079,statistician,university
13189,http://www.wikidata.org/entity/Q4477132,political-scientist,education
13190,http://www.wikidata.org/entity/Q447723,university-teacher,university
13191,http://www.wikidata.org/entity/Q447776,writer,newspaper
13196,http://www.wikidata.org/entity/Q4481553,writer,publisher
13201,http://www.wikidata.org/entity/Q448913,university-teacher,publisher
13202,http://www.wikidata.org/entity/Q4492430,university-teacher,education
13203,http://www.wikidata.org/entity/Q449283,university-teacher,education
13204,http://www.wikidata.org/entity/Q4493509,university-teacher,publisher
13205,http://www.wikidata.org/entity/Q4493554,political-scientist,education
13210,http://www.wikidata.org/entity/Q4495137,historian,institute
13211,http://www.wikidata.org/entity/Q449538,university-teacher,university
13214,http://www.wikidata.org/entity/Q4495904,politician,university
13216,http://www.wikidata.org/entity/Q44968,anthropologist,education
13217,http://www.wikidata.org/entity/Q4496962,university-teacher,education
13219,http://www.wikidata.org/entity/Q449733,university-teacher,education
13225,http://www.wikidata.org/entity/Q4502742,theologian,education
13226,http://www.wikidata.org/entity/Q450412,university-teacher,education
13227,http://www.wikidata.org/entity/Q450506,university-teacher,education
13230,http://www.wikidata.org/entity/Q450741,university-teacher,education
13231,http://www.wikidata.org/entity/Q451359,politician,publisher
13232,http://www.wikidata.org/entity/Q4514873,mathematician,publisher
13234,http://www.wikidata.org/entity/Q4515846,university-teacher,university
13235,http://www.wikidata.org/entity/Q4517347,politician,school
13237,http://www.wikidata.org/entity/Q4518504,politician,education
13238,http://www.wikidata.org/entity/Q45190498,university-teacher,institute
13240,http://www.wikidata.org/entity/Q4520065,pedagogue,education
13241,http://www.wikidata.org/entity/Q4520283,university-teacher,university
13242,http://www.wikidata.org/entity/Q4521346,university-teacher,organization
13245,http://www.wikidata.org/entity/Q4522458,university-teacher,university
13247,http://www.wikidata.org/entity/Q4524925,university-teacher,education
13248,http://www.wikidata.org/entity/Q4525510,university-teacher,education
13253,http://www.wikidata.org/entity/Q4529097,political-scientist,publisher
13255,http://www.wikidata.org/entity/Q4531649,politician,publisher
13259,http://www.wikidata.org/entity/Q4533002,political-scientist,institute
13262,http://www.wikidata.org/entity/Q453489,philosopher,university
13264,http://www.wikidata.org/entity/Q4535823,university-teacher,university
13265,http://www.wikidata.org/entity/Q453592,professor,organization
13266,http://www.wikidata.org/entity/Q4536324,university-teacher,institute
13269,http://www.wikidata.org/entity/Q4538209,philosopher,university
13272,http://www.wikidata.org/entity/Q45424,university-teacher,education
13273,http://www.wikidata.org/entity/Q454486,university-teacher,education
13275,http://www.wikidata.org/entity/Q454782,university-teacher,education
13276,http://www.wikidata.org/entity/Q454802,university-teacher,education
13277,http://www.wikidata.org/entity/Q45485013,university-teacher,publisher
13278,http://www.wikidata.org/entity/Q45486323,politician,publisher
13279,http://www.wikidata.org/entity/Q455767,university-teacher,education
13280,http://www.wikidata.org/entity/Q456392,university-teacher,education
13281,http://www.wikidata.org/entity/Q456667,university-teacher,publisher
13286,http://www.wikidata.org/entity/Q4580724,university-teacher,publisher
13290,http://www.wikidata.org/entity/Q45829671,political-scientist,university
13292,http://www.wikidata.org/entity/Q45839635,university-teacher,publisher
13293,http://www.wikidata.org/entity/Q4587714,politician,university
13294,http://www.wikidata.org/entity/Q45923287,university-teacher,education
13295,http://www.wikidata.org/entity/Q459310,historian,education
13296,http://www.wikidata.org/entity/Q4598174,university-teacher,education
13298,http://www.wikidata.org/entity/Q461121,university-teacher,education
13299,http://www.wikidata.org/entity/Q461302,university-teacher,university
13300,http://www.wikidata.org/entity/Q46148930,university-teacher,university
13301,http://www.wikidata.org/entity/Q461675,writer,education
13303,http://www.wikidata.org/entity/Q463170,university-teacher,education
13305,http://www.wikidata.org/entity/Q463896,university-teacher,publisher
13306,http://www.wikidata.org/entity/Q4639773,university-teacher,organization
13309,http://www.wikidata.org/entity/Q465252,university-teacher,education
13310,http://www.wikidata.org/entity/Q465465,university-teacher,publisher
13314,http://www.wikidata.org/entity/Q46612505,university-teacher,publisher
13317,http://www.wikidata.org/entity/Q4661966,trans-activist,publisher
13319,http://www.wikidata.org/entity/Q466862,university-teacher,organization
13321,http://www.wikidata.org/entity/Q467333,university-teacher,education
13324,http://www.wikidata.org/entity/Q4679622,university-teacher,university
13326,http://www.wikidata.org/entity/Q468043,political-scientist,education
13328,http://www.wikidata.org/entity/Q468172,economist,education
13331,http://www.wikidata.org/entity/Q468450,university-teacher,education
13333,http://www.wikidata.org/entity/Q4685029,university-teacher,education
13336,http://www.wikidata.org/entity/Q46865918,writer,organization
13337,http://www.wikidata.org/entity/Q468690,university-teacher,university
13340,http://www.wikidata.org/entity/Q4693016,university-teacher,publisher
13345,http://www.wikidata.org/entity/Q46980601,criminologist,education
13346,http://www.wikidata.org/entity/Q469888,writer,publisher
13347,http://www.wikidata.org/entity/Q46991927,writer,publisher
13350,http://www.wikidata.org/entity/Q46996248,university-teacher,education
13352,http://www.wikidata.org/entity/Q46998104,director-of-research-at-cnrs,publisher
13354,http://www.wikidata.org/entity/Q46998131,research-fellow,university
13363,http://www.wikidata.org/entity/Q47008688,scientist,education
13364,http://www.wikidata.org/entity/Q47009171,university-teacher,institute
13370,http://www.wikidata.org/entity/Q47036834,university-teacher,education
13372,http://www.wikidata.org/entity/Q47067700,university-teacher,publisher
13374,http://www.wikidata.org/entity/Q4706984,university-teacher,education
13376,http://www.wikidata.org/entity/Q4708088,political-scientist,education
13383,http://www.wikidata.org/entity/Q47091957,scientist,facility
13389,http://www.wikidata.org/entity/Q4710283,university-teacher,education
13390,http://www.wikidata.org/entity/Q4710887,academic-administrator,education
13391,http://www.wikidata.org/entity/Q47110508,university-teacher,education
13392,http://www.wikidata.org/entity/Q47110515,religion-sociologist,education
13394,http://www.wikidata.org/entity/Q47114275,university-teacher,education
13399,http://www.wikidata.org/entity/Q471300,economist,university
13400,http://www.wikidata.org/entity/Q4713147,university-teacher,publisher
13403,http://www.wikidata.org/entity/Q4714631,university-teacher,education
13404,http://www.wikidata.org/entity/Q47146485,researcher,organization
13409,http://www.wikidata.org/entity/Q4716391,university-teacher,university
13411,http://www.wikidata.org/entity/Q4717188,diplomat,education
13413,http://www.wikidata.org/entity/Q4719034,psychiatrist,education
13414,http://www.wikidata.org/entity/Q4719045,researcher,education
13415,http://www.wikidata.org/entity/Q47192410,university-teacher,publisher
13416,http://www.wikidata.org/entity/Q4721595,university-teacher,publisher
13417,http://www.wikidata.org/entity/Q47224270,researcher,education
13421,http://www.wikidata.org/entity/Q4723323,university-teacher,education
13427,http://www.wikidata.org/entity/Q47298187,university-teacher,organization
13430,http://www.wikidata.org/entity/Q4730723,urban-planner,education
13434,http://www.wikidata.org/entity/Q47402664,university-teacher,education
13435,http://www.wikidata.org/entity/Q47402821,university-teacher,education
13440,http://www.wikidata.org/entity/Q4746497,writer,facility
13445,http://www.wikidata.org/entity/Q4747885,university-teacher,education
13446,http://www.wikidata.org/entity/Q4747968,writer,agency
13448,http://www.wikidata.org/entity/Q47486867,diplomat,institute
13449,http://www.wikidata.org/entity/Q47487124,university-teacher,organization
13452,http://www.wikidata.org/entity/Q47489298,communication-scholar,education
13453,http://www.wikidata.org/entity/Q47494296,university-teacher,university
13454,http://www.wikidata.org/entity/Q47494402,university-teacher,education
13455,http://www.wikidata.org/entity/Q47494779,university-teacher,university
13457,http://www.wikidata.org/entity/Q4749664,researcher,publisher
13459,http://www.wikidata.org/entity/Q47498974,university-teacher,publisher
13466,http://www.wikidata.org/entity/Q47509381,university-teacher,education
13467,http://www.wikidata.org/entity/Q47510542,university-teacher,education
13472,http://www.wikidata.org/entity/Q47520139,university-teacher,education
13477,http://www.wikidata.org/entity/Q47529141,social-work-scholar,education
13479,http://www.wikidata.org/entity/Q4753733,researcher,education
13484,http://www.wikidata.org/entity/Q4755054,writer,publisher
13486,http://www.wikidata.org/entity/Q4756039,university-teacher,education
13487,http://www.wikidata.org/entity/Q4756042,politician,publisher
13491,http://www.wikidata.org/entity/Q4758510,geographer,education
13493,http://www.wikidata.org/entity/Q4759623,diplomat,university
13494,http://www.wikidata.org/entity/Q4759700,historian,publisher
13495,http://www.wikidata.org/entity/Q4759741,anthropologist,university
13496,http://www.wikidata.org/entity/Q4760768,non-fiction-writer,education
13497,http://www.wikidata.org/entity/Q4762514,university-teacher,education
13498,http://www.wikidata.org/entity/Q47657249,scientist,organization
13501,http://www.wikidata.org/entity/Q4766673,researcher,education
13502,http://www.wikidata.org/entity/Q4768440,professor,education
13505,http://www.wikidata.org/entity/Q47713605,university-teacher,organization
13507,http://www.wikidata.org/entity/Q4777548,political-scientist,other
13508,http://www.wikidata.org/entity/Q47805600,university-teacher,publisher
13516,http://www.wikidata.org/entity/Q4790453,priest,education
13517,http://www.wikidata.org/entity/Q4790460,philosopher,organization
13521,http://www.wikidata.org/entity/Q4795013,university-teacher,education
13522,http://www.wikidata.org/entity/Q4797893,futurist,education
13529,http://www.wikidata.org/entity/Q4802408,professor,education
13531,http://www.wikidata.org/entity/Q4806486,activist,publisher
13533,http://www.wikidata.org/entity/Q48210385,university-teacher,organization
13534,http://www.wikidata.org/entity/Q4828523,university-teacher,publisher
13535,http://www.wikidata.org/entity/Q4831210,historian,education
13537,http://www.wikidata.org/entity/Q4842585,writer,publisher
13542,http://www.wikidata.org/entity/Q48551391,university-teacher,agency
13543,http://www.wikidata.org/entity/Q48562240,university-teacher,publisher
13545,http://www.wikidata.org/entity/Q4858846,university-teacher,publisher
13548,http://www.wikidata.org/entity/Q4859042,university-teacher,agency
13550,http://www.wikidata.org/entity/Q48631428,university-teacher,education
13553,http://www.wikidata.org/entity/Q4863565,feminist,education
13560,http://www.wikidata.org/entity/Q48688337,translator,university
13561,http://www.wikidata.org/entity/Q48689378,librarian,publisher
13562,http://www.wikidata.org/entity/Q48699106,writer,education
13566,http://www.wikidata.org/entity/Q48739,screenwriter,enterprise
13576,http://www.wikidata.org/entity/Q48767379,journalist,education
13582,http://www.wikidata.org/entity/Q48823925,university-teacher,education
13583,http://www.wikidata.org/entity/Q48828655,university-teacher,education
13586,http://www.wikidata.org/entity/Q48848636,university-teacher,education
13589,http://www.wikidata.org/entity/Q48861168,university-teacher,organization
13591,http://www.wikidata.org/entity/Q48868,university-teacher,education
13593,http://www.wikidata.org/entity/Q4888739,university-teacher,education
13595,http://www.wikidata.org/entity/Q4890148,university-teacher,university
13598,http://www.wikidata.org/entity/Q4893963,writer,education
13600,http://www.wikidata.org/entity/Q4895470,university-teacher,publisher
13603,http://www.wikidata.org/entity/Q48977717,university-teacher,organization
13604,http://www.wikidata.org/entity/Q48977967,translator,publisher
13610,http://www.wikidata.org/entity/Q49161831,university-teacher,education
13612,http://www.wikidata.org/entity/Q4919801,professor,publisher
13614,http://www.wikidata.org/entity/Q49229069,economist,organization
13615,http://www.wikidata.org/entity/Q49266125,professeur-des-universités,education
13617,http://www.wikidata.org/entity/Q4931850,university-teacher,education
13618,http://www.wikidata.org/entity/Q4932558,university-teacher,education
13620,http://www.wikidata.org/entity/Q4935723,writer,education
13621,http://www.wikidata.org/entity/Q49361498,political-scientist,education
13622,http://www.wikidata.org/entity/Q49386607,university-teacher,university
13624,http://www.wikidata.org/entity/Q49395690,social-psychologist,agency
13625,http://www.wikidata.org/entity/Q4940578,university-teacher,publisher
13627,http://www.wikidata.org/entity/Q494287,writer,education
13629,http://www.wikidata.org/entity/Q49461238,university-teacher,publisher
13630,http://www.wikidata.org/entity/Q4953061,philosopher,publisher
13631,http://www.wikidata.org/entity/Q4955225,university-teacher,organization
13635,http://www.wikidata.org/entity/Q4961940,sexologist,education
13636,http://www.wikidata.org/entity/Q4962113,university-teacher,education
13637,http://www.wikidata.org/entity/Q4964652,docent,agency
13638,http://www.wikidata.org/entity/Q4965701,university-teacher,education
13639,http://www.wikidata.org/entity/Q496798,university-teacher,publisher
13645,http://www.wikidata.org/entity/Q4980349,professor,education
13646,http://www.wikidata.org/entity/Q4990113,criminologist,education
13649,http://www.wikidata.org/entity/Q499603,university-teacher,publisher
13651,http://www.wikidata.org/entity/Q500160,university-teacher,publisher
13653,http://www.wikidata.org/entity/Q5006951,university-teacher,education
13656,http://www.wikidata.org/entity/Q501148,university-teacher,publisher
13657,http://www.wikidata.org/entity/Q5012274,university-teacher,education
13659,http://www.wikidata.org/entity/Q5021365,university-teacher,education
13663,http://www.wikidata.org/entity/Q5024346,writer,education
13664,http://www.wikidata.org/entity/Q502440,university-teacher,education
13666,http://www.wikidata.org/entity/Q50286841,university-teacher,publisher
13667,http://www.wikidata.org/entity/Q50303082,university-teacher,institute
13668,http://www.wikidata.org/entity/Q503054,university-teacher,publisher
13669,http://www.wikidata.org/entity/Q50328291,university-teacher,education
13670,http://www.wikidata.org/entity/Q50335016,anthropologist,university
13674,http://www.wikidata.org/entity/Q50358701,professor,organization
13675,http://www.wikidata.org/entity/Q503611,university-teacher,education
13676,http://www.wikidata.org/entity/Q503613,university-teacher,education
13685,http://www.wikidata.org/entity/Q50384376,social-scientist,publisher
13688,http://www.wikidata.org/entity/Q5039927,cultural-historian,education
13693,http://www.wikidata.org/entity/Q50411890,university-teacher,publisher
13697,http://www.wikidata.org/entity/Q504319,university-teacher,education
13699,http://www.wikidata.org/entity/Q5044563,criminologist,education
13700,http://www.wikidata.org/entity/Q5045166,university-teacher,education
13701,http://www.wikidata.org/entity/Q504687,university-teacher,education
13703,http://www.wikidata.org/entity/Q504923,university-teacher,education
13704,http://www.wikidata.org/entity/Q504987,university-teacher,education
13705,http://www.wikidata.org/entity/Q505154,university-teacher,school
13706,http://www.wikidata.org/entity/Q505296,university-teacher,university
13707,http://www.wikidata.org/entity/Q5053399,politician,education
13709,http://www.wikidata.org/entity/Q50544442,politician,university
13710,http://www.wikidata.org/entity/Q505528,university-teacher,university
13711,http://www.wikidata.org/entity/Q505595,university-teacher,publisher
13713,http://www.wikidata.org/entity/Q5058021,university-teacher,education
13714,http://www.wikidata.org/entity/Q50600352,university-teacher,institute
13715,http://www.wikidata.org/entity/Q50617136,university-teacher,organization
13716,http://www.wikidata.org/entity/Q50617986,university-teacher,publisher
13719,http://www.wikidata.org/entity/Q50641989,bureaucrat,publisher
13721,http://www.wikidata.org/entity/Q50660256,university-teacher,university
13722,http://www.wikidata.org/entity/Q50665569,writer,institute
13725,http://www.wikidata.org/entity/Q507014,university-teacher,education
13727,http://www.wikidata.org/entity/Q5075559,university-teacher,education
13729,http://www.wikidata.org/entity/Q50756777,politician,publisher
13731,http://www.wikidata.org/entity/Q50768231,university-teacher,publisher
13732,http://www.wikidata.org/entity/Q5076836,professor,education
13742,http://www.wikidata.org/entity/Q508217,politician,newspaper
13745,http://www.wikidata.org/entity/Q50825310,historian,organization
13746,http://www.wikidata.org/entity/Q50825641,university-teacher,education
13751,http://www.wikidata.org/entity/Q5083991,writer,education
13757,http://www.wikidata.org/entity/Q5090947,writer,education
13758,http://www.wikidata.org/entity/Q509551,university-teacher,organization
13760,http://www.wikidata.org/entity/Q50981757,university-teacher,education
13761,http://www.wikidata.org/entity/Q5102240,university-teacher,university
13763,http://www.wikidata.org/entity/Q51032952,university-teacher,school
13767,http://www.wikidata.org/entity/Q5109408,politician,publisher
13768,http://www.wikidata.org/entity/Q5110145,university-teacher,education
13769,http://www.wikidata.org/entity/Q51104430,university-teacher,education
13772,http://www.wikidata.org/entity/Q5111219,writer,education
13774,http://www.wikidata.org/entity/Q5112640,university-teacher,education
13775,http://www.wikidata.org/entity/Q5113445,university-teacher,education
13776,http://www.wikidata.org/entity/Q5115181,university-teacher,publisher
13777,http://www.wikidata.org/entity/Q51157544,university-teacher,college
13780,http://www.wikidata.org/entity/Q5126703,university-teacher,education
13781,http://www.wikidata.org/entity/Q512677,university-teacher,other
13784,http://www.wikidata.org/entity/Q5129363,politician,publisher
13785,http://www.wikidata.org/entity/Q5129429,historian,education
13787,http://www.wikidata.org/entity/Q513448,university-teacher,education
13791,http://www.wikidata.org/entity/Q51375776,university-teacher,university
13793,http://www.wikidata.org/entity/Q5144863,university-teacher,education
13795,http://www.wikidata.org/entity/Q51449986,university-teacher,education
13797,http://www.wikidata.org/entity/Q514808,university-teacher,school
13798,http://www.wikidata.org/entity/Q515246,university-teacher,organization
13800,http://www.wikidata.org/entity/Q51595283,sociology-of-law,publisher
13803,http://www.wikidata.org/entity/Q516700,university-teacher,institution
13810,http://www.wikidata.org/entity/Q517539,university-teacher,education
13813,http://www.wikidata.org/entity/Q5180793,university-teacher,education
13816,http://www.wikidata.org/entity/Q5186330,university-teacher,education
13824,http://www.wikidata.org/entity/Q51883980,demographer,education
13827,http://www.wikidata.org/entity/Q51906174,university-teacher,organization
13828,http://www.wikidata.org/entity/Q51915066,social-geographer,publisher
13829,http://www.wikidata.org/entity/Q51953796,university-teacher,institute
13831,http://www.wikidata.org/entity/Q5197144,psychologist,publisher
13834,http://www.wikidata.org/entity/Q519898,university-teacher,education
13836,http://www.wikidata.org/entity/Q520101,university-teacher,publisher
13837,http://www.wikidata.org/entity/Q520114,university-teacher,publisher
13841,http://www.wikidata.org/entity/Q5202134,philosopher,publisher
13844,http://www.wikidata.org/entity/Q520726,university-teacher,education
13847,http://www.wikidata.org/entity/Q5208411,writer,organization
13849,http://www.wikidata.org/entity/Q521131,writer,organization
13851,http://www.wikidata.org/entity/Q52122242,media-scholar,other
13852,http://www.wikidata.org/entity/Q5213425,political-scientist,publisher
13857,http://www.wikidata.org/entity/Q52156800,university-teacher,education
13858,http://www.wikidata.org/entity/Q52156838,university-teacher,education
13862,http://www.wikidata.org/entity/Q52161552,professor,organization
13863,http://www.wikidata.org/entity/Q5216496,university-teacher,publisher
13865,http://www.wikidata.org/entity/Q5217139,politician,publisher
13868,http://www.wikidata.org/entity/Q521729,university-teacher,institute
13869,http://www.wikidata.org/entity/Q5217636,university-teacher,education
13871,http://www.wikidata.org/entity/Q5217951,university-teacher,education
13872,http://www.wikidata.org/entity/Q521895,university-teacher,education
13874,http://www.wikidata.org/entity/Q522094,university-teacher,education
13875,http://www.wikidata.org/entity/Q5221989,professor,education
13876,http://www.wikidata.org/entity/Q5230484,university-teacher,education
13877,http://www.wikidata.org/entity/Q5230490,professor,education
13881,http://www.wikidata.org/entity/Q523087,university-teacher,university
13882,http://www.wikidata.org/entity/Q5231259,writer,education
13884,http://www.wikidata.org/entity/Q5232062,professor,education
13886,http://www.wikidata.org/entity/Q5233059,criminologist,education
13887,http://www.wikidata.org/entity/Q5233147,university-teacher,education
13892,http://www.wikidata.org/entity/Q5234230,university-teacher,education
13895,http://www.wikidata.org/entity/Q52362107,pundit,education
13896,http://www.wikidata.org/entity/Q5236868,university-teacher,publisher
13897,http://www.wikidata.org/entity/Q5237661,historian,education
13901,http://www.wikidata.org/entity/Q5237957,university-teacher,education
13903,http://www.wikidata.org/entity/Q523870,university-teacher,education
13904,http://www.wikidata.org/entity/Q5238712,university-teacher,education
13906,http://www.wikidata.org/entity/Q5238844,university-teacher,education
13907,http://www.wikidata.org/entity/Q5238931,political-scientist,university
13910,http://www.wikidata.org/entity/Q5240663,researcher,education
13919,http://www.wikidata.org/entity/Q52493422,university-teacher,education
13920,http://www.wikidata.org/entity/Q524973,university-teacher,education
13921,http://www.wikidata.org/entity/Q525099,university-teacher,agency
13923,http://www.wikidata.org/entity/Q5256927,politician,university
13926,http://www.wikidata.org/entity/Q525918,university-teacher,publisher
13928,http://www.wikidata.org/entity/Q5265171,university-teacher,university
13931,http://www.wikidata.org/entity/Q5271442,university-teacher,education
13935,http://www.wikidata.org/entity/Q52800334,university-teacher,education
13936,http://www.wikidata.org/entity/Q52818219,geographer,publisher
13937,http://www.wikidata.org/entity/Q528765,university-teacher,university
13938,http://www.wikidata.org/entity/Q52919,university-teacher,education
13940,http://www.wikidata.org/entity/Q5292883,university-teacher,publisher
13943,http://www.wikidata.org/entity/Q5294651,non-fiction-writer,education
13945,http://www.wikidata.org/entity/Q5295015,geographer,education
13947,http://www.wikidata.org/entity/Q5298567,university-teacher,education
13950,http://www.wikidata.org/entity/Q5300708,university-teacher,education
13952,http://www.wikidata.org/entity/Q5301910,anthropologist,education
13953,http://www.wikidata.org/entity/Q5306174,university-teacher,publisher
13954,http://www.wikidata.org/entity/Q53079205,university-teacher,institute
13955,http://www.wikidata.org/entity/Q531128,university-teacher,education
13956,http://www.wikidata.org/entity/Q5311900,university-teacher,education
13959,http://www.wikidata.org/entity/Q531682,university-teacher,education
13960,http://www.wikidata.org/entity/Q5321821,university-teacher,education
13961,http://www.wikidata.org/entity/Q532245,writer,enterprise
13965,http://www.wikidata.org/entity/Q532816,university-teacher,university
13966,http://www.wikidata.org/entity/Q533039,university-teacher,education
13967,http://www.wikidata.org/entity/Q533126,university-teacher,education
13968,http://www.wikidata.org/entity/Q533746,politician,publisher
13970,http://www.wikidata.org/entity/Q534080,university-teacher,education
13974,http://www.wikidata.org/entity/Q53523286,university-teacher,education
13975,http://www.wikidata.org/entity/Q5353219,journalist,education
13977,http://www.wikidata.org/entity/Q53534187,professeur-des-universités,university
13980,http://www.wikidata.org/entity/Q53552714,university-teacher,publisher
13982,http://www.wikidata.org/entity/Q535934,politician,publisher
13987,http://www.wikidata.org/entity/Q5365688,anthropologist,organization
13991,http://www.wikidata.org/entity/Q5366643,university-teacher,education
13993,http://www.wikidata.org/entity/Q5370315,pollster,education
13996,http://www.wikidata.org/entity/Q5372395,university-teacher,education
14001,http://www.wikidata.org/entity/Q537965,university-teacher,university
14002,http://www.wikidata.org/entity/Q5379823,writer,newspaper
14004,http://www.wikidata.org/entity/Q538477,university-teacher,education
14005,http://www.wikidata.org/entity/Q5385298,writer,education
14006,http://www.wikidata.org/entity/Q5386025,coach,education
14008,http://www.wikidata.org/entity/Q5386404,university-teacher,education
14009,http://www.wikidata.org/entity/Q53864840,university-teacher,education
14010,http://www.wikidata.org/entity/Q5386894,university-teacher,education
14011,http://www.wikidata.org/entity/Q53869232,university-teacher,publisher
14013,http://www.wikidata.org/entity/Q5388029,university-teacher,education
14015,http://www.wikidata.org/entity/Q5388603,professor,publisher
14018,http://www.wikidata.org/entity/Q5393098,historian,publisher
14019,http://www.wikidata.org/entity/Q539414,university-teacher,education
14021,http://www.wikidata.org/entity/Q539879,university-teacher,education
14023,http://www.wikidata.org/entity/Q54010063,psychologist,university
14024,http://www.wikidata.org/entity/Q5402322,university-teacher,education
14028,http://www.wikidata.org/entity/Q54105550,university-teacher,university
14030,http://www.wikidata.org/entity/Q54117953,university-teacher,education
14032,http://www.wikidata.org/entity/Q541238,economist,institute
14034,http://www.wikidata.org/entity/Q54131218,university-teacher,education
14036,http://www.wikidata.org/entity/Q5415028,university-teacher,organization
14037,http://www.wikidata.org/entity/Q5416389,university-teacher,education
14038,http://www.wikidata.org/entity/Q5417064,university-teacher,education
14040,http://www.wikidata.org/entity/Q542410,university-teacher,education
14041,http://www.wikidata.org/entity/Q542464,university-teacher,education
14043,http://www.wikidata.org/entity/Q54312641,university-teacher,education
14044,http://www.wikidata.org/entity/Q54366457,demographer,education
14046,http://www.wikidata.org/entity/Q5437938,diplomat,education
14047,http://www.wikidata.org/entity/Q543910,university-teacher,publisher
14048,http://www.wikidata.org/entity/Q5441828,scientist,education
14049,http://www.wikidata.org/entity/Q5442142,university-teacher,education
14050,http://www.wikidata.org/entity/Q544383,university-teacher,education
14053,http://www.wikidata.org/entity/Q54494590,political-scientist,publisher
14054,http://www.wikidata.org/entity/Q54498955,university-teacher,publisher
14055,http://www.wikidata.org/entity/Q545421,politician,publisher
14057,http://www.wikidata.org/entity/Q5456476,professor,university
14058,http://www.wikidata.org/entity/Q545915,anthropologist,publisher
14059,http://www.wikidata.org/entity/Q545974,university-teacher,publisher
14060,http://www.wikidata.org/entity/Q54667879,university-teacher,agency
14063,http://www.wikidata.org/entity/Q547149,economist,education
14064,http://www.wikidata.org/entity/Q54739872,political-scientist,organization
14065,http://www.wikidata.org/entity/Q5474652,university-teacher,education
14069,http://www.wikidata.org/entity/Q5478043,anthropologist,organization
14071,http://www.wikidata.org/entity/Q5478321,writer,education
14074,http://www.wikidata.org/entity/Q54801116,university-teacher,education
14078,http://www.wikidata.org/entity/Q5484742,translator,publisher
14079,http://www.wikidata.org/entity/Q54854872,university-teacher,education
14080,http://www.wikidata.org/entity/Q54856700,university-teacher,education
14082,http://www.wikidata.org/entity/Q54860690,film-director,education
14083,http://www.wikidata.org/entity/Q5486108,university-teacher,education
14084,http://www.wikidata.org/entity/Q54861703,businessperson,university
14094,http://www.wikidata.org/entity/Q549246,university-teacher,education
14095,http://www.wikidata.org/entity/Q54928294,university-teacher,publisher
14096,http://www.wikidata.org/entity/Q5492959,university-teacher,education
14097,http://www.wikidata.org/entity/Q5493221,university-teacher,organization
14101,http://www.wikidata.org/entity/Q5496479,public-administration-scholar,publisher
14102,http://www.wikidata.org/entity/Q5497314,demographer,education
14105,http://www.wikidata.org/entity/Q5497914,university-teacher,education
14107,http://www.wikidata.org/entity/Q5499453,professor,publisher
14108,http://www.wikidata.org/entity/Q55007033,media-scholar,publisher
14110,http://www.wikidata.org/entity/Q550792,university-teacher,publisher
14111,http://www.wikidata.org/entity/Q55081459,tennis-player,education
14113,http://www.wikidata.org/entity/Q55089945,university-teacher,education
14114,http://www.wikidata.org/entity/Q55101939,scientist,university
14115,http://www.wikidata.org/entity/Q55102201,university-teacher,publisher
14120,http://www.wikidata.org/entity/Q551252,writer,education
14128,http://www.wikidata.org/entity/Q55187368,university-teacher,university
14131,http://www.wikidata.org/entity/Q55200801,writer,education
14134,http://www.wikidata.org/entity/Q552135,university-teacher,education
14145,http://www.wikidata.org/entity/Q55232028,philosopher,education
14149,http://www.wikidata.org/entity/Q5524116,university-teacher,education
14150,http://www.wikidata.org/entity/Q5524587,writer,education
14151,http://www.wikidata.org/entity/Q5524737,anglican-priest,publisher
14152,http://www.wikidata.org/entity/Q5525425,university-teacher,education
14155,http://www.wikidata.org/entity/Q55264650,criminologist,education
14156,http://www.wikidata.org/entity/Q55266823,university-teacher,education
14157,http://www.wikidata.org/entity/Q552669,university-teacher,university
14158,http://www.wikidata.org/entity/Q552723,historian,institute
14159,http://www.wikidata.org/entity/Q5527996,economist,institute
14160,http://www.wikidata.org/entity/Q55286727,university-teacher,university
14161,http://www.wikidata.org/entity/Q553013,university-teacher,publisher
14162,http://www.wikidata.org/entity/Q553132,university-teacher,education
14163,http://www.wikidata.org/entity/Q55317178,university-teacher,institute
14164,http://www.wikidata.org/entity/Q553196,politician,education
14165,http://www.wikidata.org/entity/Q5533115,university-teacher,education
14166,http://www.wikidata.org/entity/Q55339828,economist,other
14167,http://www.wikidata.org/entity/Q5534372,writer,education
14168,http://www.wikidata.org/entity/Q553449,university-teacher,education
14171,http://www.wikidata.org/entity/Q55364052,researcher,publisher
14172,http://www.wikidata.org/entity/Q55364079,ecologist,education
14174,http://www.wikidata.org/entity/Q55386677,university-teacher,education
14175,http://www.wikidata.org/entity/Q55386767,social-scientist,education
14178,http://www.wikidata.org/entity/Q553887,university-teacher,education
14180,http://www.wikidata.org/entity/Q55390158,anthropologist,university
14182,http://www.wikidata.org/entity/Q55391224,university-teacher,organization
14192,http://www.wikidata.org/entity/Q5541462,university-teacher,education
14193,http://www.wikidata.org/entity/Q5541754,university-teacher,education
14195,http://www.wikidata.org/entity/Q55419714,university-teacher,education
14202,http://www.wikidata.org/entity/Q55455272,writer,education
14209,http://www.wikidata.org/entity/Q5552580,university-teacher,agency
14216,http://www.wikidata.org/entity/Q5556863,politician,facility
14217,http://www.wikidata.org/entity/Q555693,university-teacher,university
14221,http://www.wikidata.org/entity/Q55609126,researcher,education
14225,http://www.wikidata.org/entity/Q55619978,university-teacher,university
14226,http://www.wikidata.org/entity/Q55619998,political-scientist,publisher
14235,http://www.wikidata.org/entity/Q55620754,researcher,education
14238,http://www.wikidata.org/entity/Q55620918,university-teacher,organization
14241,http://www.wikidata.org/entity/Q55621078,university-teacher,education
14244,http://www.wikidata.org/entity/Q55622056,researcher,publisher
14250,http://www.wikidata.org/entity/Q55623190,researcher,publisher
14263,http://www.wikidata.org/entity/Q55625015,economist,education
14264,http://www.wikidata.org/entity/Q55625111,docent,education
14267,http://www.wikidata.org/entity/Q55625347,university-teacher,education
14268,http://www.wikidata.org/entity/Q55625417,university-teacher,education
14272,http://www.wikidata.org/entity/Q55626260,professeur-des-universités,publisher
14280,http://www.wikidata.org/entity/Q55627112,university-teacher,publisher
14282,http://www.wikidata.org/entity/Q55627550,director-of-research-at-cnrs,education
14292,http://www.wikidata.org/entity/Q55629231,psychologist,publisher
14298,http://www.wikidata.org/entity/Q556447,university-teacher,publisher
14299,http://www.wikidata.org/entity/Q55649646,writer,university
14300,http://www.wikidata.org/entity/Q55649908,university-teacher,university
14302,http://www.wikidata.org/entity/Q55655768,scientist,school
14305,http://www.wikidata.org/entity/Q55670683,university-teacher,publisher
14306,http://www.wikidata.org/entity/Q55670704,university-teacher,publisher
14314,http://www.wikidata.org/entity/Q55682719,racial-theorist,other
14318,http://www.wikidata.org/entity/Q5568807,university-teacher,education
14319,http://www.wikidata.org/entity/Q55688391,university-teacher,publisher
14322,http://www.wikidata.org/entity/Q55688828,university-teacher,publisher
14325,http://www.wikidata.org/entity/Q55701164,scientist,academy
14326,http://www.wikidata.org/entity/Q55701293,writer,education
14328,http://www.wikidata.org/entity/Q5571439,philosopher,publisher
14332,http://www.wikidata.org/entity/Q55722505,researcher,publisher
14333,http://www.wikidata.org/entity/Q55722574,university-teacher,publisher
14335,http://www.wikidata.org/entity/Q55722755,university-teacher,organization
14336,http://www.wikidata.org/entity/Q55722856,writer,organization
14338,http://www.wikidata.org/entity/Q55723438,university-teacher,publisher
14340,http://www.wikidata.org/entity/Q55724073,university-teacher,organization
14341,http://www.wikidata.org/entity/Q55724589,university-teacher,publisher
14342,http://www.wikidata.org/entity/Q55724602,researcher,publisher
14343,http://www.wikidata.org/entity/Q55724687,university-teacher,organization
14344,http://www.wikidata.org/entity/Q55724841,university-teacher,publisher
14345,http://www.wikidata.org/entity/Q55725003,university-teacher,institute
14347,http://www.wikidata.org/entity/Q55725292,university-teacher,organization
14349,http://www.wikidata.org/entity/Q55725422,university-teacher,organization
14350,http://www.wikidata.org/entity/Q55725581,university-teacher,institute
14356,http://www.wikidata.org/entity/Q55743706,university-teacher,education
14357,http://www.wikidata.org/entity/Q55754466,religious-studies-scholar,organization
14368,http://www.wikidata.org/entity/Q55771188,psychologist,publisher
14370,http://www.wikidata.org/entity/Q55772573,university-teacher,education
14371,http://www.wikidata.org/entity/Q55772735,university-teacher,university
14375,http://www.wikidata.org/entity/Q55774643,university-teacher,publisher
14378,http://www.wikidata.org/entity/Q5580055,professor,agency
14379,http://www.wikidata.org/entity/Q55806919,professor,university
14383,http://www.wikidata.org/entity/Q5585299,human-rights-defender,publisher
14387,http://www.wikidata.org/entity/Q558729,university-teacher,publisher
14388,http://www.wikidata.org/entity/Q5588108,politician,publisher
14392,http://www.wikidata.org/entity/Q559228,university-teacher,education
14396,http://www.wikidata.org/entity/Q55939744,university-teacher,GLAM
14407,http://www.wikidata.org/entity/Q55947404,university-teacher,university
14418,http://www.wikidata.org/entity/Q5596208,university-teacher,education
14420,http://www.wikidata.org/entity/Q559795,university-teacher,publisher
14423,http://www.wikidata.org/entity/Q55989722,university-teacher,publisher
14425,http://www.wikidata.org/entity/Q55990605,university-teacher,publisher
14432,http://www.wikidata.org/entity/Q559957,writer,education
14433,http://www.wikidata.org/entity/Q559972,journalist,organization
14434,http://www.wikidata.org/entity/Q5599729,university-teacher,education
14435,http://www.wikidata.org/entity/Q55997677,non-fiction-writer,school
14436,http://www.wikidata.org/entity/Q55998332,university-teacher,publisher
14443,http://www.wikidata.org/entity/Q55998999,university-teacher,publisher
14446,http://www.wikidata.org/entity/Q55999690,ethnologist,publisher
14447,http://www.wikidata.org/entity/Q55999931,professor,publisher
14449,http://www.wikidata.org/entity/Q56000059,university-teacher,education
14453,http://www.wikidata.org/entity/Q56000652,university-teacher,school
14456,http://www.wikidata.org/entity/Q5600524,writer,agency
14457,http://www.wikidata.org/entity/Q5602513,anthropologist,education
14458,http://www.wikidata.org/entity/Q5603688,university-teacher,university
14459,http://www.wikidata.org/entity/Q560656,university-teacher,education
14460,http://www.wikidata.org/entity/Q56066085,university-teacher,education
14461,http://www.wikidata.org/entity/Q5606686,university-teacher,publisher
14462,http://www.wikidata.org/entity/Q56072568,university-teacher,education
14463,http://www.wikidata.org/entity/Q5607727,professor,institute
14465,http://www.wikidata.org/entity/Q560986,anthropologist,education
14466,http://www.wikidata.org/entity/Q5611401,anthropologist,education
14468,http://www.wikidata.org/entity/Q56168280,historian,education
14471,http://www.wikidata.org/entity/Q5618957,university-teacher,education
14472,http://www.wikidata.org/entity/Q5621158,psychologist,organization
14473,http://www.wikidata.org/entity/Q5621366,teacher,education
14474,http://www.wikidata.org/entity/Q5621508,economist,publisher
14478,http://www.wikidata.org/entity/Q5622086,anthropologist,education
14480,http://www.wikidata.org/entity/Q56241415,literary-critic,publisher
14481,http://www.wikidata.org/entity/Q56246089,researcher,university
14483,http://www.wikidata.org/entity/Q56249651,politician,institute
14486,http://www.wikidata.org/entity/Q56255921,activist,institute
14487,http://www.wikidata.org/entity/Q56255974,university-teacher,university
14489,http://www.wikidata.org/entity/Q56256042,university-teacher,university
14490,http://www.wikidata.org/entity/Q56256069,university-teacher,organization
14494,http://www.wikidata.org/entity/Q56273186,university-teacher,education
14495,http://www.wikidata.org/entity/Q56284534,poet,publisher
14496,http://www.wikidata.org/entity/Q562847,university-teacher,university
14498,http://www.wikidata.org/entity/Q56306622,university-teacher,publisher
14499,http://www.wikidata.org/entity/Q56311955,scientist,university
14500,http://www.wikidata.org/entity/Q56316334,historian,education
14505,http://www.wikidata.org/entity/Q56349604,university-teacher,education
14508,http://www.wikidata.org/entity/Q56379314,university-teacher,publisher
14514,http://www.wikidata.org/entity/Q5642325,university-teacher,education
14518,http://www.wikidata.org/entity/Q56445399,researcher,education
14521,http://www.wikidata.org/entity/Q56460572,university-teacher,education
14523,http://www.wikidata.org/entity/Q5646488,philosopher,education
14527,http://www.wikidata.org/entity/Q56486765,criminologist,education
14528,http://www.wikidata.org/entity/Q5648693,professor,publisher
14529,http://www.wikidata.org/entity/Q5648875,university-teacher,education
14531,http://www.wikidata.org/entity/Q5650137,university-teacher,organization
14533,http://www.wikidata.org/entity/Q56508302,university-teacher,publisher
14535,http://www.wikidata.org/entity/Q56524978,professor,university
14536,http://www.wikidata.org/entity/Q56528879,university-teacher,publisher
14537,http://www.wikidata.org/entity/Q5654978,writer,publisher
14552,http://www.wikidata.org/entity/Q56641638,university-teacher,education
14553,http://www.wikidata.org/entity/Q5664169,psychologist,publisher
14554,http://www.wikidata.org/entity/Q5664292,university-teacher,education
14555,http://www.wikidata.org/entity/Q56648629,university-teacher,organization
14567,http://www.wikidata.org/entity/Q5668611,university-teacher,education
14568,http://www.wikidata.org/entity/Q5669353,secondary-school-teacher,institute
14570,http://www.wikidata.org/entity/Q56697416,university-teacher,education
14579,http://www.wikidata.org/entity/Q56739575,university-teacher,education
14585,http://www.wikidata.org/entity/Q56757410,sports-scientist,publisher
14586,http://www.wikidata.org/entity/Q5677447,academic,education
14587,http://www.wikidata.org/entity/Q5677656,university-teacher,education
14593,http://www.wikidata.org/entity/Q56812190,political-scientist,education
14595,http://www.wikidata.org/entity/Q56839610,gerontologist,school
14596,http://www.wikidata.org/entity/Q56849343,researcher,publisher
14597,http://www.wikidata.org/entity/Q56872942,researcher,education
14599,http://www.wikidata.org/entity/Q56877536,university-teacher,publisher
14602,http://www.wikidata.org/entity/Q56885918,university-teacher,publisher
14604,http://www.wikidata.org/entity/Q56924887,researcher,university
14605,http://www.wikidata.org/entity/Q56928235,university-teacher,university
14607,http://www.wikidata.org/entity/Q56938594,researcher,publisher
14608,http://www.wikidata.org/entity/Q56938945,academic,organization
14609,http://www.wikidata.org/entity/Q56947065,university-teacher,organization
14610,http://www.wikidata.org/entity/Q56947155,university-teacher,education
14613,http://www.wikidata.org/entity/Q569738,university-teacher,university
14616,http://www.wikidata.org/entity/Q5698828,university-teacher,publisher
14618,http://www.wikidata.org/entity/Q5700738,professor,education
14619,http://www.wikidata.org/entity/Q57011433,university-teacher,university
14621,http://www.wikidata.org/entity/Q5701779,writer,education
14624,http://www.wikidata.org/entity/Q5703906,academic,college
14626,http://www.wikidata.org/entity/Q57069758,researcher,education
14627,http://www.wikidata.org/entity/Q5707510,politician,education
14629,http://www.wikidata.org/entity/Q57077366,writer,education
14630,http://www.wikidata.org/entity/Q57077883,researcher,publisher
14631,http://www.wikidata.org/entity/Q57080794,university-teacher,education
14633,http://www.wikidata.org/entity/Q57085,university-teacher,education
14636,http://www.wikidata.org/entity/Q5715514,historian,publisher
14638,http://www.wikidata.org/entity/Q5715860,university-teacher,agency
14639,http://www.wikidata.org/entity/Q57162133,university-teacher,publisher
14641,http://www.wikidata.org/entity/Q57179620,university-teacher,organization
14645,http://www.wikidata.org/entity/Q571932,university-teacher,education
14646,http://www.wikidata.org/entity/Q57198814,university-teacher,education
14647,http://www.wikidata.org/entity/Q57218,writer,publisher
14648,http://www.wikidata.org/entity/Q57238,university-teacher,publisher
14649,http://www.wikidata.org/entity/Q5726079,writer,publisher
14650,http://www.wikidata.org/entity/Q5726809,politician,publisher
14655,http://www.wikidata.org/entity/Q57302912,professor,publisher
14656,http://www.wikidata.org/entity/Q57304844,university-teacher,publisher
14657,http://www.wikidata.org/entity/Q57305756,researcher,publisher
14658,http://www.wikidata.org/entity/Q57314,university-teacher,publisher
14660,http://www.wikidata.org/entity/Q57316760,university-teacher,publisher
14664,http://www.wikidata.org/entity/Q573711,university-teacher,education
14665,http://www.wikidata.org/entity/Q5738428,political-scientist,education
14670,http://www.wikidata.org/entity/Q57412903,researcher,education
14671,http://www.wikidata.org/entity/Q57413252,philosopher,education
14672,http://www.wikidata.org/entity/Q57415637,researcher,publisher
14673,http://www.wikidata.org/entity/Q57419854,academic,university
14674,http://www.wikidata.org/entity/Q57421492,researcher,education
14676,http://www.wikidata.org/entity/Q57432328,university-teacher,education
14677,http://www.wikidata.org/entity/Q57434242,university-teacher,education
14678,http://www.wikidata.org/entity/Q57436917,researcher,organization
14679,http://www.wikidata.org/entity/Q57443392,university-teacher,education
14680,http://www.wikidata.org/entity/Q57444496,researcher,education
14682,http://www.wikidata.org/entity/Q57445152,social-scientist,publisher
14683,http://www.wikidata.org/entity/Q57446155,university-teacher,education
14684,http://www.wikidata.org/entity/Q57450058,university-teacher,organization
14685,http://www.wikidata.org/entity/Q57450974,university-teacher,education
14686,http://www.wikidata.org/entity/Q57452337,university-teacher,education
14687,http://www.wikidata.org/entity/Q57456728,university-teacher,education
14688,http://www.wikidata.org/entity/Q57468674,political-scientist,publisher
14689,http://www.wikidata.org/entity/Q57469628,university-teacher,organization
14690,http://www.wikidata.org/entity/Q57478765,university-teacher,university
14696,http://www.wikidata.org/entity/Q5752402,historian,publisher
14705,http://www.wikidata.org/entity/Q5761098,journalist,education
14706,http://www.wikidata.org/entity/Q57615512,university-teacher,organization
14708,http://www.wikidata.org/entity/Q57624695,researcher,publisher
14709,http://www.wikidata.org/entity/Q57624911,university-teacher,education
14710,http://www.wikidata.org/entity/Q57688021,researcher,publisher
14713,http://www.wikidata.org/entity/Q57700901,political-scientist,institute
14714,http://www.wikidata.org/entity/Q57705468,university-teacher,publisher
14719,http://www.wikidata.org/entity/Q57758873,university-teacher,education
14720,http://www.wikidata.org/entity/Q5776310,writer,agency
14721,http://www.wikidata.org/entity/Q57770616,university-teacher,publisher
14725,http://www.wikidata.org/entity/Q57865753,university-teacher,organization
14726,http://www.wikidata.org/entity/Q57871392,university-teacher,education
14728,http://www.wikidata.org/entity/Q57884650,university-teacher,publisher
14729,http://www.wikidata.org/entity/Q57894079,university-teacher,publisher
14730,http://www.wikidata.org/entity/Q5790076,university-teacher,education
14731,http://www.wikidata.org/entity/Q57902592,university-teacher,school
14732,http://www.wikidata.org/entity/Q57904009,academic,education
14733,http://www.wikidata.org/entity/Q57907124,university-teacher,publisher
14734,http://www.wikidata.org/entity/Q57908887,researcher,publisher
14737,http://www.wikidata.org/entity/Q57918146,university-teacher,education
14738,http://www.wikidata.org/entity/Q57921597,university-teacher,publisher
14739,http://www.wikidata.org/entity/Q57924214,social-scientist,college
14740,http://www.wikidata.org/entity/Q57925064,researcher,organization
14741,http://www.wikidata.org/entity/Q57929377,researcher,publisher
14743,http://www.wikidata.org/entity/Q57940,university-teacher,agency
14744,http://www.wikidata.org/entity/Q57951362,university-teacher,publisher
14751,http://www.wikidata.org/entity/Q57982509,university-teacher,institute
14752,http://www.wikidata.org/entity/Q57983701,biologist,education
14753,http://www.wikidata.org/entity/Q5798454,politician,university
14754,http://www.wikidata.org/entity/Q57985060,researcher,school
14756,http://www.wikidata.org/entity/Q58006347,university-teacher,education
14759,http://www.wikidata.org/entity/Q58021993,researcher,publisher
14760,http://www.wikidata.org/entity/Q58031,university-teacher,publisher
14761,http://www.wikidata.org/entity/Q58034253,university-teacher,education
14764,http://www.wikidata.org/entity/Q58040,university-teacher,education
14767,http://www.wikidata.org/entity/Q58068397,university-teacher,education
14768,http://www.wikidata.org/entity/Q58069755,researcher,institute
14773,http://www.wikidata.org/entity/Q5810015,university-teacher,education
14774,http://www.wikidata.org/entity/Q58110675,university-teacher,education
14778,http://www.wikidata.org/entity/Q58134138,university-teacher,education
14781,http://www.wikidata.org/entity/Q58146835,university-teacher,publisher
14782,http://www.wikidata.org/entity/Q58146950,researcher,education
14783,http://www.wikidata.org/entity/Q5815191,philosopher,publisher
14784,http://www.wikidata.org/entity/Q58156784,university-teacher,education
14787,http://www.wikidata.org/entity/Q58179943,researcher,organization
14788,http://www.wikidata.org/entity/Q5818930,researcher,education
14789,http://www.wikidata.org/entity/Q58192187,university-teacher,education
14790,http://www.wikidata.org/entity/Q58193344,researcher,publisher
14791,http://www.wikidata.org/entity/Q5819554,university-teacher,publisher
14795,http://www.wikidata.org/entity/Q58205300,university-teacher,education
14796,http://www.wikidata.org/entity/Q58208260,university-teacher,education
14797,http://www.wikidata.org/entity/Q58215358,researcher,publisher
14800,http://www.wikidata.org/entity/Q58227436,university-teacher,university
14801,http://www.wikidata.org/entity/Q58227482,university-teacher,publisher
14802,http://www.wikidata.org/entity/Q58228801,researcher,university
14804,http://www.wikidata.org/entity/Q58232537,university-teacher,publisher
14805,http://www.wikidata.org/entity/Q58234038,university-teacher,university
14806,http://www.wikidata.org/entity/Q58234852,university-teacher,education
14808,http://www.wikidata.org/entity/Q58235274,university-teacher,publisher
14809,http://www.wikidata.org/entity/Q58235276,university-teacher,publisher
14810,http://www.wikidata.org/entity/Q58235279,university-teacher,education
14811,http://www.wikidata.org/entity/Q58235926,researcher,organization
14812,http://www.wikidata.org/entity/Q58236715,university-teacher,publisher
14813,http://www.wikidata.org/entity/Q58237557,university-teacher,university
14815,http://www.wikidata.org/entity/Q58263760,researcher,education
14818,http://www.wikidata.org/entity/Q58282806,university-teacher,publisher
14819,http://www.wikidata.org/entity/Q58282836,university-teacher,organization
14821,http://www.wikidata.org/entity/Q58282960,teacher,publisher
14822,http://www.wikidata.org/entity/Q58300765,criminologist,education
14823,http://www.wikidata.org/entity/Q58309418,researcher,organization
14824,http://www.wikidata.org/entity/Q5831161,university-teacher,university
14825,http://www.wikidata.org/entity/Q5831384,university-teacher,publisher
14826,http://www.wikidata.org/entity/Q58319004,ethnologist,education
14828,http://www.wikidata.org/entity/Q58330251,university-teacher,education
14831,http://www.wikidata.org/entity/Q58337380,university-teacher,education
14832,http://www.wikidata.org/entity/Q58338189,university-teacher,other
14833,http://www.wikidata.org/entity/Q58339457,researcher,publisher
14835,http://www.wikidata.org/entity/Q58351158,academic,education
14841,http://www.wikidata.org/entity/Q5839630,writer,publisher
14842,http://www.wikidata.org/entity/Q58402172,university-teacher,education
14845,http://www.wikidata.org/entity/Q58416798,university-teacher,publisher
14847,http://www.wikidata.org/entity/Q58420280,pedagogue,publisher
14848,http://www.wikidata.org/entity/Q58437396,peace-and-conflict-researcher,publisher
14849,http://www.wikidata.org/entity/Q58440842,university-teacher,education
14852,http://www.wikidata.org/entity/Q58454468,writer,university
14857,http://www.wikidata.org/entity/Q58495334,university-teacher,education
14862,http://www.wikidata.org/entity/Q58542394,university-teacher,publisher
14864,http://www.wikidata.org/entity/Q5857187,researcher,publisher
14866,http://www.wikidata.org/entity/Q586126,historian,education
14869,http://www.wikidata.org/entity/Q5865403,writer,publisher
14873,http://www.wikidata.org/entity/Q58684300,epidemiologist,education
14877,http://www.wikidata.org/entity/Q5878254,politician,institute
14880,http://www.wikidata.org/entity/Q587966,university-teacher,university
14882,http://www.wikidata.org/entity/Q58812893,writer,education
14887,http://www.wikidata.org/entity/Q588692,writer,education
14888,http://www.wikidata.org/entity/Q58873154,researcher,education
14889,http://www.wikidata.org/entity/Q58875370,university-teacher,organization
14891,http://www.wikidata.org/entity/Q58878984,economist,education
14893,http://www.wikidata.org/entity/Q5887964,university-teacher,publisher
14895,http://www.wikidata.org/entity/Q58881984,university-teacher,university
14900,http://www.wikidata.org/entity/Q5890074,academic-administrator,education
14901,http://www.wikidata.org/entity/Q58908061,university-teacher,education
14902,http://www.wikidata.org/entity/Q5891665,university-teacher,agency
14903,http://www.wikidata.org/entity/Q58932060,university-teacher,education
14905,http://www.wikidata.org/entity/Q58946448,tourism-scholar,publisher
14908,http://www.wikidata.org/entity/Q5902375,university-teacher,publisher
14910,http://www.wikidata.org/entity/Q5906424,researcher,publisher
14912,http://www.wikidata.org/entity/Q59093290,university-teacher,publisher
14915,http://www.wikidata.org/entity/Q591030,university-teacher,education
14916,http://www.wikidata.org/entity/Q5911886,writer,agency
14917,http://www.wikidata.org/entity/Q5913226,lawyer,university
14919,http://www.wikidata.org/entity/Q5913577,university-teacher,publisher
14920,http://www.wikidata.org/entity/Q59142649,university-teacher,education
14921,http://www.wikidata.org/entity/Q59150671,university-teacher,university
14924,http://www.wikidata.org/entity/Q59157058,researcher,education
14925,http://www.wikidata.org/entity/Q59157278,university-teacher,enterprise
14929,http://www.wikidata.org/entity/Q5919552,university-teacher,education
14942,http://www.wikidata.org/entity/Q59247860,university-teacher,university
14947,http://www.wikidata.org/entity/Q592636,politician,publisher
14949,http://www.wikidata.org/entity/Q5927301,writer,education
14953,http://www.wikidata.org/entity/Q59293278,university-teacher,publisher
14958,http://www.wikidata.org/entity/Q5930992,university-teacher,education
14962,http://www.wikidata.org/entity/Q59341645,university-teacher,education
14963,http://www.wikidata.org/entity/Q5934286,anthropologist,education
14967,http://www.wikidata.org/entity/Q5936242,university-teacher,university
14970,http://www.wikidata.org/entity/Q5938451,writer,publisher
14972,http://www.wikidata.org/entity/Q5938854,writer,education
14974,http://www.wikidata.org/entity/Q59392319,teacher,publisher
14978,http://www.wikidata.org/entity/Q5940872,university-teacher,publisher
14983,http://www.wikidata.org/entity/Q5942104,criminologist,education
14984,http://www.wikidata.org/entity/Q59421940,gerontologist,education
14988,http://www.wikidata.org/entity/Q594320,university-teacher,education
14989,http://www.wikidata.org/entity/Q59432925,university-teacher,college
14990,http://www.wikidata.org/entity/Q59433399,teacher,publisher
14991,http://www.wikidata.org/entity/Q5943655,university-teacher,publisher
14994,http://www.wikidata.org/entity/Q59462705,university-teacher,publisher
14995,http://www.wikidata.org/entity/Q59467284,economist,publisher
14997,http://www.wikidata.org/entity/Q5947009,university-teacher,school
14999,http://www.wikidata.org/entity/Q5948363,psychologist,publisher
15000,http://www.wikidata.org/entity/Q5949715,politician,facility
15001,http://www.wikidata.org/entity/Q59500507,university-teacher,publisher
15002,http://www.wikidata.org/entity/Q59504207,researcher,education
15007,http://www.wikidata.org/entity/Q59524497,university-teacher,education
15019,http://www.wikidata.org/entity/Q59526879,university-teacher,publisher
15021,http://www.wikidata.org/entity/Q59526916,university-teacher,education
15027,http://www.wikidata.org/entity/Q59527960,university-teacher,university
15041,http://www.wikidata.org/entity/Q59530196,university-teacher,publisher
15051,http://www.wikidata.org/entity/Q59531664,university-teacher,university
15052,http://www.wikidata.org/entity/Q59531775,psychologist,education
15056,http://www.wikidata.org/entity/Q59532077,university-teacher,publisher
15059,http://www.wikidata.org/entity/Q59532287,university-teacher,education
15070,http://www.wikidata.org/entity/Q59533584,university-teacher,publisher
15072,http://www.wikidata.org/entity/Q59533756,university-teacher,university
15075,http://www.wikidata.org/entity/Q5954110,historian,education
15076,http://www.wikidata.org/entity/Q5954212,translator,facility
15077,http://www.wikidata.org/entity/Q59542429,university-teacher,university
15079,http://www.wikidata.org/entity/Q5955104,university-teacher,education
15087,http://www.wikidata.org/entity/Q59554881,researcher,institute
15092,http://www.wikidata.org/entity/Q59570657,university-teacher,organization
15093,http://www.wikidata.org/entity/Q59571709,university-teacher,education
15094,http://www.wikidata.org/entity/Q5957692,university-teacher,publisher
15097,http://www.wikidata.org/entity/Q59590531,university-teacher,publisher
15106,http://www.wikidata.org/entity/Q59611072,university-teacher,education
15115,http://www.wikidata.org/entity/Q59626734,university-teacher,education
15117,http://www.wikidata.org/entity/Q59626886,university-teacher,education
15119,http://www.wikidata.org/entity/Q59627127,university-teacher,education
15121,http://www.wikidata.org/entity/Q59627759,university-teacher,education
15125,http://www.wikidata.org/entity/Q59628732,university-teacher,education
15126,http://www.wikidata.org/entity/Q59628772,art-critic,publisher
15129,http://www.wikidata.org/entity/Q59629395,professor,academy
15135,http://www.wikidata.org/entity/Q59688492,researcher,university
15136,http://www.wikidata.org/entity/Q59697458,university-teacher,institution
15140,http://www.wikidata.org/entity/Q59714815,politician,education
15141,http://www.wikidata.org/entity/Q597248,university-teacher,education
15145,http://www.wikidata.org/entity/Q59735445,teacher,publisher
15147,http://www.wikidata.org/entity/Q59751127,university-teacher,education
15148,http://www.wikidata.org/entity/Q59765513,university-teacher,education
15149,http://www.wikidata.org/entity/Q59773535,university-teacher,institute
15153,http://www.wikidata.org/entity/Q5979729,university-teacher,education
15157,http://www.wikidata.org/entity/Q59823789,university-teacher,education
15158,http://www.wikidata.org/entity/Q5982472,journalist,publisher
15159,http://www.wikidata.org/entity/Q59825835,political-scientist,publisher
15160,http://www.wikidata.org/entity/Q5982691,university-teacher,publisher
15161,http://www.wikidata.org/entity/Q59827435,university-teacher,school
15162,http://www.wikidata.org/entity/Q59827438,professor,publisher
15164,http://www.wikidata.org/entity/Q59827451,philosopher,education
15165,http://www.wikidata.org/entity/Q5983538,demographer,publisher
15166,http://www.wikidata.org/entity/Q5983811,politician,publisher
15167,http://www.wikidata.org/entity/Q5984158,politician,publisher
15170,http://www.wikidata.org/entity/Q598648,university-teacher,education
15172,http://www.wikidata.org/entity/Q5990093,businessperson,agency
15175,http://www.wikidata.org/entity/Q5991384,mathematician,education
15176,http://www.wikidata.org/entity/Q59914472,psychologist,education
15178,http://www.wikidata.org/entity/Q599197,university-teacher,education
15179,http://www.wikidata.org/entity/Q59921786,university-teacher,education
15180,http://www.wikidata.org/entity/Q5992185,writer,publisher
15181,http://www.wikidata.org/entity/Q5992442,university-teacher,publisher
15182,http://www.wikidata.org/entity/Q599329,criminologist,education
15183,http://www.wikidata.org/entity/Q5993570,university-teacher,university
15187,http://www.wikidata.org/entity/Q5997330,university-teacher,publisher
15189,http://www.wikidata.org/entity/Q599878,university-teacher,publisher
15190,http://www.wikidata.org/entity/Q5998880,university-teacher,publisher
15191,http://www.wikidata.org/entity/Q5999391,environmentalist,publisher
15193,http://www.wikidata.org/entity/Q60022323,researcher,education
15194,http://www.wikidata.org/entity/Q60025,university-teacher,education
15196,http://www.wikidata.org/entity/Q60028237,university-teacher,education
15197,http://www.wikidata.org/entity/Q60030,university-teacher,education
15203,http://www.wikidata.org/entity/Q6003901,politician,publisher
15209,http://www.wikidata.org/entity/Q60058894,university-teacher,education
15210,http://www.wikidata.org/entity/Q60059431,lawyer,organization
15212,http://www.wikidata.org/entity/Q60080,university-teacher,publisher
15215,http://www.wikidata.org/entity/Q60103415,research-fellow,organization
15217,http://www.wikidata.org/entity/Q601364,university-teacher,publisher
15218,http://www.wikidata.org/entity/Q60154048,university-teacher,education
15219,http://www.wikidata.org/entity/Q6015496,writer,organization
15221,http://www.wikidata.org/entity/Q60169802,university-teacher,education
15224,http://www.wikidata.org/entity/Q60194614,university-teacher,university
15225,http://www.wikidata.org/entity/Q60195435,university-teacher,education
15227,http://www.wikidata.org/entity/Q60208,university-teacher,education
15228,http://www.wikidata.org/entity/Q60215364,university-teacher,publisher
15232,http://www.wikidata.org/entity/Q60285,university-teacher,publisher
15237,http://www.wikidata.org/entity/Q60301835,researcher,publisher
15240,http://www.wikidata.org/entity/Q60331105,academic,university
15241,http://www.wikidata.org/entity/Q6033181,politician,publisher
15244,http://www.wikidata.org/entity/Q6037233,university-teacher,school
15248,http://www.wikidata.org/entity/Q6039667,historian,publisher
15249,http://www.wikidata.org/entity/Q60412,university-teacher,agency
15250,http://www.wikidata.org/entity/Q604210,university-teacher,education
15253,http://www.wikidata.org/entity/Q6043498,university-teacher,publisher
15259,http://www.wikidata.org/entity/Q6046261,university-teacher,publisher
15261,http://www.wikidata.org/entity/Q60469113,economist,education
15263,http://www.wikidata.org/entity/Q60491339,researcher,education
15264,http://www.wikidata.org/entity/Q60500394,university-teacher,education
15270,http://www.wikidata.org/entity/Q6053015,teacher,publisher
15271,http://www.wikidata.org/entity/Q6055336,university-teacher,education
15274,http://www.wikidata.org/entity/Q605655,university-teacher,education
15275,http://www.wikidata.org/entity/Q60566181,university-teacher,publisher
15280,http://www.wikidata.org/entity/Q60635232,trade-unionist,education
15281,http://www.wikidata.org/entity/Q606450,university-teacher,education
15283,http://www.wikidata.org/entity/Q60655912,economist,education
15284,http://www.wikidata.org/entity/Q60657988,university-teacher,education
15286,http://www.wikidata.org/entity/Q60664478,university-teacher,publisher
15297,http://www.wikidata.org/entity/Q60691752,university-teacher,publisher
15301,http://www.wikidata.org/entity/Q60713446,university-teacher,education
15305,http://www.wikidata.org/entity/Q60734537,researcher,university
15306,http://www.wikidata.org/entity/Q60735,university-teacher,education
15307,http://www.wikidata.org/entity/Q60737487,researcher,publisher
15309,http://www.wikidata.org/entity/Q60738330,university-teacher,education
15310,http://www.wikidata.org/entity/Q6076274,economist,education
15312,http://www.wikidata.org/entity/Q6078131,writer,publisher
15314,http://www.wikidata.org/entity/Q60804,university-teacher,education
15320,http://www.wikidata.org/entity/Q60828399,journalist,publisher
15321,http://www.wikidata.org/entity/Q60829055,university-teacher,publisher
15322,http://www.wikidata.org/entity/Q60832405,university-teacher,education
15323,http://www.wikidata.org/entity/Q60832446,university-teacher,education
15329,http://www.wikidata.org/entity/Q60835801,university-teacher,publisher
15332,http://www.wikidata.org/entity/Q6085487,university-teacher,agency
15334,http://www.wikidata.org/entity/Q6087042,historian,agency
15341,http://www.wikidata.org/entity/Q60933144,social-worker,education
15342,http://www.wikidata.org/entity/Q6094637,university-teacher,education
15343,http://www.wikidata.org/entity/Q6094980,politician,university
15344,http://www.wikidata.org/entity/Q6095256,politician,education
15346,http://www.wikidata.org/entity/Q6095778,politician,publisher
15347,http://www.wikidata.org/entity/Q6096743,university-teacher,education
15349,http://www.wikidata.org/entity/Q6098378,professor,publisher
15350,http://www.wikidata.org/entity/Q6098542,university-teacher,publisher
15356,http://www.wikidata.org/entity/Q61000395,university-teacher,publisher
15359,http://www.wikidata.org/entity/Q61034723,university-teacher,university
15360,http://www.wikidata.org/entity/Q61034850,university-teacher,education
15365,http://www.wikidata.org/entity/Q61059945,university-teacher,publisher
15368,http://www.wikidata.org/entity/Q61063884,historian,GLAM
15371,http://www.wikidata.org/entity/Q61070881,political-scientist,other
15373,http://www.wikidata.org/entity/Q61075937,politician,publisher
15375,http://www.wikidata.org/entity/Q61082,university-teacher,organization
15376,http://www.wikidata.org/entity/Q6108475,university-teacher,publisher
15390,http://www.wikidata.org/entity/Q611241,philosopher,other
15392,http://www.wikidata.org/entity/Q61126723,writer,publisher
15393,http://www.wikidata.org/entity/Q61126891,university-teacher,university
15394,http://www.wikidata.org/entity/Q61127069,historian,publisher
15404,http://www.wikidata.org/entity/Q61157894,university-teacher,education
15418,http://www.wikidata.org/entity/Q61183920,university-teacher,publisher
15419,http://www.wikidata.org/entity/Q6118610,university-teacher,education
15420,http://www.wikidata.org/entity/Q6121582,university-teacher,publisher
15421,http://www.wikidata.org/entity/Q6125086,political-scientist,university
15426,http://www.wikidata.org/entity/Q6128074,university-teacher,education
15427,http://www.wikidata.org/entity/Q6128452,criminologist,education
15429,http://www.wikidata.org/entity/Q6130493,university-teacher,education
15431,http://www.wikidata.org/entity/Q6132422,university-teacher,education
15437,http://www.wikidata.org/entity/Q6140465,economist,facility
15442,http://www.wikidata.org/entity/Q6142656,researcher,university
15444,http://www.wikidata.org/entity/Q6144743,university-teacher,education
15445,http://www.wikidata.org/entity/Q6145946,historian,university
15449,http://www.wikidata.org/entity/Q61482036,philosopher,publisher
15450,http://www.wikidata.org/entity/Q6148231,writer,facility
15453,http://www.wikidata.org/entity/Q6148588,university-teacher,university
15454,http://www.wikidata.org/entity/Q6148615,university-teacher,organization
15456,http://www.wikidata.org/entity/Q6149590,university-teacher,education
15458,http://www.wikidata.org/entity/Q6149969,historian,publisher
15459,http://www.wikidata.org/entity/Q6151077,writer,education
15460,http://www.wikidata.org/entity/Q6153129,historian,education
15462,http://www.wikidata.org/entity/Q6156113,university-teacher,publisher
15464,http://www.wikidata.org/entity/Q61616,philosopher,publisher
15465,http://www.wikidata.org/entity/Q61620065,historian,organization
15468,http://www.wikidata.org/entity/Q6163721,anthropologist,publisher
15472,http://www.wikidata.org/entity/Q6165701,politician,publisher
15475,http://www.wikidata.org/entity/Q6166421,political-scientist,education
15477,http://www.wikidata.org/entity/Q61674,university-teacher,publisher
15480,http://www.wikidata.org/entity/Q61685812,linguist,university
15484,http://www.wikidata.org/entity/Q6170456,university-teacher,education
15487,http://www.wikidata.org/entity/Q61717438,university-teacher,university
15490,http://www.wikidata.org/entity/Q61729410,university-teacher,education
15492,http://www.wikidata.org/entity/Q6173913,university-teacher,education
15493,http://www.wikidata.org/entity/Q61740265,jurist,education
15494,http://www.wikidata.org/entity/Q61740563,university-teacher,education
15499,http://www.wikidata.org/entity/Q6174804,criminologist,education
15500,http://www.wikidata.org/entity/Q6174954,university-teacher,organization
15505,http://www.wikidata.org/entity/Q61785774,jurist,university
15508,http://www.wikidata.org/entity/Q61823412,university-teacher,university
15509,http://www.wikidata.org/entity/Q61824093,university-teacher,university
15515,http://www.wikidata.org/entity/Q61829564,psychologist,education
15518,http://www.wikidata.org/entity/Q618470,professor,education
15520,http://www.wikidata.org/entity/Q6185534,university-teacher,university
15521,http://www.wikidata.org/entity/Q6185563,politician,university
15523,http://www.wikidata.org/entity/Q61866958,university-teacher,school
15527,http://www.wikidata.org/entity/Q61874740,philosopher,education
15528,http://www.wikidata.org/entity/Q6187630,writer,education
15531,http://www.wikidata.org/entity/Q61886248,psychologist,education
15539,http://www.wikidata.org/entity/Q61954,university-teacher,publisher
15540,http://www.wikidata.org/entity/Q61956,university-teacher,agency
15541,http://www.wikidata.org/entity/Q61961532,university-teacher,education
15545,http://www.wikidata.org/entity/Q61983298,university-teacher,university
15552,http://www.wikidata.org/entity/Q6202245,psychologist,education
15553,http://www.wikidata.org/entity/Q6203047,university-teacher,organization
15555,http://www.wikidata.org/entity/Q6205405,university-teacher,agency
15557,http://www.wikidata.org/entity/Q62056571,university-teacher,education
15559,http://www.wikidata.org/entity/Q62057946,university-teacher,education
15568,http://www.wikidata.org/entity/Q62096468,university-teacher,publisher
15570,http://www.wikidata.org/entity/Q6211431,historian,education
15572,http://www.wikidata.org/entity/Q6213177,biographer,education
15573,http://www.wikidata.org/entity/Q6213697,university-teacher,education
15577,http://www.wikidata.org/entity/Q6216355,university-teacher,education
15583,http://www.wikidata.org/entity/Q6219620,university-teacher,agency
15585,http://www.wikidata.org/entity/Q6220167,university-teacher,education
15586,http://www.wikidata.org/entity/Q6220990,writer,education
15587,http://www.wikidata.org/entity/Q622194,writer,institution
15588,http://www.wikidata.org/entity/Q62239,university-teacher,university
15589,http://www.wikidata.org/entity/Q6225292,university-teacher,publisher
15590,http://www.wikidata.org/entity/Q6226804,anthropologist,education
15592,http://www.wikidata.org/entity/Q62274494,university-teacher,education
15593,http://www.wikidata.org/entity/Q6227764,academic,agency
15594,http://www.wikidata.org/entity/Q6227842,politician,publisher
15595,http://www.wikidata.org/entity/Q6228166,university-teacher,education
15597,http://www.wikidata.org/entity/Q62309,university-teacher,publisher
15600,http://www.wikidata.org/entity/Q6234932,criminologist,education
15601,http://www.wikidata.org/entity/Q6234987,university-teacher,education
15602,http://www.wikidata.org/entity/Q62389051,radio-personality,publisher
15604,http://www.wikidata.org/entity/Q6239580,researcher,agency
15605,http://www.wikidata.org/entity/Q6239685,university-teacher,education
15607,http://www.wikidata.org/entity/Q6241437,university-teacher,university
15609,http://www.wikidata.org/entity/Q6243249,university-teacher,education
15612,http://www.wikidata.org/entity/Q6245134,university-teacher,education
15616,http://www.wikidata.org/entity/Q62478,university-teacher,education
15625,http://www.wikidata.org/entity/Q62559657,university-teacher,other
15626,http://www.wikidata.org/entity/Q62559683,university-teacher,education
15631,http://www.wikidata.org/entity/Q6257096,sociology-professor,education
15633,http://www.wikidata.org/entity/Q6257583,university-teacher,education
15635,http://www.wikidata.org/entity/Q62587941,university-teacher,organization
15641,http://www.wikidata.org/entity/Q62632680,academic,education
15642,http://www.wikidata.org/entity/Q6263666,non-fiction-writer,university
15643,http://www.wikidata.org/entity/Q6263871,university-teacher,education
15644,http://www.wikidata.org/entity/Q62680666,research-fellow,university
15648,http://www.wikidata.org/entity/Q62725,university-teacher,publisher
15651,http://www.wikidata.org/entity/Q6274198,university-teacher,education
15652,http://www.wikidata.org/entity/Q6274485,university-teacher,education
15656,http://www.wikidata.org/entity/Q6281477,university-teacher,education
15657,http://www.wikidata.org/entity/Q62852,philosopher,education
15661,http://www.wikidata.org/entity/Q629072,university-teacher,publisher
15662,http://www.wikidata.org/entity/Q62913603,women's-rights-activist,organization
15664,http://www.wikidata.org/entity/Q6294233,writer,publisher
15666,http://www.wikidata.org/entity/Q63003076,university-teacher,university
15667,http://www.wikidata.org/entity/Q630134,writer,other
15668,http://www.wikidata.org/entity/Q63034349,economist,education
15672,http://www.wikidata.org/entity/Q6304653,historian,GLAM
15674,http://www.wikidata.org/entity/Q6305233,politician,organization
15677,http://www.wikidata.org/entity/Q6305886,anthropologist,education
15678,http://www.wikidata.org/entity/Q63061524,university-teacher,publisher
15682,http://www.wikidata.org/entity/Q6307542,educator,education
15683,http://www.wikidata.org/entity/Q6308905,university-teacher,education
15686,http://www.wikidata.org/entity/Q63095345,historian,publisher
15690,http://www.wikidata.org/entity/Q63100944,psychologist,education
15691,http://www.wikidata.org/entity/Q63101046,university-teacher,education
15693,http://www.wikidata.org/entity/Q63103613,journalist,institute
15697,http://www.wikidata.org/entity/Q63144815,social-scientist,education
15698,http://www.wikidata.org/entity/Q63146059,university-teacher,education
15705,http://www.wikidata.org/entity/Q63184435,university-teacher,education
15709,http://www.wikidata.org/entity/Q63195,university-teacher,education
15714,http://www.wikidata.org/entity/Q63215718,pedagogue,publisher
15715,http://www.wikidata.org/entity/Q63221969,university-teacher,publisher
15725,http://www.wikidata.org/entity/Q63256157,university-teacher,organization
15727,http://www.wikidata.org/entity/Q63283260,university-teacher,publisher
15728,http://www.wikidata.org/entity/Q63285385,university-teacher,other
15729,http://www.wikidata.org/entity/Q632875,university-teacher,university
15732,http://www.wikidata.org/entity/Q63383144,university-teacher,education
15734,http://www.wikidata.org/entity/Q634125,university-teacher,education
15735,http://www.wikidata.org/entity/Q63412612,university-teacher,university
15736,http://www.wikidata.org/entity/Q63431955,university-teacher,education
15740,http://www.wikidata.org/entity/Q63449719,university-teacher,organization
15741,http://www.wikidata.org/entity/Q63456259,university-teacher,education
15745,http://www.wikidata.org/entity/Q635387,university-teacher,education
15748,http://www.wikidata.org/entity/Q63609706,journalist,other
15751,http://www.wikidata.org/entity/Q636191,university-teacher,education
15752,http://www.wikidata.org/entity/Q63660959,university-teacher,university
15758,http://www.wikidata.org/entity/Q63715031,university-teacher,college
15759,http://www.wikidata.org/entity/Q63718979,anthropologist,university
15763,http://www.wikidata.org/entity/Q6376171,university-teacher,education
15765,http://www.wikidata.org/entity/Q6376657,university-teacher,education
15767,http://www.wikidata.org/entity/Q6376719,academic,education
15768,http://www.wikidata.org/entity/Q6376796,university-teacher,education
15769,http://www.wikidata.org/entity/Q6377032,university-teacher,education
15771,http://www.wikidata.org/entity/Q63812559,researcher,education
15772,http://www.wikidata.org/entity/Q6381682,bureaucrat,education
15775,http://www.wikidata.org/entity/Q6384512,historian,education
15776,http://www.wikidata.org/entity/Q63845183,cultural-studies-scholar,publisher
15777,http://www.wikidata.org/entity/Q63847527,journalist,institution
15779,http://www.wikidata.org/entity/Q63859199,university-teacher,education
15781,http://www.wikidata.org/entity/Q63863107,pedagogue,organization
15784,http://www.wikidata.org/entity/Q63875132,university-teacher,education
15785,http://www.wikidata.org/entity/Q6388053,historian,education
15786,http://www.wikidata.org/entity/Q63885976,university-teacher,education
15787,http://www.wikidata.org/entity/Q63894790,political-scientist,university
15788,http://www.wikidata.org/entity/Q6390737,university-teacher,education
15791,http://www.wikidata.org/entity/Q6394351,researcher,publisher
15793,http://www.wikidata.org/entity/Q63968434,university-teacher,university
15794,http://www.wikidata.org/entity/Q63974786,university-teacher,education
15795,http://www.wikidata.org/entity/Q6397805,university-teacher,education
15801,http://www.wikidata.org/entity/Q64019458,opinion-journalist,other
15808,http://www.wikidata.org/entity/Q6405389,university-teacher,education
15812,http://www.wikidata.org/entity/Q6409533,historian,education
15814,http://www.wikidata.org/entity/Q6414057,university-teacher,facility
15815,http://www.wikidata.org/entity/Q64149231,university-teacher,education
15816,http://www.wikidata.org/entity/Q64174190,university-teacher,education
15817,http://www.wikidata.org/entity/Q6419881,university-teacher,university
15819,http://www.wikidata.org/entity/Q6421184,philosopher,education
15821,http://www.wikidata.org/entity/Q64217559,gender-studies-scholar,publisher
15822,http://www.wikidata.org/entity/Q64265597,pedagogue,organization
15825,http://www.wikidata.org/entity/Q64347670,university-teacher,organization
15832,http://www.wikidata.org/entity/Q64383,university-teacher,publisher
15833,http://www.wikidata.org/entity/Q64392269,university-teacher,education
15834,http://www.wikidata.org/entity/Q64422796,university-teacher,education
15843,http://www.wikidata.org/entity/Q6455393,journalist,organization
15846,http://www.wikidata.org/entity/Q64563664,criminologist,organization
15850,http://www.wikidata.org/entity/Q64592278,university-teacher,publisher
15852,http://www.wikidata.org/entity/Q64597518,university-teacher,education
15853,http://www.wikidata.org/entity/Q64604845,university-teacher,education
15859,http://www.wikidata.org/entity/Q64624773,historian,academy
15860,http://www.wikidata.org/entity/Q64624861,academic,publisher
15862,http://www.wikidata.org/entity/Q64653511,political-scientist,school
15863,http://www.wikidata.org/entity/Q64657904,politician,education
15872,http://www.wikidata.org/entity/Q64711290,economist,institute
15873,http://www.wikidata.org/entity/Q64711627,university-teacher,organization
15874,http://www.wikidata.org/entity/Q64713163,political-scientist,other
15877,http://www.wikidata.org/entity/Q64768834,researcher,publisher
15880,http://www.wikidata.org/entity/Q64786459,university-teacher,organization
15881,http://www.wikidata.org/entity/Q647924,university-teacher,university
15883,http://www.wikidata.org/entity/Q64797611,historian,university
15887,http://www.wikidata.org/entity/Q64841066,political-scientist,university
15904,http://www.wikidata.org/entity/Q65007855,university-teacher,university
15905,http://www.wikidata.org/entity/Q650151,university-teacher,education
15909,http://www.wikidata.org/entity/Q6503966,university-teacher,education
15911,http://www.wikidata.org/entity/Q65046247,university-teacher,education
15912,http://www.wikidata.org/entity/Q65071278,university-teacher,education
15916,http://www.wikidata.org/entity/Q65086999,university-teacher,education
15923,http://www.wikidata.org/entity/Q65118266,psychotherapist,agency
15930,http://www.wikidata.org/entity/Q65162553,university-teacher,publisher
15941,http://www.wikidata.org/entity/Q65206915,university-teacher,publisher
15942,http://www.wikidata.org/entity/Q6520879,university-teacher,organization
15944,http://www.wikidata.org/entity/Q6521749,university-teacher,education
15950,http://www.wikidata.org/entity/Q6525714,researcher,education
15952,http://www.wikidata.org/entity/Q6527125,university-teacher,publisher
15954,http://www.wikidata.org/entity/Q6530515,linguist,education
15956,http://www.wikidata.org/entity/Q65324691,university-teacher,education
15964,http://www.wikidata.org/entity/Q6538724,politician,education
15966,http://www.wikidata.org/entity/Q6539433,political-scientist,education
15968,http://www.wikidata.org/entity/Q6543404,politician,education
15975,http://www.wikidata.org/entity/Q65496859,university-teacher,other
15978,http://www.wikidata.org/entity/Q6551974,university-teacher,education
15982,http://www.wikidata.org/entity/Q655550,university-teacher,education
15984,http://www.wikidata.org/entity/Q6558449,journalist,university
15986,http://www.wikidata.org/entity/Q65589,university-teacher,publisher
15990,http://www.wikidata.org/entity/Q65648577,university-teacher,education
15991,http://www.wikidata.org/entity/Q65658495,university-teacher,education
15993,http://www.wikidata.org/entity/Q65677288,university-teacher,organization
15995,http://www.wikidata.org/entity/Q657016,physicist,organization
15998,http://www.wikidata.org/entity/Q65771065,university-teacher,publisher
16001,http://www.wikidata.org/entity/Q657995,university-teacher,publisher
16002,http://www.wikidata.org/entity/Q658086,writer,education
16005,http://www.wikidata.org/entity/Q65827743,geographer,education
16006,http://www.wikidata.org/entity/Q65849749,university-teacher,organization
16010,http://www.wikidata.org/entity/Q65923188,university-teacher,college
16012,http://www.wikidata.org/entity/Q65924864,university-teacher,publisher
16013,http://www.wikidata.org/entity/Q65926326,editor,university
16014,http://www.wikidata.org/entity/Q65926340,university-teacher,education
16015,http://www.wikidata.org/entity/Q65926495,university-teacher,publisher
16016,http://www.wikidata.org/entity/Q65929421,researcher,education
16020,http://www.wikidata.org/entity/Q65938502,university-teacher,education
16022,http://www.wikidata.org/entity/Q65940459,university-teacher,organization
16048,http://www.wikidata.org/entity/Q661328,university-teacher,publisher
16050,http://www.wikidata.org/entity/Q66173980,writer,publisher
16051,http://www.wikidata.org/entity/Q662136,economist,education
16052,http://www.wikidata.org/entity/Q66216,university-teacher,education
16054,http://www.wikidata.org/entity/Q66286,university-teacher,institute
16064,http://www.wikidata.org/entity/Q66370939,writer,GLAM
16067,http://www.wikidata.org/entity/Q66425275,university-teacher,publisher
16074,http://www.wikidata.org/entity/Q66474808,university-teacher,university
16075,http://www.wikidata.org/entity/Q66482682,university-teacher,university
16076,http://www.wikidata.org/entity/Q66486369,scholar-of-english,education
16088,http://www.wikidata.org/entity/Q66615323,university-teacher,education
16089,http://www.wikidata.org/entity/Q66622719,university-teacher,education
16091,http://www.wikidata.org/entity/Q6662676,university-teacher,education
16093,http://www.wikidata.org/entity/Q66650660,university-teacher,education
16095,http://www.wikidata.org/entity/Q66684917,writer,organization
16099,http://www.wikidata.org/entity/Q66712581,university-teacher,publisher
16100,http://www.wikidata.org/entity/Q66712663,political-scientist,education
16101,http://www.wikidata.org/entity/Q66732,university-teacher,education
16106,http://www.wikidata.org/entity/Q66763599,university-teacher,education
16109,http://www.wikidata.org/entity/Q6681372,politician,university
16110,http://www.wikidata.org/entity/Q6681474,university-teacher,publisher
16111,http://www.wikidata.org/entity/Q66823571,professeur-des-universités,publisher
16113,http://www.wikidata.org/entity/Q66854080,professor,education
16114,http://www.wikidata.org/entity/Q66855001,university-teacher,education
16115,http://www.wikidata.org/entity/Q668920,university-teacher,education
16120,http://www.wikidata.org/entity/Q6693231,university-teacher,education
16121,http://www.wikidata.org/entity/Q6693235,presbyter,education
16123,http://www.wikidata.org/entity/Q66979303,university-teacher,publisher
16128,http://www.wikidata.org/entity/Q67039111,university-teacher,education
16129,http://www.wikidata.org/entity/Q67088201,university-teacher,education
16130,http://www.wikidata.org/entity/Q6709127,university-teacher,organization
16131,http://www.wikidata.org/entity/Q6712345,psychologist,publisher
16132,http://www.wikidata.org/entity/Q6712848,consultant,education
16133,http://www.wikidata.org/entity/Q6712928,anthropologist,university
16134,http://www.wikidata.org/entity/Q67130766,university-teacher,education
16140,http://www.wikidata.org/entity/Q67197713,university-teacher,institute
16141,http://www.wikidata.org/entity/Q67201419,university-teacher,publisher
16142,http://www.wikidata.org/entity/Q67201507,university-teacher,education
16145,http://www.wikidata.org/entity/Q67207065,university-teacher,university
16146,http://www.wikidata.org/entity/Q67259,university-teacher,education
16150,http://www.wikidata.org/entity/Q67370169,political-scientist,education
16153,http://www.wikidata.org/entity/Q6743656,university-teacher,education
16155,http://www.wikidata.org/entity/Q6744188,writer,university
16158,http://www.wikidata.org/entity/Q67480322,university-teacher,education
16159,http://www.wikidata.org/entity/Q67481395,computer-scientist,institute
16160,http://www.wikidata.org/entity/Q67482333,writer,education
16161,http://www.wikidata.org/entity/Q6748541,university-teacher,enterprise
16164,http://www.wikidata.org/entity/Q675264,translator,education
16165,http://www.wikidata.org/entity/Q6752693,politician,education
16169,http://www.wikidata.org/entity/Q675969,university-teacher,education
16171,http://www.wikidata.org/entity/Q6760836,university-teacher,publisher
16173,http://www.wikidata.org/entity/Q6761379,university-teacher,education
16174,http://www.wikidata.org/entity/Q6762074,university-teacher,university
16177,http://www.wikidata.org/entity/Q6762776,university-teacher,organization
16178,http://www.wikidata.org/entity/Q6762807,university-teacher,education
16181,http://www.wikidata.org/entity/Q67645,university-teacher,university
16182,http://www.wikidata.org/entity/Q6765381,university-teacher,education
16183,http://www.wikidata.org/entity/Q6766031,economist,other
16184,http://www.wikidata.org/entity/Q67672,university-teacher,publisher
16185,http://www.wikidata.org/entity/Q67685821,university-teacher,education
16186,http://www.wikidata.org/entity/Q6769670,historian,education
16188,http://www.wikidata.org/entity/Q67710454,university-teacher,organization
16190,http://www.wikidata.org/entity/Q67729327,jurist,university
16192,http://www.wikidata.org/entity/Q6774337,journalist,education
16193,http://www.wikidata.org/entity/Q6774389,university-teacher,education
16200,http://www.wikidata.org/entity/Q6776586,university-teacher,education
16201,http://www.wikidata.org/entity/Q67776542,university-teacher,education
16203,http://www.wikidata.org/entity/Q677793,university-teacher,education
16204,http://www.wikidata.org/entity/Q67782121,university-teacher,education
16205,http://www.wikidata.org/entity/Q6779152,university-teacher,education
16206,http://www.wikidata.org/entity/Q6779579,criminologist,publisher
16207,http://www.wikidata.org/entity/Q6779922,writer,education
16209,http://www.wikidata.org/entity/Q6780092,university-teacher,education
16210,http://www.wikidata.org/entity/Q67805869,university-teacher,university
16212,http://www.wikidata.org/entity/Q6782378,writer,education
16215,http://www.wikidata.org/entity/Q6791261,politician,university
16216,http://www.wikidata.org/entity/Q679184,writer,education
16220,http://www.wikidata.org/entity/Q6793901,university-teacher,education
16223,http://www.wikidata.org/entity/Q679516,university-teacher,publisher
16224,http://www.wikidata.org/entity/Q679597,political-scientist,education
16227,http://www.wikidata.org/entity/Q679718,university-teacher,publisher
16228,http://www.wikidata.org/entity/Q68021000,university-teacher,organization
16230,http://www.wikidata.org/entity/Q6812000,university-teacher,university
16231,http://www.wikidata.org/entity/Q6812538,university-teacher,publisher
16232,http://www.wikidata.org/entity/Q6813968,anthropologist,agency
16233,http://www.wikidata.org/entity/Q6814015,social-psychologist,education
16234,http://www.wikidata.org/entity/Q6814094,educator,education
16235,http://www.wikidata.org/entity/Q6814129,university-teacher,education
16237,http://www.wikidata.org/entity/Q6816365,historian,publisher
16238,http://www.wikidata.org/entity/Q68169261,writer,university
16240,http://www.wikidata.org/entity/Q6825450,researcher,university
16241,http://www.wikidata.org/entity/Q6825463,teacher,publisher
16243,http://www.wikidata.org/entity/Q6828582,university-teacher,education
16246,http://www.wikidata.org/entity/Q6830135,university-teacher,education
16247,http://www.wikidata.org/entity/Q6830836,university-teacher,organization
16248,http://www.wikidata.org/entity/Q6832112,university-teacher,education
16250,http://www.wikidata.org/entity/Q6832604,university-teacher,education
16251,http://www.wikidata.org/entity/Q6833247,writer,education
16254,http://www.wikidata.org/entity/Q6834209,communication-scholar,education
16259,http://www.wikidata.org/entity/Q6848268,author,education
16261,http://www.wikidata.org/entity/Q685873,university-teacher,education
16263,http://www.wikidata.org/entity/Q6862191,university-teacher,education
16264,http://www.wikidata.org/entity/Q6862952,researcher,publisher
16266,http://www.wikidata.org/entity/Q68737341,historian,university
16267,http://www.wikidata.org/entity/Q6873877,university-teacher,publisher
16271,http://www.wikidata.org/entity/Q688123,university-teacher,university
16272,http://www.wikidata.org/entity/Q688149,university-teacher,publisher
16275,http://www.wikidata.org/entity/Q68893451,university-teacher,institute
16276,http://www.wikidata.org/entity/Q68906650,physician,university
16279,http://www.wikidata.org/entity/Q6900199,university-teacher,education
16280,http://www.wikidata.org/entity/Q6903757,university-teacher,publisher
16288,http://www.wikidata.org/entity/Q6919198,university-teacher,education
16293,http://www.wikidata.org/entity/Q6939348,university-teacher,education
16294,http://www.wikidata.org/entity/Q693948,university-teacher,university
16295,http://www.wikidata.org/entity/Q6939983,writer,education
16297,http://www.wikidata.org/entity/Q6943255,university-teacher,education
16298,http://www.wikidata.org/entity/Q694354,university-teacher,university
16304,http://www.wikidata.org/entity/Q695731,university-teacher,education
16305,http://www.wikidata.org/entity/Q6957644,university-teacher,publisher
16306,http://www.wikidata.org/entity/Q6962533,author,education
16310,http://www.wikidata.org/entity/Q696700,writer,education
16312,http://www.wikidata.org/entity/Q69679442,university-teacher,publisher
16313,http://www.wikidata.org/entity/Q6969110,anthropologist,education
16314,http://www.wikidata.org/entity/Q6969175,researcher,education
16315,http://www.wikidata.org/entity/Q69726166,university-teacher,publisher
16316,http://www.wikidata.org/entity/Q6977695,writer,publisher
16318,http://www.wikidata.org/entity/Q6990183,activist,university
16319,http://www.wikidata.org/entity/Q69997233,university-teacher,education
16324,http://www.wikidata.org/entity/Q70089850,university-teacher,publisher
16325,http://www.wikidata.org/entity/Q70091672,university-teacher,publisher
16327,http://www.wikidata.org/entity/Q70278592,university-teacher,agency
16328,http://www.wikidata.org/entity/Q7029304,university-teacher,publisher
16330,http://www.wikidata.org/entity/Q7037389,university-teacher,publisher
16332,http://www.wikidata.org/entity/Q704039,university-teacher,university
16334,http://www.wikidata.org/entity/Q704458,university-teacher,education
16336,http://www.wikidata.org/entity/Q704638,researcher,institute
16337,http://www.wikidata.org/entity/Q70467373,university-teacher,organization
16338,http://www.wikidata.org/entity/Q7047285,diplomat,organization
16339,http://www.wikidata.org/entity/Q70474,university-teacher,publisher
16341,http://www.wikidata.org/entity/Q7052017,journalist,education
16342,http://www.wikidata.org/entity/Q70521,university-teacher,organization
16344,http://www.wikidata.org/entity/Q7052308,social-scientist,education
16345,http://www.wikidata.org/entity/Q7052891,university-teacher,education
16346,http://www.wikidata.org/entity/Q705399,university-teacher,education
16347,http://www.wikidata.org/entity/Q7054314,educator,publisher
16350,http://www.wikidata.org/entity/Q705633,university-teacher,education
16351,http://www.wikidata.org/entity/Q70568594,university-teacher,organization
16352,http://www.wikidata.org/entity/Q705911,politician,university
16355,http://www.wikidata.org/entity/Q70650,university-teacher,publisher
16358,http://www.wikidata.org/entity/Q706669,university-teacher,university
16359,http://www.wikidata.org/entity/Q706683,university-teacher,education
16361,http://www.wikidata.org/entity/Q7071482,university-teacher,publisher
16362,http://www.wikidata.org/entity/Q707169,university-teacher,education
16364,http://www.wikidata.org/entity/Q70749629,academic,education
16365,http://www.wikidata.org/entity/Q70756177,anthropologist,education
16366,http://www.wikidata.org/entity/Q7083168,university-teacher,publisher
16367,http://www.wikidata.org/entity/Q7085947,philosopher,publisher
16370,http://www.wikidata.org/entity/Q70867,university-teacher,agency
16373,http://www.wikidata.org/entity/Q708736,writer,publisher
16375,http://www.wikidata.org/entity/Q7087695,university-teacher,education
16376,http://www.wikidata.org/entity/Q708853,university-teacher,publisher
16377,http://www.wikidata.org/entity/Q70917,university-teacher,organization
16378,http://www.wikidata.org/entity/Q710052,university-teacher,institution
16379,http://www.wikidata.org/entity/Q7103155,university-teacher,education
16380,http://www.wikidata.org/entity/Q710431,professor,publisher
16387,http://www.wikidata.org/entity/Q711172,university-teacher,education
16388,http://www.wikidata.org/entity/Q71126562,university-teacher,publisher
16389,http://www.wikidata.org/entity/Q711321,university-teacher,publisher
16390,http://www.wikidata.org/entity/Q71162771,university-teacher,university
16391,http://www.wikidata.org/entity/Q712041,anthropologist,university
16396,http://www.wikidata.org/entity/Q713505,writer,education
16397,http://www.wikidata.org/entity/Q713699,university-teacher,education
16398,http://www.wikidata.org/entity/Q713936,university-teacher,education
16401,http://www.wikidata.org/entity/Q7145484,university-teacher,education
16402,http://www.wikidata.org/entity/Q7145727,writer,education
16403,http://www.wikidata.org/entity/Q7146071,university-teacher,education
16404,http://www.wikidata.org/entity/Q71462940,teacher,education
16405,http://www.wikidata.org/entity/Q7146361,university-teacher,education
16406,http://www.wikidata.org/entity/Q714816,linguist,education
16408,http://www.wikidata.org/entity/Q7150264,academic,education
16409,http://www.wikidata.org/entity/Q7150949,university-teacher,education
16419,http://www.wikidata.org/entity/Q7156231,university-teacher,education
16421,http://www.wikidata.org/entity/Q7159489,journalist,publisher
16423,http://www.wikidata.org/entity/Q7160681,university-teacher,education
16425,http://www.wikidata.org/entity/Q71624,university-teacher,education
16426,http://www.wikidata.org/entity/Q71649506,university-teacher,education
16427,http://www.wikidata.org/entity/Q7166378,sexologist,university
16429,http://www.wikidata.org/entity/Q71689005,activist,institute
16431,http://www.wikidata.org/entity/Q716923,politician,publisher
16433,http://www.wikidata.org/entity/Q7170133,university-teacher,publisher
16435,http://www.wikidata.org/entity/Q7172601,university-teacher,education
16440,http://www.wikidata.org/entity/Q7173369,university-teacher,education
16441,http://www.wikidata.org/entity/Q7173970,historian,organization
16444,http://www.wikidata.org/entity/Q7175070,criminologist,education
16446,http://www.wikidata.org/entity/Q717621,university-teacher,publisher
16447,http://www.wikidata.org/entity/Q717635,university-teacher,education
16450,http://www.wikidata.org/entity/Q7177252,manager,education
16451,http://www.wikidata.org/entity/Q7177260,university-teacher,education
16456,http://www.wikidata.org/entity/Q718057,historian,education
16458,http://www.wikidata.org/entity/Q7184118,demographer,education
16460,http://www.wikidata.org/entity/Q7184285,writer,education
16461,http://www.wikidata.org/entity/Q7184329,university-teacher,education
16462,http://www.wikidata.org/entity/Q7184391,writer,education
16463,http://www.wikidata.org/entity/Q718736,university-teacher,education
16466,http://www.wikidata.org/entity/Q7192304,anthropologist,university
16468,http://www.wikidata.org/entity/Q720118,anthropologist,education
16469,http://www.wikidata.org/entity/Q7202425,politician,education
16471,http://www.wikidata.org/entity/Q72055,university-teacher,publisher
16473,http://www.wikidata.org/entity/Q720618,university-teacher,publisher
16474,http://www.wikidata.org/entity/Q7212719,university-teacher,publisher
16475,http://www.wikidata.org/entity/Q7215112,university-teacher,education
16477,http://www.wikidata.org/entity/Q721570,university-teacher,organization
16478,http://www.wikidata.org/entity/Q721643,university-teacher,education
16479,http://www.wikidata.org/entity/Q72179788,university-teacher,education
16481,http://www.wikidata.org/entity/Q722341,anthropologist,institute
16483,http://www.wikidata.org/entity/Q72276510,university-teacher,other
16484,http://www.wikidata.org/entity/Q722835,university-teacher,education
16487,http://www.wikidata.org/entity/Q72453,university-teacher,education
16488,http://www.wikidata.org/entity/Q7247633,author,education
16489,http://www.wikidata.org/entity/Q7251232,university-teacher,university
16492,http://www.wikidata.org/entity/Q725494,university-teacher,education
16494,http://www.wikidata.org/entity/Q725513,university-teacher,agency
16495,http://www.wikidata.org/entity/Q7258532,historian,school
16497,http://www.wikidata.org/entity/Q72686461,university-teacher,university
16498,http://www.wikidata.org/entity/Q727301,university-teacher,university
16499,http://www.wikidata.org/entity/Q7273736,epidemiologist,education
16503,http://www.wikidata.org/entity/Q7279401,university-teacher,education
16504,http://www.wikidata.org/entity/Q7280238,university-teacher,college
16505,http://www.wikidata.org/entity/Q7282307,university-teacher,publisher
16506,http://www.wikidata.org/entity/Q7287542,university-teacher,education
16508,http://www.wikidata.org/entity/Q7288157,demographer,education
16509,http://www.wikidata.org/entity/Q729038,university-teacher,education
16512,http://www.wikidata.org/entity/Q7293954,university-teacher,education
16514,http://www.wikidata.org/entity/Q729525,university-teacher,education
16515,http://www.wikidata.org/entity/Q729554,university-teacher,education
16516,http://www.wikidata.org/entity/Q7296608,geopolitical-analyst,education
16517,http://www.wikidata.org/entity/Q7297913,university-teacher,education
16518,http://www.wikidata.org/entity/Q7297924,university-teacher,education
16520,http://www.wikidata.org/entity/Q72981004,university-teacher,publisher
16529,http://www.wikidata.org/entity/Q73137036,university-teacher,education
16530,http://www.wikidata.org/entity/Q7313835,university-teacher,education
16532,http://www.wikidata.org/entity/Q73156083,religion-sociologist,education
16533,http://www.wikidata.org/entity/Q73172,university-teacher,education
16536,http://www.wikidata.org/entity/Q73200,university-teacher,publisher
16538,http://www.wikidata.org/entity/Q732025,university-teacher,education
16542,http://www.wikidata.org/entity/Q7322779,writer,publisher
16544,http://www.wikidata.org/entity/Q7324289,psychologist,education
16545,http://www.wikidata.org/entity/Q7325020,university-teacher,education
16547,http://www.wikidata.org/entity/Q7325643,university-teacher,university
16548,http://www.wikidata.org/entity/Q7326551,university-teacher,publisher
16549,http://www.wikidata.org/entity/Q7326722,philosopher,publisher
16550,http://www.wikidata.org/entity/Q7327177,consultant,education
16553,http://www.wikidata.org/entity/Q7327739,historian,education
16556,http://www.wikidata.org/entity/Q7328803,philosopher,education
16560,http://www.wikidata.org/entity/Q73300,university-teacher,organization
16562,http://www.wikidata.org/entity/Q733019,university-teacher,university
16564,http://www.wikidata.org/entity/Q7331378,university-teacher,education
16565,http://www.wikidata.org/entity/Q7331525,university-teacher,organization
16567,http://www.wikidata.org/entity/Q7334569,literary-critic,university
16568,http://www.wikidata.org/entity/Q73384617,pedagogue,publisher
16569,http://www.wikidata.org/entity/Q73395734,writer,GLAM
16570,http://www.wikidata.org/entity/Q73409281,university-teacher,education
16577,http://www.wikidata.org/entity/Q7343289,university-teacher,education
16579,http://www.wikidata.org/entity/Q7346799,psychotherapist,university
16581,http://www.wikidata.org/entity/Q7347593,university-teacher,education
16582,http://www.wikidata.org/entity/Q7348123,teacher,education
16587,http://www.wikidata.org/entity/Q7352327,university-teacher,education
16590,http://www.wikidata.org/entity/Q7357846,writer,publisher
16591,http://www.wikidata.org/entity/Q7358187,researcher,university
16592,http://www.wikidata.org/entity/Q7358432,statistician,education
16593,http://www.wikidata.org/entity/Q7359046,university-teacher,education
16594,http://www.wikidata.org/entity/Q73614,university-teacher,organization
16596,http://www.wikidata.org/entity/Q73646,writer,education
16598,http://www.wikidata.org/entity/Q7364712,psychiatrist,education
16600,http://www.wikidata.org/entity/Q7364926,university-teacher,education
16601,http://www.wikidata.org/entity/Q7365037,psychologist,education
16602,http://www.wikidata.org/entity/Q7365159,university-teacher,education
16603,http://www.wikidata.org/entity/Q7365308,university-teacher,education
16604,http://www.wikidata.org/entity/Q7365719,writer,organization
16608,http://www.wikidata.org/entity/Q73680,university-teacher,education
16615,http://www.wikidata.org/entity/Q73796,professor,publisher
16616,http://www.wikidata.org/entity/Q7380182,politician,education
16619,http://www.wikidata.org/entity/Q7383127,historian,education
16620,http://www.wikidata.org/entity/Q7383213,university-teacher,education
16621,http://www.wikidata.org/entity/Q7383558,university-teacher,university
16622,http://www.wikidata.org/entity/Q7385496,writer,organization
16624,http://www.wikidata.org/entity/Q7387557,demographer,education
16626,http://www.wikidata.org/entity/Q73918288,university-teacher,university
16630,http://www.wikidata.org/entity/Q74033892,university-teacher,publisher
16635,http://www.wikidata.org/entity/Q74104543,professor,publisher
16636,http://www.wikidata.org/entity/Q7411252,university-teacher,publisher
16637,http://www.wikidata.org/entity/Q7411585,researcher,education
16638,http://www.wikidata.org/entity/Q7411662,university-teacher,education
16641,http://www.wikidata.org/entity/Q7421552,writer,education
16644,http://www.wikidata.org/entity/Q7421686,university-teacher,education
16646,http://www.wikidata.org/entity/Q7421766,writer,publisher
16647,http://www.wikidata.org/entity/Q7422836,researcher,education
16649,http://www.wikidata.org/entity/Q7425081,university-teacher,education
16650,http://www.wikidata.org/entity/Q7429432,university-teacher,education
16652,http://www.wikidata.org/entity/Q74395906,university-teacher,education
16655,http://www.wikidata.org/entity/Q744566,university-teacher,education
16659,http://www.wikidata.org/entity/Q74583182,university-teacher,publisher
16661,http://www.wikidata.org/entity/Q74648646,university-teacher,publisher
16662,http://www.wikidata.org/entity/Q74725807,university-teacher,publisher
16663,http://www.wikidata.org/entity/Q747613,university-teacher,education
16664,http://www.wikidata.org/entity/Q747790,philosopher,university
16668,http://www.wikidata.org/entity/Q7490063,university-teacher,education
16670,http://www.wikidata.org/entity/Q7493024,university-teacher,organization
16671,http://www.wikidata.org/entity/Q7493417,writer,education
16672,http://www.wikidata.org/entity/Q74938248,university-teacher,institution
16674,http://www.wikidata.org/entity/Q749704,university-teacher,education
16675,http://www.wikidata.org/entity/Q7497592,university-teacher,publisher
16679,http://www.wikidata.org/entity/Q75038736,historian,education
16682,http://www.wikidata.org/entity/Q7509215,university-teacher,education
16686,http://www.wikidata.org/entity/Q75122930,professor,university
16687,http://www.wikidata.org/entity/Q75122941,political-scientist,university
16689,http://www.wikidata.org/entity/Q7517038,university-teacher,university
16691,http://www.wikidata.org/entity/Q7518438,university-teacher,organization
16692,http://www.wikidata.org/entity/Q7519037,university-teacher,education
16697,http://www.wikidata.org/entity/Q75222768,political-scientist,publisher
16698,http://www.wikidata.org/entity/Q75238,university-teacher,publisher
16702,http://www.wikidata.org/entity/Q7541149,politician,publisher
16703,http://www.wikidata.org/entity/Q7547623,writer,education
16705,http://www.wikidata.org/entity/Q75516113,researcher,university
16707,http://www.wikidata.org/entity/Q7555520,university-teacher,institute
16712,http://www.wikidata.org/entity/Q75741427,historian,publisher
16718,http://www.wikidata.org/entity/Q75812,university-teacher,education
16721,http://www.wikidata.org/entity/Q7587569,anthropologist,education
16723,http://www.wikidata.org/entity/Q75952,university-teacher,university
16725,http://www.wikidata.org/entity/Q7599437,politician,education
16726,http://www.wikidata.org/entity/Q7606780,political-scientist,education
16729,http://www.wikidata.org/entity/Q7608921,university-teacher,education
16730,http://www.wikidata.org/entity/Q7609489,university-teacher,education
16731,http://www.wikidata.org/entity/Q7609640,university-teacher,education
16732,http://www.wikidata.org/entity/Q7610333,statistician,education
16734,http://www.wikidata.org/entity/Q76112,university-teacher,publisher
16735,http://www.wikidata.org/entity/Q76131383,researcher,institute
16736,http://www.wikidata.org/entity/Q76143,university-teacher,publisher
16738,http://www.wikidata.org/entity/Q76146153,university-teacher,publisher
16740,http://www.wikidata.org/entity/Q7614857,university-teacher,education
16743,http://www.wikidata.org/entity/Q76152344,university-teacher,publisher
16744,http://www.wikidata.org/entity/Q7615255,university-teacher,education
16745,http://www.wikidata.org/entity/Q76175,university-teacher,education
16746,http://www.wikidata.org/entity/Q7617716,university-teacher,education
16747,http://www.wikidata.org/entity/Q76180,university-teacher,publisher
16748,http://www.wikidata.org/entity/Q76205,university-teacher,publisher
16749,http://www.wikidata.org/entity/Q7626257,university-teacher,education
16750,http://www.wikidata.org/entity/Q7626376,university-teacher,university
16751,http://www.wikidata.org/entity/Q763107,university-teacher,publisher
16753,http://www.wikidata.org/entity/Q763218,university-teacher,education
16756,http://www.wikidata.org/entity/Q76357,university-teacher,education
16757,http://www.wikidata.org/entity/Q76395,university-teacher,publisher
16759,http://www.wikidata.org/entity/Q76435,writer,education
16761,http://www.wikidata.org/entity/Q7648438,university-teacher,education
16763,http://www.wikidata.org/entity/Q76514,university-teacher,publisher
16764,http://www.wikidata.org/entity/Q76515,university-teacher,publisher
16765,http://www.wikidata.org/entity/Q76521,university-teacher,publisher
16766,http://www.wikidata.org/entity/Q76522,university-teacher,education
16767,http://www.wikidata.org/entity/Q7652273,librarian,publisher
16769,http://www.wikidata.org/entity/Q76583,university-teacher,publisher
16775,http://www.wikidata.org/entity/Q7668469,university-teacher,education
16776,http://www.wikidata.org/entity/Q76688,university-teacher,education
16777,http://www.wikidata.org/entity/Q76702,university-teacher,agency
16778,http://www.wikidata.org/entity/Q76736038,university-teacher,publisher
16781,http://www.wikidata.org/entity/Q76762,university-teacher,publisher
16782,http://www.wikidata.org/entity/Q7680730,anthropologist,university
16783,http://www.wikidata.org/entity/Q76823,university-teacher,education
16784,http://www.wikidata.org/entity/Q76826,university-teacher,education
16786,http://www.wikidata.org/entity/Q76844,university-teacher,education
16787,http://www.wikidata.org/entity/Q76849,university-teacher,publisher
16788,http://www.wikidata.org/entity/Q7686175,university-teacher,education
16790,http://www.wikidata.org/entity/Q769502,university-teacher,publisher
16791,http://www.wikidata.org/entity/Q76959,university-teacher,education
16794,http://www.wikidata.org/entity/Q76981200,anthropologist,publisher
16798,http://www.wikidata.org/entity/Q7701929,university-teacher,education
16804,http://www.wikidata.org/entity/Q77083584,university-teacher,organization
16805,http://www.wikidata.org/entity/Q77084476,university-teacher,organization
16806,http://www.wikidata.org/entity/Q77085278,university-teacher,organization
16807,http://www.wikidata.org/entity/Q77134931,university-teacher,education
16808,http://www.wikidata.org/entity/Q77146,philosopher,education
16810,http://www.wikidata.org/entity/Q77175,philosopher,agency
16811,http://www.wikidata.org/entity/Q77320,university-teacher,publisher
16812,http://www.wikidata.org/entity/Q77454,university-teacher,education
16813,http://www.wikidata.org/entity/Q77643,university-teacher,publisher
16814,http://www.wikidata.org/entity/Q77688,university-teacher,institution
16816,http://www.wikidata.org/entity/Q77703158,university-teacher,university
16817,http://www.wikidata.org/entity/Q77703246,gender-studies-scholar,institute
16818,http://www.wikidata.org/entity/Q77730447,university-teacher,publisher
16819,http://www.wikidata.org/entity/Q77772503,university-teacher,education
16820,http://www.wikidata.org/entity/Q7786893,university-teacher,education
16821,http://www.wikidata.org/entity/Q778897,academic,institution
16822,http://www.wikidata.org/entity/Q7789448,university-teacher,education
16824,http://www.wikidata.org/entity/Q7792775,political-scientist,education
16827,http://www.wikidata.org/entity/Q7793736,university-teacher,education
16828,http://www.wikidata.org/entity/Q7793971,university-teacher,education
16834,http://www.wikidata.org/entity/Q7807365,political-scientist,education
16835,http://www.wikidata.org/entity/Q7807566,politician,education
16837,http://www.wikidata.org/entity/Q7812465,anthropologist,publisher
16839,http://www.wikidata.org/entity/Q78162396,university-teacher,publisher
16840,http://www.wikidata.org/entity/Q78170366,university-teacher,education
16842,http://www.wikidata.org/entity/Q78208559,university-teacher,publisher
16846,http://www.wikidata.org/entity/Q78231408,university-teacher,publisher
16847,http://www.wikidata.org/entity/Q7823626,academic,publisher
16848,http://www.wikidata.org/entity/Q7825637,politician,publisher
16849,http://www.wikidata.org/entity/Q7825807,university-teacher,organization
16851,http://www.wikidata.org/entity/Q78321388,university-teacher,university
16852,http://www.wikidata.org/entity/Q7842100,anthropologist,university
16854,http://www.wikidata.org/entity/Q78492,university-teacher,education
16855,http://www.wikidata.org/entity/Q7851866,university-teacher,education
16868,http://www.wikidata.org/entity/Q7880825,literary-critic,institute
16870,http://www.wikidata.org/entity/Q78815371,political-scientist,publisher
16871,http://www.wikidata.org/entity/Q788289,writer,enterprise
16872,http://www.wikidata.org/entity/Q78883,university-teacher,education
16873,http://www.wikidata.org/entity/Q789416,university-teacher,institute
16875,http://www.wikidata.org/entity/Q79003878,historian,publisher
16877,http://www.wikidata.org/entity/Q79151,university-teacher,university
16878,http://www.wikidata.org/entity/Q79170,university-teacher,publisher
16879,http://www.wikidata.org/entity/Q7924727,university-teacher,education
16880,http://www.wikidata.org/entity/Q7925396,author,organization
16884,http://www.wikidata.org/entity/Q792947,university-teacher,university
16885,http://www.wikidata.org/entity/Q7931340,university-teacher,university
16887,http://www.wikidata.org/entity/Q7932260,university-teacher,education
16888,http://www.wikidata.org/entity/Q7932887,university-teacher,publisher
16889,http://www.wikidata.org/entity/Q7933788,politician,publisher
16893,http://www.wikidata.org/entity/Q79398193,writer,education
16894,http://www.wikidata.org/entity/Q794087,university-teacher,education
16897,http://www.wikidata.org/entity/Q79422020,skier,school
16898,http://www.wikidata.org/entity/Q7943157,journalist,education
16904,http://www.wikidata.org/entity/Q7945359,demographer,education
16905,http://www.wikidata.org/entity/Q794543,university-teacher,publisher
16906,http://www.wikidata.org/entity/Q79557944,university-teacher,publisher
16908,http://www.wikidata.org/entity/Q7960721,architect,education
16909,http://www.wikidata.org/entity/Q796456,writer,education
16910,http://www.wikidata.org/entity/Q7964794,university-teacher,education
16913,http://www.wikidata.org/entity/Q797638,university-teacher,education
16914,http://www.wikidata.org/entity/Q79765334,university-teacher,education
16916,http://www.wikidata.org/entity/Q7983367,university-teacher,publisher
16917,http://www.wikidata.org/entity/Q7983509,university-teacher,education
16931,http://www.wikidata.org/entity/Q8016287,university-teacher,education
16932,http://www.wikidata.org/entity/Q8017194,university-teacher,education
16936,http://www.wikidata.org/entity/Q80204846,university-teacher,publisher
16938,http://www.wikidata.org/entity/Q8022064,university-teacher,education
16939,http://www.wikidata.org/entity/Q8022579,university-teacher,publisher
16942,http://www.wikidata.org/entity/Q80231535,university-teacher,organization
16944,http://www.wikidata.org/entity/Q8041230,university-teacher,publisher
16949,http://www.wikidata.org/entity/Q8045757,university-teacher,university
16950,http://www.wikidata.org/entity/Q8046976,university-teacher,publisher
16953,http://www.wikidata.org/entity/Q8053756,university-teacher,education
16954,http://www.wikidata.org/entity/Q8054045,professor,publisher
16957,http://www.wikidata.org/entity/Q8058672,politician,publisher
16960,http://www.wikidata.org/entity/Q8071814,literary-critic,publisher
16961,http://www.wikidata.org/entity/Q807477,university-teacher,agency
16963,http://www.wikidata.org/entity/Q8079320,professor,publisher
16967,http://www.wikidata.org/entity/Q810035,political-scientist,publisher
16968,http://www.wikidata.org/entity/Q81035639,university-teacher,organization
16970,http://www.wikidata.org/entity/Q81200972,university-teacher,education
16972,http://www.wikidata.org/entity/Q81244,university-teacher,education
16974,http://www.wikidata.org/entity/Q813156,university-teacher,university
16977,http://www.wikidata.org/entity/Q817332,university-teacher,publisher
16978,http://www.wikidata.org/entity/Q817842,university-teacher,education
16980,http://www.wikidata.org/entity/Q81863909,researcher,publisher
16981,http://www.wikidata.org/entity/Q8189593,university-teacher,university
16984,http://www.wikidata.org/entity/Q81968604,political-scientist,publisher
16986,http://www.wikidata.org/entity/Q8201129,professor,publisher
16987,http://www.wikidata.org/entity/Q82025718,gerontologist,education
16989,http://www.wikidata.org/entity/Q820676,university-teacher,education
16992,http://www.wikidata.org/entity/Q823555,university-teacher,university
16994,http://www.wikidata.org/entity/Q82403,university-teacher,institution
16995,http://www.wikidata.org/entity/Q824339,journalist,other
16996,http://www.wikidata.org/entity/Q8245216,writer,education
16997,http://www.wikidata.org/entity/Q82459938,historian,organization
16998,http://www.wikidata.org/entity/Q824719,university-teacher,publisher
16999,http://www.wikidata.org/entity/Q824857,university-teacher,university
17000,http://www.wikidata.org/entity/Q8248851,politician,education
17001,http://www.wikidata.org/entity/Q825091,university-teacher,university
17003,http://www.wikidata.org/entity/Q825669,university-teacher,publisher
17005,http://www.wikidata.org/entity/Q825925,university-teacher,organization
17007,http://www.wikidata.org/entity/Q8264138,university-teacher,university
17008,http://www.wikidata.org/entity/Q82696371,university-teacher,education
17010,http://www.wikidata.org/entity/Q82706402,university-teacher,publisher
17011,http://www.wikidata.org/entity/Q82777993,university-teacher,publisher
17012,http://www.wikidata.org/entity/Q8277962,politician,publisher
17014,http://www.wikidata.org/entity/Q830284,university-teacher,education
17015,http://www.wikidata.org/entity/Q83121915,researcher,education
17017,http://www.wikidata.org/entity/Q832641,university-teacher,publisher
17019,http://www.wikidata.org/entity/Q83275,university-teacher,publisher
17021,http://www.wikidata.org/entity/Q83381957,university-teacher,education
17024,http://www.wikidata.org/entity/Q8350662,politician,university
17025,http://www.wikidata.org/entity/Q8353655,university-teacher,education
17029,http://www.wikidata.org/entity/Q83642210,university-teacher,education
17031,http://www.wikidata.org/entity/Q83688173,university-teacher,education
17033,http://www.wikidata.org/entity/Q83854945,university-teacher,university
17034,http://www.wikidata.org/entity/Q83856135,university-teacher,university
17035,http://www.wikidata.org/entity/Q838996,politician,publisher
17036,http://www.wikidata.org/entity/Q83907,political-scientist,education
17039,http://www.wikidata.org/entity/Q84081979,political-scientist,education
17041,http://www.wikidata.org/entity/Q84083852,university-teacher,publisher
17043,http://www.wikidata.org/entity/Q84167643,university-teacher,GLAM
17045,http://www.wikidata.org/entity/Q84186,writer,other
17049,http://www.wikidata.org/entity/Q84299846,university-teacher,education
17050,http://www.wikidata.org/entity/Q84319828,university-teacher,other
17051,http://www.wikidata.org/entity/Q84319832,university-teacher,publisher
17053,http://www.wikidata.org/entity/Q84352,writer,newspaper
17061,http://www.wikidata.org/entity/Q84486,university-teacher,education
17063,http://www.wikidata.org/entity/Q84551373,university-teacher,education
17064,http://www.wikidata.org/entity/Q84572502,university-teacher,university
17065,http://www.wikidata.org/entity/Q84590062,catholic-priest,education
17066,http://www.wikidata.org/entity/Q84594391,university-teacher,institute
17067,http://www.wikidata.org/entity/Q84604700,social-scientist,education
17070,http://www.wikidata.org/entity/Q84702,philosopher,publisher
17077,http://www.wikidata.org/entity/Q84761079,university-teacher,education
17080,http://www.wikidata.org/entity/Q84850654,economist,education
17081,http://www.wikidata.org/entity/Q84859275,university-teacher,education
17082,http://www.wikidata.org/entity/Q848723,university-teacher,education
17085,http://www.wikidata.org/entity/Q85027,university-teacher,education
17087,http://www.wikidata.org/entity/Q85078,historian,publisher
17093,http://www.wikidata.org/entity/Q85133769,art-historian,publisher
17095,http://www.wikidata.org/entity/Q85134006,politician,publisher
17110,http://www.wikidata.org/entity/Q85219094,university-teacher,university
17111,http://www.wikidata.org/entity/Q85261,university-teacher,institute
17112,http://www.wikidata.org/entity/Q85264,university-teacher,education
17113,http://www.wikidata.org/entity/Q85302428,university-teacher,university
17115,http://www.wikidata.org/entity/Q85394,university-teacher,education
17122,http://www.wikidata.org/entity/Q85424304,university-teacher,university
17127,http://www.wikidata.org/entity/Q85518580,university-teacher,organization
17128,http://www.wikidata.org/entity/Q85519125,university-teacher,education
17129,http://www.wikidata.org/entity/Q85521,university-teacher,organization
17137,http://www.wikidata.org/entity/Q85660177,political-scientist,university
17138,http://www.wikidata.org/entity/Q85690066,priest,publisher
17139,http://www.wikidata.org/entity/Q85738,university-teacher,publisher
17151,http://www.wikidata.org/entity/Q85866179,jurist,publisher
17158,http://www.wikidata.org/entity/Q85986557,university-teacher,publisher
17160,http://www.wikidata.org/entity/Q85988774,university-teacher,publisher
17164,http://www.wikidata.org/entity/Q862096,university-teacher,education
17169,http://www.wikidata.org/entity/Q86349852,researcher,education
17174,http://www.wikidata.org/entity/Q86444689,university-teacher,publisher
17177,http://www.wikidata.org/entity/Q86476667,researcher,publisher
17179,http://www.wikidata.org/entity/Q865201,university-teacher,education
17180,http://www.wikidata.org/entity/Q865223,university-teacher,publisher
17181,http://www.wikidata.org/entity/Q86630,university-teacher,publisher
17182,http://www.wikidata.org/entity/Q86635,university-teacher,education
17184,http://www.wikidata.org/entity/Q86700012,university-teacher,organization
17187,http://www.wikidata.org/entity/Q86829,university-teacher,university
17188,http://www.wikidata.org/entity/Q86845,university-teacher,publisher
17189,http://www.wikidata.org/entity/Q86882632,researcher,organization
17190,http://www.wikidata.org/entity/Q86887130,university-teacher,education
17191,http://www.wikidata.org/entity/Q86891186,academic,publisher
17195,http://www.wikidata.org/entity/Q87092,university-teacher,education
17199,http://www.wikidata.org/entity/Q87209,politician,publisher
17201,http://www.wikidata.org/entity/Q87262284,researcher,education
17203,http://www.wikidata.org/entity/Q87338232,university-teacher,institute
17204,http://www.wikidata.org/entity/Q87338248,university-teacher,institute
17206,http://www.wikidata.org/entity/Q87362188,political-scientist,publisher
17207,http://www.wikidata.org/entity/Q87400380,university-teacher,publisher
17212,http://www.wikidata.org/entity/Q87401229,university-teacher,publisher
17213,http://www.wikidata.org/entity/Q87401243,university-teacher,publisher
17218,http://www.wikidata.org/entity/Q87426661,researcher,publisher
17219,http://www.wikidata.org/entity/Q87441906,university-teacher,university
17223,http://www.wikidata.org/entity/Q87485421,university-teacher,education
17225,http://www.wikidata.org/entity/Q87598257,researcher,publisher
17226,http://www.wikidata.org/entity/Q87617118,researcher,university
17228,http://www.wikidata.org/entity/Q8772477,university-teacher,publisher
17229,http://www.wikidata.org/entity/Q87735539,university-teacher,education
17230,http://www.wikidata.org/entity/Q87739444,university-teacher,education
17235,http://www.wikidata.org/entity/Q87767,university-teacher,publisher
17237,http://www.wikidata.org/entity/Q87820,university-teacher,agency
17242,http://www.wikidata.org/entity/Q88009422,researcher,publisher
17243,http://www.wikidata.org/entity/Q88019354,university-teacher,university
17246,http://www.wikidata.org/entity/Q88078369,academic,publisher
17248,http://www.wikidata.org/entity/Q88124035,researcher,organization
17249,http://www.wikidata.org/entity/Q88176302,university-teacher,publisher
17250,http://www.wikidata.org/entity/Q88189654,demographer,education
17256,http://www.wikidata.org/entity/Q88294042,university-teacher,organization
17257,http://www.wikidata.org/entity/Q88322416,university-teacher,education
17259,http://www.wikidata.org/entity/Q88340566,university-teacher,education
17262,http://www.wikidata.org/entity/Q88427,politician,publisher
17263,http://www.wikidata.org/entity/Q88460217,university-teacher,education
17264,http://www.wikidata.org/entity/Q88462843,university-teacher,publisher
17268,http://www.wikidata.org/entity/Q88557841,university-teacher,publisher
17271,http://www.wikidata.org/entity/Q88580987,university-teacher,university
17273,http://www.wikidata.org/entity/Q88654,university-teacher,publisher
17274,http://www.wikidata.org/entity/Q88663092,gerontologist,education
17275,http://www.wikidata.org/entity/Q88717165,researcher,publisher
17279,http://www.wikidata.org/entity/Q88795564,university-teacher,education
17280,http://www.wikidata.org/entity/Q888009,university-teacher,education
17283,http://www.wikidata.org/entity/Q88878,university-teacher,education
17285,http://www.wikidata.org/entity/Q88896328,university-teacher,education
17288,http://www.wikidata.org/entity/Q89006761,theologian,university
17290,http://www.wikidata.org/entity/Q89030233,university-teacher,university
17291,http://www.wikidata.org/entity/Q890411,university-teacher,agency
17293,http://www.wikidata.org/entity/Q89057104,university-teacher,publisher
17296,http://www.wikidata.org/entity/Q89100633,researcher,publisher
17297,http://www.wikidata.org/entity/Q891013,university-teacher,publisher
17299,http://www.wikidata.org/entity/Q8915442,university-teacher,education
17300,http://www.wikidata.org/entity/Q891708,university-teacher,publisher
17302,http://www.wikidata.org/entity/Q89182504,university-teacher,education
17303,http://www.wikidata.org/entity/Q89189554,academic,publisher
17304,http://www.wikidata.org/entity/Q89189708,university-teacher,education
17309,http://www.wikidata.org/entity/Q8933458,university-teacher,publisher
17310,http://www.wikidata.org/entity/Q89348969,university-teacher,education
17315,http://www.wikidata.org/entity/Q89404,writer,other
17318,http://www.wikidata.org/entity/Q89410064,writer,university
17321,http://www.wikidata.org/entity/Q89493,university-teacher,education
17323,http://www.wikidata.org/entity/Q89512,university-teacher,university
17324,http://www.wikidata.org/entity/Q8954159,university-teacher,publisher
17325,http://www.wikidata.org/entity/Q89546346,university-teacher,organization
17327,http://www.wikidata.org/entity/Q89599810,writer,publisher
17329,http://www.wikidata.org/entity/Q89618,pubblicista-journalist,organization
17330,http://www.wikidata.org/entity/Q8962082,university-teacher,publisher
17331,http://www.wikidata.org/entity/Q8962406,writer,publisher
17332,http://www.wikidata.org/entity/Q89624365,university-teacher,publisher
17334,http://www.wikidata.org/entity/Q8963215,university-teacher,publisher
17335,http://www.wikidata.org/entity/Q89668,university-teacher,publisher
17343,http://www.wikidata.org/entity/Q89804675,educator,education
17347,http://www.wikidata.org/entity/Q8988115,university-teacher,education
17353,http://www.wikidata.org/entity/Q89909142,university-teacher,education
17354,http://www.wikidata.org/entity/Q89909143,university-teacher,education
17355,http://www.wikidata.org/entity/Q89919050,university-teacher,university
17356,http://www.wikidata.org/entity/Q89921170,university-teacher,publisher
17357,http://www.wikidata.org/entity/Q89977292,university-teacher,publisher
17358,http://www.wikidata.org/entity/Q89980347,researcher,academy
17360,http://www.wikidata.org/entity/Q89990,university-teacher,publisher
17362,http://www.wikidata.org/entity/Q9008084,politician,publisher
17363,http://www.wikidata.org/entity/Q9009149,university-teacher,publisher
17365,http://www.wikidata.org/entity/Q9011634,professor,education
17368,http://www.wikidata.org/entity/Q901526,writer,publisher
17369,http://www.wikidata.org/entity/Q90181,university-teacher,publisher
17372,http://www.wikidata.org/entity/Q9025490,university-teacher,education
17373,http://www.wikidata.org/entity/Q90260648,university-teacher,publisher
17374,http://www.wikidata.org/entity/Q90262057,university-teacher,publisher
17376,http://www.wikidata.org/entity/Q90279865,university-teacher,publisher
17381,http://www.wikidata.org/entity/Q90409167,university-teacher,institute
17382,http://www.wikidata.org/entity/Q90422187,university-teacher,education
17383,http://www.wikidata.org/entity/Q90433,university-teacher,college
17387,http://www.wikidata.org/entity/Q905212,university-teacher,other
17390,http://www.wikidata.org/entity/Q9058204,university-teacher,education
17391,http://www.wikidata.org/entity/Q90597592,scientist,education
17392,http://www.wikidata.org/entity/Q9061,writer,newspaper
17394,http://www.wikidata.org/entity/Q9062881,psychologist,education
17396,http://www.wikidata.org/entity/Q90680836,university-teacher,education
17399,http://www.wikidata.org/entity/Q9072105,anthropologist,agency
17401,http://www.wikidata.org/entity/Q90784664,university-teacher,education
17407,http://www.wikidata.org/entity/Q90861,university-teacher,education
17408,http://www.wikidata.org/entity/Q90861514,university-teacher,university
17411,http://www.wikidata.org/entity/Q91016567,university-teacher,education
17413,http://www.wikidata.org/entity/Q91059,university-teacher,education
17414,http://www.wikidata.org/entity/Q91074,university-teacher,university
17417,http://www.wikidata.org/entity/Q91109,university-teacher,organization
17419,http://www.wikidata.org/entity/Q91161794,university-teacher,university
17423,http://www.wikidata.org/entity/Q91236165,psychologist,education
17424,http://www.wikidata.org/entity/Q91245169,university-teacher,education
17425,http://www.wikidata.org/entity/Q91252879,university-teacher,publisher
17427,http://www.wikidata.org/entity/Q91321995,university-teacher,university
17428,http://www.wikidata.org/entity/Q91332767,anthropologist,organization
17429,http://www.wikidata.org/entity/Q91340751,university-teacher,education
17430,http://www.wikidata.org/entity/Q91356146,university-teacher,education
17432,http://www.wikidata.org/entity/Q9139348,university-teacher,publisher
17433,http://www.wikidata.org/entity/Q9139643,researcher,other
17434,http://www.wikidata.org/entity/Q9139703,politician,university
17435,http://www.wikidata.org/entity/Q9139917,historian,institute
17440,http://www.wikidata.org/entity/Q914428,philosopher,education
17442,http://www.wikidata.org/entity/Q9144710,university-teacher,institute
17443,http://www.wikidata.org/entity/Q91448,university-teacher,education
17444,http://www.wikidata.org/entity/Q9145117,researcher,organization
17445,http://www.wikidata.org/entity/Q9145656,historian,publisher
17447,http://www.wikidata.org/entity/Q9146168,university-teacher,publisher
17448,http://www.wikidata.org/entity/Q9146549,university-teacher,university
17450,http://www.wikidata.org/entity/Q9147100,university-teacher,education
17453,http://www.wikidata.org/entity/Q9148165,university-teacher,education
17455,http://www.wikidata.org/entity/Q9151991,university-teacher,university
17456,http://www.wikidata.org/entity/Q9152157,film-scholar,publisher
17457,http://www.wikidata.org/entity/Q9152704,university-teacher,publisher
17459,http://www.wikidata.org/entity/Q9152997,university-teacher,university
17461,http://www.wikidata.org/entity/Q9153245,university-teacher,university
17464,http://www.wikidata.org/entity/Q9153476,university-teacher,publisher
17468,http://www.wikidata.org/entity/Q9153995,university-teacher,university
17469,http://www.wikidata.org/entity/Q9154157,university-teacher,publisher
17472,http://www.wikidata.org/entity/Q9155603,politician,other
17473,http://www.wikidata.org/entity/Q9155745,writer,publisher
17474,http://www.wikidata.org/entity/Q91566605,university-teacher,university
17476,http://www.wikidata.org/entity/Q9157436,university-teacher,university
17477,http://www.wikidata.org/entity/Q9160077,university-teacher,publisher
17479,http://www.wikidata.org/entity/Q916122,university-teacher,university
17483,http://www.wikidata.org/entity/Q9165346,psychologist,institute
17484,http://www.wikidata.org/entity/Q9165355,anthropologist,publisher
17487,http://www.wikidata.org/entity/Q9165602,university-teacher,university
17490,http://www.wikidata.org/entity/Q91701190,university-teacher,education
17492,http://www.wikidata.org/entity/Q9175232,political-scientist,institute
17497,http://www.wikidata.org/entity/Q91780,university-teacher,education
17499,http://www.wikidata.org/entity/Q9179828,university-teacher,education
17501,http://www.wikidata.org/entity/Q91814406,researcher,education
17504,http://www.wikidata.org/entity/Q91873671,researcher,university
17505,http://www.wikidata.org/entity/Q919081,university-teacher,education
17506,http://www.wikidata.org/entity/Q91952,university-teacher,publisher
17508,http://www.wikidata.org/entity/Q91963702,university-teacher,education
17509,http://www.wikidata.org/entity/Q91979723,researcher,publisher
17512,http://www.wikidata.org/entity/Q9202001,historian,university
17513,http://www.wikidata.org/entity/Q9202037,university-teacher,publisher
17514,http://www.wikidata.org/entity/Q920421,university-teacher,education
17515,http://www.wikidata.org/entity/Q92054267,university-teacher,institute
17516,http://www.wikidata.org/entity/Q920633,university-teacher,education
17517,http://www.wikidata.org/entity/Q920758,university-teacher,education
17518,http://www.wikidata.org/entity/Q920869,university-teacher,education
17520,http://www.wikidata.org/entity/Q92094965,university-teacher,publisher
17524,http://www.wikidata.org/entity/Q92147,university-teacher,publisher
17532,http://www.wikidata.org/entity/Q92270009,university-teacher,education
17535,http://www.wikidata.org/entity/Q92394,psychologist,university
17538,http://www.wikidata.org/entity/Q92455,university-teacher,publisher
17540,http://www.wikidata.org/entity/Q92513,university-teacher,publisher
17541,http://www.wikidata.org/entity/Q925289,university-teacher,university
17542,http://www.wikidata.org/entity/Q9253107,pedagogue,publisher
17544,http://www.wikidata.org/entity/Q9256795,university-teacher,university
17548,http://www.wikidata.org/entity/Q92596166,civil-servant,agency
17549,http://www.wikidata.org/entity/Q926000,writer,university
17552,http://www.wikidata.org/entity/Q9267453,researcher,publisher
17554,http://www.wikidata.org/entity/Q92699661,researcher,publisher
17556,http://www.wikidata.org/entity/Q9276111,university-teacher,university
17557,http://www.wikidata.org/entity/Q92784033,research-professor,publisher
17558,http://www.wikidata.org/entity/Q927879,engineer,education
17559,http://www.wikidata.org/entity/Q927887,university-teacher,education
17561,http://www.wikidata.org/entity/Q9281964,university-teacher,publisher
17562,http://www.wikidata.org/entity/Q928356,university-teacher,publisher
17563,http://www.wikidata.org/entity/Q92854300,university-teacher,education
17564,http://www.wikidata.org/entity/Q928571,university-teacher,education
17566,http://www.wikidata.org/entity/Q9287311,historian,institute
17567,http://www.wikidata.org/entity/Q9287934,university-teacher,education
17569,http://www.wikidata.org/entity/Q92933336,university-teacher,education
17570,http://www.wikidata.org/entity/Q929770,university-teacher,education
17572,http://www.wikidata.org/entity/Q930197,university-teacher,education
17573,http://www.wikidata.org/entity/Q93022191,university-teacher,university
17574,http://www.wikidata.org/entity/Q9302587,university-teacher,institute
17575,http://www.wikidata.org/entity/Q9302626,university-teacher,education
17576,http://www.wikidata.org/entity/Q93043203,university-teacher,publisher
17579,http://www.wikidata.org/entity/Q93077882,director-of-research-at-cnrs,publisher
17582,http://www.wikidata.org/entity/Q93111803,university-teacher,university
17583,http://www.wikidata.org/entity/Q9311348,university-teacher,university
17585,http://www.wikidata.org/entity/Q9312260,catholic-priest,university
17586,http://www.wikidata.org/entity/Q93146591,university-teacher,organization
17589,http://www.wikidata.org/entity/Q93220280,university-teacher,university
17590,http://www.wikidata.org/entity/Q93220468,university-teacher,organization
17592,http://www.wikidata.org/entity/Q93221104,university-teacher,organization
17594,http://www.wikidata.org/entity/Q93221337,university-teacher,publisher
17596,http://www.wikidata.org/entity/Q93221430,university-teacher,publisher
17602,http://www.wikidata.org/entity/Q93221920,university-teacher,publisher
17609,http://www.wikidata.org/entity/Q932276,film-director,institute
17612,http://www.wikidata.org/entity/Q93229069,university-teacher,publisher
17615,http://www.wikidata.org/entity/Q93229490,university-teacher,publisher
17617,http://www.wikidata.org/entity/Q93230722,university-teacher,education
17618,http://www.wikidata.org/entity/Q93230730,university-teacher,publisher
17623,http://www.wikidata.org/entity/Q93232223,university-teacher,university
17624,http://www.wikidata.org/entity/Q93232629,university-teacher,publisher
17625,http://www.wikidata.org/entity/Q93232698,university-teacher,publisher
17626,http://www.wikidata.org/entity/Q93232871,media-scholar,university
17632,http://www.wikidata.org/entity/Q93234112,university-teacher,publisher
17634,http://www.wikidata.org/entity/Q93234345,researcher,organization
17635,http://www.wikidata.org/entity/Q93234487,university-teacher,university
17643,http://www.wikidata.org/entity/Q93238994,university-teacher,university
17646,http://www.wikidata.org/entity/Q93239925,translator,education
17652,http://www.wikidata.org/entity/Q93241142,university-teacher,other
17654,http://www.wikidata.org/entity/Q93241435,university-teacher,publisher
17655,http://www.wikidata.org/entity/Q93241610,university-teacher,university
17656,http://www.wikidata.org/entity/Q93241623,university-teacher,publisher
17658,http://www.wikidata.org/entity/Q93242044,writer,education
17662,http://www.wikidata.org/entity/Q93243905,university-teacher,university
17664,http://www.wikidata.org/entity/Q93245679,university-teacher,education
17677,http://www.wikidata.org/entity/Q93250278,university-teacher,education
17678,http://www.wikidata.org/entity/Q93250616,university-teacher,organization
17680,http://www.wikidata.org/entity/Q9325088,poet,publisher
17681,http://www.wikidata.org/entity/Q93250892,university-teacher,publisher
17683,http://www.wikidata.org/entity/Q932517,university-teacher,education
17686,http://www.wikidata.org/entity/Q93252045,university-teacher,publisher
17696,http://www.wikidata.org/entity/Q93262307,university-teacher,GLAM
17698,http://www.wikidata.org/entity/Q93263237,researcher,education
17702,http://www.wikidata.org/entity/Q93268588,university-teacher,education
17708,http://www.wikidata.org/entity/Q93287499,university-teacher,publisher
17711,http://www.wikidata.org/entity/Q93370445,university-teacher,publisher
17712,http://www.wikidata.org/entity/Q93370788,university-teacher,education
17713,http://www.wikidata.org/entity/Q93371067,writer,publisher
17714,http://www.wikidata.org/entity/Q93371491,university-teacher,university
17721,http://www.wikidata.org/entity/Q9338481,ethnographer,university
17725,http://www.wikidata.org/entity/Q93386311,university-teacher,education
17726,http://www.wikidata.org/entity/Q93386357,university-teacher,university
17729,http://www.wikidata.org/entity/Q93386832,university-teacher,education
17730,http://www.wikidata.org/entity/Q93397,university-teacher,university
17735,http://www.wikidata.org/entity/Q9342167,basketball-player,university
17736,http://www.wikidata.org/entity/Q9342197,university-teacher,school
17737,http://www.wikidata.org/entity/Q9342338,university-teacher,publisher
17738,http://www.wikidata.org/entity/Q9342429,political-scientist,education
17740,http://www.wikidata.org/entity/Q9342609,political-scientist,publisher
17742,http://www.wikidata.org/entity/Q9342650,professor,university
17746,http://www.wikidata.org/entity/Q9342825,economist,GLAM
17747,http://www.wikidata.org/entity/Q93428380,university-teacher,education
17756,http://www.wikidata.org/entity/Q9343172,historian,publisher
17761,http://www.wikidata.org/entity/Q93432013,university-teacher,education
17762,http://www.wikidata.org/entity/Q93432132,university-teacher,education
17765,http://www.wikidata.org/entity/Q93433653,university-teacher,publisher
17766,http://www.wikidata.org/entity/Q93433865,university-teacher,organization
17771,http://www.wikidata.org/entity/Q93435829,university-teacher,education
17772,http://www.wikidata.org/entity/Q9345357,university-teacher,institution
17776,http://www.wikidata.org/entity/Q9353175,philosopher,institute
17779,http://www.wikidata.org/entity/Q9354056,philosopher,organization
17780,http://www.wikidata.org/entity/Q9354151,diplomat,other
17781,http://www.wikidata.org/entity/Q9354192,religious-studies-scholar,university
17782,http://www.wikidata.org/entity/Q9354285,university-teacher,publisher
17787,http://www.wikidata.org/entity/Q93582738,researcher,publisher
17789,http://www.wikidata.org/entity/Q9359741,opinion-journalist,publisher
17790,http://www.wikidata.org/entity/Q9359850,university-teacher,university
17793,http://www.wikidata.org/entity/Q9367161,journalist,agency
17794,http://www.wikidata.org/entity/Q9367670,politician,enterprise
17796,http://www.wikidata.org/entity/Q9370197,anthropologist,publisher
17797,http://www.wikidata.org/entity/Q9370713,university-teacher,publisher
17799,http://www.wikidata.org/entity/Q937287,university-teacher,university
17800,http://www.wikidata.org/entity/Q9373478,university-teacher,university
17803,http://www.wikidata.org/entity/Q9373654,statistician,other
17806,http://www.wikidata.org/entity/Q9374112,writer,education
17809,http://www.wikidata.org/entity/Q9376387,anthropologist,university
17811,http://www.wikidata.org/entity/Q9376417,university-teacher,university
17812,http://www.wikidata.org/entity/Q9376844,university-teacher,publisher
17814,http://www.wikidata.org/entity/Q9377990,university-teacher,university
17815,http://www.wikidata.org/entity/Q93781,university-teacher,education
17818,http://www.wikidata.org/entity/Q9382079,historian,education
17819,http://www.wikidata.org/entity/Q9382154,university-teacher,publisher
17820,http://www.wikidata.org/entity/Q9382205,economist,university
17821,http://www.wikidata.org/entity/Q9382209,university-teacher,university
17823,http://www.wikidata.org/entity/Q9382775,university-teacher,publisher
17825,http://www.wikidata.org/entity/Q9382864,university-teacher,publisher
17827,http://www.wikidata.org/entity/Q9387,university-teacher,publisher
17828,http://www.wikidata.org/entity/Q9387884,university-teacher,university
17830,http://www.wikidata.org/entity/Q9388363,university-teacher,publisher
17832,http://www.wikidata.org/entity/Q9388800,university-teacher,publisher
17833,http://www.wikidata.org/entity/Q9389714,university-teacher,university
17834,http://www.wikidata.org/entity/Q9389868,historian,university
17835,http://www.wikidata.org/entity/Q9392939,anthropologist,university
17836,http://www.wikidata.org/entity/Q93975998,writer,publisher
17838,http://www.wikidata.org/entity/Q94018,university-teacher,education
17839,http://www.wikidata.org/entity/Q94037,psychologist,education
17840,http://www.wikidata.org/entity/Q940513,psychologist,education
17841,http://www.wikidata.org/entity/Q940847,university-teacher,university
17842,http://www.wikidata.org/entity/Q940942,politician,publisher
17843,http://www.wikidata.org/entity/Q94096883,historian,university
17848,http://www.wikidata.org/entity/Q94125799,educator,agency
17850,http://www.wikidata.org/entity/Q941440,university-teacher,publisher
17852,http://www.wikidata.org/entity/Q942492,university-teacher,publisher
17854,http://www.wikidata.org/entity/Q943311,university-teacher,education
17855,http://www.wikidata.org/entity/Q943567,university-teacher,education
17862,http://www.wikidata.org/entity/Q94406704,psychiatrist,education
17864,http://www.wikidata.org/entity/Q94418204,university-teacher,publisher
17866,http://www.wikidata.org/entity/Q94449455,professor,education
17868,http://www.wikidata.org/entity/Q94506146,university-teacher,education
17875,http://www.wikidata.org/entity/Q945597,university-teacher,newspaper
17877,http://www.wikidata.org/entity/Q94619884,university-teacher,education
17889,http://www.wikidata.org/entity/Q94713484,university-teacher,education
17890,http://www.wikidata.org/entity/Q94719146,university-teacher,school
17909,http://www.wikidata.org/entity/Q94788951,university-teacher,education
17932,http://www.wikidata.org/entity/Q948713,university-teacher,organization
17934,http://www.wikidata.org/entity/Q94877366,author,other
17976,http://www.wikidata.org/entity/Q950635,university-teacher,publisher
17996,http://www.wikidata.org/entity/Q95083155,university-teacher,publisher
17999,http://www.wikidata.org/entity/Q95086506,philosopher,institute
18021,http://www.wikidata.org/entity/Q95115397,university-teacher,agency
18033,http://www.wikidata.org/entity/Q95137218,university-teacher,publisher
18068,http://www.wikidata.org/entity/Q95152171,university-teacher,publisher
18093,http://www.wikidata.org/entity/Q95163543,university-teacher,publisher
18094,http://www.wikidata.org/entity/Q95163554,demographer,publisher
18111,http://www.wikidata.org/entity/Q95168265,university-teacher,education
18116,http://www.wikidata.org/entity/Q95169205,jurist,education
18146,http://www.wikidata.org/entity/Q95176699,university-teacher,education
18160,http://www.wikidata.org/entity/Q95178928,lecturer,publisher
18225,http://www.wikidata.org/entity/Q95202672,university-teacher,education
18226,http://www.wikidata.org/entity/Q95203022,author,publisher
18281,http://www.wikidata.org/entity/Q95215324,economist,publisher
18294,http://www.wikidata.org/entity/Q95221030,political-scientist,publisher
18302,http://www.wikidata.org/entity/Q95222798,historian,publisher
18307,http://www.wikidata.org/entity/Q95225437,historian,education
18313,http://www.wikidata.org/entity/Q95226798,university-teacher,institute
18333,http://www.wikidata.org/entity/Q95235273,historian,university
18357,http://www.wikidata.org/entity/Q95245287,university-teacher,publisher
18364,http://www.wikidata.org/entity/Q95245730,university-teacher,publisher
18377,http://www.wikidata.org/entity/Q95253968,urban-planner,university
18418,http://www.wikidata.org/entity/Q95304344,historian,institute
18459,http://www.wikidata.org/entity/Q95317269,political-scientist,school
18464,http://www.wikidata.org/entity/Q95318700,professor,education
18473,http://www.wikidata.org/entity/Q95321260,writer,organization
18477,http://www.wikidata.org/entity/Q95322917,historian,institute
18512,http://www.wikidata.org/entity/Q95333492,university-teacher,publisher
18515,http://www.wikidata.org/entity/Q95334450,historian,publisher
18524,http://www.wikidata.org/entity/Q95336557,political-scientist,education
18553,http://www.wikidata.org/entity/Q95344615,scientist,publisher
18582,http://www.wikidata.org/entity/Q95371000,university-teacher,publisher
18590,http://www.wikidata.org/entity/Q95375886,pedagogue,university
18629,http://www.wikidata.org/entity/Q95396018,university-teacher,university
18639,http://www.wikidata.org/entity/Q954305,university-teacher,education
18649,http://www.wikidata.org/entity/Q95440469,university-teacher,publisher
18661,http://www.wikidata.org/entity/Q95445853,university-teacher,publisher
18703,http://www.wikidata.org/entity/Q95477926,economist,publisher
18705,http://www.wikidata.org/entity/Q95480028,political-scientist,publisher
18714,http://www.wikidata.org/entity/Q95485096,editing-staff,publisher
18727,http://www.wikidata.org/entity/Q95630684,university-teacher,education
18729,http://www.wikidata.org/entity/Q957435,philosopher,publisher
18730,http://www.wikidata.org/entity/Q95748775,university-teacher,university
18741,http://www.wikidata.org/entity/Q95907029,journalist,other
18746,http://www.wikidata.org/entity/Q95984766,professor,education
18747,http://www.wikidata.org/entity/Q96001277,professor,education
18748,http://www.wikidata.org/entity/Q96003081,university-teacher,education
18749,http://www.wikidata.org/entity/Q960081,university-teacher,education
18750,http://www.wikidata.org/entity/Q96025709,university-teacher,publisher
18751,http://www.wikidata.org/entity/Q960310,university-teacher,institute
18753,http://www.wikidata.org/entity/Q96093337,university-teacher,education
18754,http://www.wikidata.org/entity/Q96094621,psychologist,other
18758,http://www.wikidata.org/entity/Q96114,university-teacher,publisher
18759,http://www.wikidata.org/entity/Q96121731,university-teacher,university
18761,http://www.wikidata.org/entity/Q96146391,university-teacher,education
18762,http://www.wikidata.org/entity/Q96166036,university-teacher,education
18764,http://www.wikidata.org/entity/Q96180479,university-teacher,education
18768,http://www.wikidata.org/entity/Q962030,statistician,education
18771,http://www.wikidata.org/entity/Q96221868,university-teacher,university
18773,http://www.wikidata.org/entity/Q96245571,university-teacher,publisher
18774,http://www.wikidata.org/entity/Q96249035,university-teacher,publisher
18776,http://www.wikidata.org/entity/Q96266636,university-teacher,publisher
18777,http://www.wikidata.org/entity/Q962698,writer,education
18780,http://www.wikidata.org/entity/Q963642,university-teacher,publisher
18783,http://www.wikidata.org/entity/Q963920,writer,university
18784,http://www.wikidata.org/entity/Q96410,university-teacher,publisher
18785,http://www.wikidata.org/entity/Q96413,university-teacher,education
18786,http://www.wikidata.org/entity/Q96425,university-teacher,publisher
18787,http://www.wikidata.org/entity/Q96473499,historian,university
18790,http://www.wikidata.org/entity/Q96620406,librarian,other
18791,http://www.wikidata.org/entity/Q96625591,university-teacher,education
18792,http://www.wikidata.org/entity/Q96626900,writer,organization
18795,http://www.wikidata.org/entity/Q96657,writer,publisher
18797,http://www.wikidata.org/entity/Q96678356,university-teacher,education
18798,http://www.wikidata.org/entity/Q96679249,historian,university
18800,http://www.wikidata.org/entity/Q96741667,researcher,education
18802,http://www.wikidata.org/entity/Q96757482,university-teacher,publisher
18803,http://www.wikidata.org/entity/Q96761312,university-teacher,education
18804,http://www.wikidata.org/entity/Q96762458,economist,institute
18805,http://www.wikidata.org/entity/Q96768135,university-teacher,education
18806,http://www.wikidata.org/entity/Q967777,university-teacher,education
18808,http://www.wikidata.org/entity/Q96792,university-teacher,university
18810,http://www.wikidata.org/entity/Q96807,university-teacher,education
18811,http://www.wikidata.org/entity/Q968139,university-teacher,education
18812,http://www.wikidata.org/entity/Q968167,writer,academy
18813,http://www.wikidata.org/entity/Q968276,university-teacher,education
18821,http://www.wikidata.org/entity/Q970013,university-teacher,agency
18832,http://www.wikidata.org/entity/Q970943,university-teacher,education
18833,http://www.wikidata.org/entity/Q97102026,university-teacher,institute
18836,http://www.wikidata.org/entity/Q97154084,academic,education
18837,http://www.wikidata.org/entity/Q97157509,university-teacher,university
18838,http://www.wikidata.org/entity/Q971600,university-teacher,education
18842,http://www.wikidata.org/entity/Q971756,university-teacher,education
18852,http://www.wikidata.org/entity/Q972233,university-teacher,institute
18854,http://www.wikidata.org/entity/Q97232,university-teacher,education
18855,http://www.wikidata.org/entity/Q97246,university-teacher,university
18856,http://www.wikidata.org/entity/Q97274220,university-teacher,publisher
18860,http://www.wikidata.org/entity/Q97314993,university-teacher,university
18862,http://www.wikidata.org/entity/Q973276,university-teacher,education
18863,http://www.wikidata.org/entity/Q973306,university-teacher,publisher
18864,http://www.wikidata.org/entity/Q97369408,psychologist,education
18865,http://www.wikidata.org/entity/Q97370361,university-teacher,education
18867,http://www.wikidata.org/entity/Q97372234,university-teacher,education
18869,http://www.wikidata.org/entity/Q97372585,university-teacher,publisher
18870,http://www.wikidata.org/entity/Q973835,university-teacher,education
18876,http://www.wikidata.org/entity/Q97523,university-teacher,university
18877,http://www.wikidata.org/entity/Q97556323,university-teacher,institution
18879,http://www.wikidata.org/entity/Q975873,pedagogue,publisher
18880,http://www.wikidata.org/entity/Q97593455,university-teacher,publisher
18882,http://www.wikidata.org/entity/Q976109,university-teacher,university
18883,http://www.wikidata.org/entity/Q97622183,university-teacher,education
18885,http://www.wikidata.org/entity/Q97652353,philosopher,education
18886,http://www.wikidata.org/entity/Q97684903,university-teacher,publisher
18887,http://www.wikidata.org/entity/Q97688979,university-teacher,publisher
18888,http://www.wikidata.org/entity/Q97691098,university-teacher,publisher
18890,http://www.wikidata.org/entity/Q976971,university-teacher,education
18892,http://www.wikidata.org/entity/Q977118,writer,education
18893,http://www.wikidata.org/entity/Q977425,university-teacher,education
18895,http://www.wikidata.org/entity/Q978240,university-teacher,university
18896,http://www.wikidata.org/entity/Q97831277,pollster,organization
18898,http://www.wikidata.org/entity/Q97915,university-teacher,publisher
18907,http://www.wikidata.org/entity/Q97977,university-teacher,institute
18908,http://www.wikidata.org/entity/Q98004,university-teacher,institute
18911,http://www.wikidata.org/entity/Q98069930,politician,publisher
18912,http://www.wikidata.org/entity/Q98073684,economist,education
18914,http://www.wikidata.org/entity/Q98109712,university-teacher,publisher
18916,http://www.wikidata.org/entity/Q98113098,writer,institute
18917,http://www.wikidata.org/entity/Q98119446,university-teacher,organization
18918,http://www.wikidata.org/entity/Q98122527,university-teacher,university
18919,http://www.wikidata.org/entity/Q98124761,university-teacher,publisher
18920,http://www.wikidata.org/entity/Q981280,university-teacher,college
18924,http://www.wikidata.org/entity/Q981936,university-teacher,education
18928,http://www.wikidata.org/entity/Q98237478,politician,education
18929,http://www.wikidata.org/entity/Q982656,university-teacher,education
18930,http://www.wikidata.org/entity/Q98298397,politician,university
18931,http://www.wikidata.org/entity/Q98304,university-teacher,agency
18932,http://www.wikidata.org/entity/Q98383,university-teacher,institute
18933,http://www.wikidata.org/entity/Q98385379,university-teacher,publisher
18934,http://www.wikidata.org/entity/Q98394980,university-teacher,publisher
18936,http://www.wikidata.org/entity/Q98400143,university-teacher,publisher
18938,http://www.wikidata.org/entity/Q98420424,university-teacher,publisher
18939,http://www.wikidata.org/entity/Q98423689,university-teacher,publisher
18946,http://www.wikidata.org/entity/Q98660550,anthropologist,education
18948,http://www.wikidata.org/entity/Q98660807,researcher,education
18950,http://www.wikidata.org/entity/Q98675312,university-teacher,publisher
18951,http://www.wikidata.org/entity/Q98690753,university-teacher,education
18957,http://www.wikidata.org/entity/Q98800,professor,university
18959,http://www.wikidata.org/entity/Q98812,university-teacher,education
18963,http://www.wikidata.org/entity/Q98834139,political-scientist,publisher
18978,http://www.wikidata.org/entity/Q98959327,writer,publisher
18980,http://www.wikidata.org/entity/Q98989,university-teacher,publisher
18981,http://www.wikidata.org/entity/Q99034287,professor,education
18983,http://www.wikidata.org/entity/Q99042,university-teacher,publisher
18984,http://www.wikidata.org/entity/Q990849,teacher,education
18987,http://www.wikidata.org/entity/Q99162532,director-of-research-at-cnrs,publisher
18992,http://www.wikidata.org/entity/Q99237828,economist,university
18993,http://www.wikidata.org/entity/Q99240687,university-teacher,institute
18994,http://www.wikidata.org/entity/Q99306,journalist,university
18997,http://www.wikidata.org/entity/Q99332,social-scientist,college
18998,http://www.wikidata.org/entity/Q993340,university-teacher,university
19000,http://www.wikidata.org/entity/Q99352321,university-teacher,publisher
19001,http://www.wikidata.org/entity/Q99352610,university-teacher,education
19002,http://www.wikidata.org/entity/Q99367,university-teacher,agency
19004,http://www.wikidata.org/entity/Q99369611,university-teacher,education
19005,http://www.wikidata.org/entity/Q99381,university-teacher,university
19006,http://www.wikidata.org/entity/Q99385022,university-teacher,publisher
19009,http://www.wikidata.org/entity/Q99514757,university-teacher,publisher
19010,http://www.wikidata.org/entity/Q99519280,university-teacher,publisher
19012,http://www.wikidata.org/entity/Q99528635,university-teacher,publisher
19016,http://www.wikidata.org/entity/Q995457,university-teacher,publisher
19020,http://www.wikidata.org/entity/Q99615917,university-teacher,education
19022,http://www.wikidata.org/entity/Q99624,university-teacher,education
19023,http://www.wikidata.org/entity/Q99630178,university-teacher,university
19025,http://www.wikidata.org/entity/Q99692958,university-teacher,organization
19031,http://www.wikidata.org/entity/Q99744923,university-teacher,publisher
19042,http://www.wikidata.org/entity/Q99973600,researcher,publisher
